{
"type": "FeatureCollection",
"name": "uga_water",
"crs": { "type": "name", "properties": { "name": "urn:ogc:def:crs:OGC:1.3:CRS84" } },
"features": [
{ "type": "Feature", "properties": { "ISO": "UGA", "COUNTRY": "Uganda", "F_CODE_DES": "Inland Water", "HYC_DESCRI": "Perennial/Permanent", "NAME": "LAKE BISINA" }, "geometry": { "type": "Polygon", "coordinates": [ [ [ 34.070175419840552, 1.662392976027604 ], [ 34.076610419846702, 1.656917976022669 ], [ 34.093338419862221, 1.651507976017683 ], [ 34.096332419865121, 1.647848976014075 ], [ 34.097072419865754, 1.639118976006102 ], [ 34.096416419865136, 1.634746976001907 ], [ 34.093921419862681, 1.6310529759985 ], [ 34.085018419854578, 1.628926975996592 ], [ 34.071979419842364, 1.629991975997427 ], [ 34.067855419838452, 1.631574975999001 ], [ 34.055908419827347, 1.640691976007474 ], [ 34.037384419810223, 1.641261976008082 ], [ 34.020938419794902, 1.646425976012779 ], [ 34.017009419791066, 1.645496976012055 ], [ 34.013595419787862, 1.642715976009413 ], [ 34.010864419785321, 1.637936976004994 ], [ 34.010429419784941, 1.637178976004179 ], [ 34.008236419783088, 1.622911975990974 ], [ 33.999767419775026, 1.624005975992077 ], [ 33.994537419770268, 1.620063975988387 ], [ 33.988807419764953, 1.622094975990194 ], [ 33.98469141976102, 1.621837975990047 ], [ 33.982196419758793, 1.61906297598739 ], [ 33.981548419758155, 1.612851975981584 ], [ 33.984192419760575, 1.592870975963024 ], [ 33.981262419757968, 1.589387975959653 ], [ 33.980110419756784, 1.588016975958453 ], [ 33.975048419752056, 1.589155975959557 ], [ 33.974155419751241, 1.589356975959618 ], [ 33.964004419741741, 1.603541975972803 ], [ 33.961731419739635, 1.601687975971117 ], [ 33.961757419739797, 1.597320975967023 ], [ 33.960174419738223, 1.594551975964578 ], [ 33.955619419733921, 1.591993975962168 ], [ 33.951274419729998, 1.592194975962229 ], [ 33.934066419713872, 1.601505975971122 ], [ 33.930614419710764, 1.604930975974185 ], [ 33.9273144197075, 1.62008097598823 ], [ 33.923854419704412, 1.625114975993029 ], [ 33.905384419687152, 1.623475975991369 ], [ 33.901458419683422, 1.623126975991227 ], [ 33.896476419678947, 1.615737975984302 ], [ 33.892139419674777, 1.615018975983503 ], [ 33.88041341966391, 1.625055975992836 ], [ 33.874870419658691, 1.633523976000788 ], [ 33.876133419659936, 1.650083976016276 ], [ 33.871982419655978, 1.655572976021404 ], [ 33.867389419651772, 1.658300976023838 ], [ 33.857097419642287, 1.658691976024329 ], [ 33.85525841964045, 1.660058976025539 ], [ 33.852447419637883, 1.670843976035485 ], [ 33.849460419635079, 1.672892976037474 ], [ 33.84236941962854, 1.673534976038127 ], [ 33.835544419622238, 1.66774197603263 ], [ 33.831657419618523, 1.667715976032696 ], [ 33.82774341961499, 1.671826976036527 ], [ 33.827392419614625, 1.673174976037672 ], [ 33.82516441961252, 1.681694976045719 ], [ 33.827407419614474, 1.688146976051712 ], [ 33.837692419624091, 1.688905976052411 ], [ 33.845680419631663, 1.691487976054759 ], [ 33.866844419651216, 1.706572976068855 ], [ 33.870082419654409, 1.701076976063632 ], [ 33.874664419658529, 1.699728976062488 ], [ 33.879730419663247, 1.694014976057133 ], [ 33.883846419667179, 1.69404297605729 ], [ 33.890907419673795, 1.698457976061263 ], [ 33.899070419681266, 1.708627976070829 ], [ 33.903877419685841, 1.708199976070318 ], [ 33.906437419688245, 1.701549976064143 ], [ 33.901779419683862, 1.693329976056475 ], [ 33.898071419680491, 1.686780976050386 ], [ 33.901306419683351, 1.681974976045922 ], [ 33.904037419685892, 1.683832976047597 ], [ 33.909526419691019, 1.683409976047187 ], [ 33.916919419697933, 1.671963976036523 ], [ 33.922443419703086, 1.666253976031385 ], [ 33.92770041970789, 1.66674897603184 ], [ 33.930656419710658, 1.669066976033946 ], [ 33.932659419712536, 1.677585976041883 ], [ 33.934944419714611, 1.67783097604206 ], [ 33.943016419722198, 1.667079976032028 ], [ 33.941917419721221, 1.660175976025585 ], [ 33.943553419722775, 1.654439976020285 ], [ 33.946769419725797, 1.65216297601819 ], [ 33.951797419730383, 1.652884976018868 ], [ 33.96707541974456, 1.659422976024871 ], [ 33.977207419753995, 1.658377976023985 ], [ 33.979656419756338, 1.658125976023712 ], [ 33.982616419759097, 1.659984976025498 ], [ 33.985790419761997, 1.664372976029654 ], [ 33.988899419764948, 1.678875976043173 ], [ 34.010135419784774, 1.683382976047369 ], [ 34.013542419787882, 1.686852976050432 ], [ 34.016223419790322, 1.696755976059649 ], [ 34.020530419794341, 1.702530976065191 ], [ 34.037597419810254, 1.715285976076984 ], [ 34.048927419820984, 1.731451976092103 ], [ 34.051666419823505, 1.732388976092807 ], [ 34.054420419826101, 1.731026976091698 ], [ 34.056758419828157, 1.722536976083802 ], [ 34.05621741982759, 1.720446976081803 ], [ 34.05497341982641, 1.715627976077258 ], [ 34.056388419827726, 1.708740976070885 ], [ 34.055271419826795, 1.705055976067342 ], [ 34.045963419818008, 1.694419976057588 ], [ 34.045078419817401, 1.68981697605318 ], [ 34.049495419821369, 1.678350976042566 ], [ 34.053180419824912, 1.674236976038856 ], [ 34.062126419833248, 1.669696976034629 ], [ 34.070175419840552, 1.662392976027604 ] ] ] } },
{ "type": "Feature", "properties": { "ISO": "UGA", "COUNTRY": "Uganda", "F_CODE_DES": "Inland Water", "HYC_DESCRI": "Perennial/Permanent", "NAME": "UNK" }, "geometry": { "type": "Polygon", "coordinates": [ [ [ 33.784717419574918, 1.711995976073922 ], [ 33.783374419573647, 1.707848976069954 ], [ 33.780326419570656, 1.708827976071007 ], [ 33.778091419568682, 1.711490976073492 ], [ 33.775989419566713, 1.717912976079333 ], [ 33.777309419567928, 1.725968976086961 ], [ 33.7800784195706, 1.724538976085569 ], [ 33.782585419572797, 1.723245976084399 ], [ 33.784717419574918, 1.711995976073922 ] ] ] } },
{ "type": "Feature", "properties": { "ISO": "UGA", "COUNTRY": "Uganda", "F_CODE_DES": "Inland Water", "HYC_DESCRI": "Perennial/Permanent", "NAME": "ALBERT NILE" }, "geometry": { "type": "Polygon", "coordinates": [ [ [ 31.606794417546553, 3.346060977595698 ], [ 31.601671417541638, 3.330368977581202 ], [ 31.595737417536156, 3.333587977584102 ], [ 31.588192417529172, 3.326099977577087 ], [ 31.57975341752126, 3.321878977573306 ], [ 31.577451417519114, 3.323237977574536 ], [ 31.579231417520759, 3.328775977579653 ], [ 31.573274417515222, 3.328718977579683 ], [ 31.57393041751584, 3.332175977582892 ], [ 31.588728417529637, 3.342438977592337 ], [ 31.606679417546275, 3.358252977607208 ], [ 31.61764541755656, 3.361807977610397 ], [ 31.62218241756068, 3.366681977614917 ], [ 31.623600417562102, 3.368015977616096 ], [ 31.639217417576674, 3.382715977629914 ], [ 31.65076641758742, 3.397548977643737 ], [ 31.652771417589292, 3.403778977649608 ], [ 31.649087417585861, 3.430200977674076 ], [ 31.654756417591216, 3.436695977680074 ], [ 31.654886417591342, 3.435213977678814 ], [ 31.655151417591469, 3.432209977675939 ], [ 31.65782941759403, 3.401756977647665 ], [ 31.653598417590047, 3.388602977635401 ], [ 31.652818417589287, 3.38767897763455 ], [ 31.64498541758212, 3.37839897762592 ], [ 31.637937417575358, 3.372581977620484 ], [ 31.622545417561241, 3.352191977601478 ], [ 31.613164417552298, 3.350722977600071 ], [ 31.606794417546553, 3.346060977595698 ] ] ] } },
{ "type": "Feature", "properties": { "ISO": "UGA", "COUNTRY": "Uganda", "F_CODE_DES": "Inland Water", "HYC_DESCRI": "Perennial/Permanent", "NAME": "UNK" }, "geometry": { "type": "Polygon", "coordinates": [ [ [ 31.464366417413885, 3.047477977317612 ], [ 31.45911241740896, 3.046046977316337 ], [ 31.449030417399626, 3.046639977317 ], [ 31.442890417393755, 3.041979977312621 ], [ 31.433759417385318, 3.038670977309494 ], [ 31.424141417376404, 3.038577977309387 ], [ 31.436876417388248, 3.048132977318346 ], [ 31.452175417402486, 3.053110977322831 ], [ 31.454425417404536, 3.057273977326759 ], [ 31.454954417405133, 3.073841977342227 ], [ 31.458688417408439, 3.077846977345871 ], [ 31.46451541741385, 3.080144977348027 ], [ 31.469949417419002, 3.079418977347359 ], [ 31.472541417421326, 3.079071977347212 ], [ 31.476463417425066, 3.076118977344322 ], [ 31.477405417425871, 3.073367977341832 ], [ 31.470169417419129, 3.063635977332751 ], [ 31.468194417417408, 3.054415977324197 ], [ 31.468914417418091, 3.050971977320842 ], [ 31.464366417413885, 3.047477977317612 ] ] ] } },
{ "type": "Feature", "properties": { "ISO": "UGA", "COUNTRY": "Uganda", "F_CODE_DES": "Inland Water", "HYC_DESCRI": "Perennial/Permanent", "NAME": "UNK" }, "geometry": { "type": "Polygon", "coordinates": [ [ [ 31.440618417391761, 2.655281976952438 ], [ 31.431692417383374, 2.654965976952099 ], [ 31.42824541738014, 2.656311976953475 ], [ 31.425928417377918, 2.659279976956213 ], [ 31.423074417375346, 2.670522976966595 ], [ 31.424017417376263, 2.670721976966888 ], [ 31.431070417382898, 2.672210976968245 ], [ 31.443380417394337, 2.677303976973008 ], [ 31.443859417394606, 2.676724976972309 ], [ 31.445005417395805, 2.675335976971155 ], [ 31.446992417397723, 2.665617976962039 ], [ 31.444711417395411, 2.658080976955034 ], [ 31.440618417391761, 2.655281976952438 ] ] ] } },
{ "type": "Feature", "properties": { "ISO": "UGA", "COUNTRY": "Uganda", "F_CODE_DES": "Inland Water", "HYC_DESCRI": "Perennial/Permanent", "NAME": "LAKE ALBERT" }, "geometry": { "type": "Polygon", "coordinates": [ [ [ 30.487389416503902, 1.233328975628183 ], [ 30.491678416507966, 1.233328975628183 ], [ 30.491678416507966, 1.241661975635907 ], [ 30.491678416507966, 1.249994975643631 ], [ 30.50001141651569, 1.249994975643631 ], [ 30.50001141651569, 1.258328975651466 ], [ 30.508344416523414, 1.258328975651466 ], [ 30.508344416523414, 1.26666197565919 ], [ 30.516678416531249, 1.26666197565919 ], [ 30.516678416531249, 1.274994975666914 ], [ 30.525011416538973, 1.274994975666914 ], [ 30.525011416538973, 1.283328975674749 ], [ 30.525011416538973, 1.291661975682473 ], [ 30.533344416546697, 1.291661975682473 ], [ 30.533344416546697, 1.299994975690197 ], [ 30.541677416554421, 1.299994975690197 ], [ 30.541677416554421, 1.308328975698032 ], [ 30.550010416562145, 1.308328975698032 ], [ 30.550010416562145, 1.316661975705756 ], [ 30.558343416570096, 1.316661975705756 ], [ 30.558343416570096, 1.324995975713591 ], [ 30.558343416570096, 1.333328975721315 ], [ 30.566677416577704, 1.333328975721315 ], [ 30.566677416577704, 1.341661975729039 ], [ 30.575010416585428, 1.341661975729039 ], [ 30.575010416585428, 1.349994975736763 ], [ 30.58334341659338, 1.349994975736763 ], [ 30.58334341659338, 1.358328975744598 ], [ 30.58334341659338, 1.366661975752322 ], [ 30.591676416601103, 1.366661975752322 ], [ 30.591676416601103, 1.374994975760046 ], [ 30.600011416608822, 1.374994975760046 ], [ 30.600011416608822, 1.383328975767881 ], [ 30.608345416616658, 1.383328975767881 ], [ 30.608345416616658, 1.391661975775605 ], [ 30.616678416624381, 1.391661975775605 ], [ 30.616678416624381, 1.399994975783329 ], [ 30.625011416632105, 1.399994975783329 ], [ 30.625011416632105, 1.408328975791164 ], [ 30.633344416639829, 1.408328975791164 ], [ 30.633344416639829, 1.416661975798888 ], [ 30.633344416639829, 1.424994975806612 ], [ 30.641677416647553, 1.424994975806612 ], [ 30.641677416647553, 1.433328975814447 ], [ 30.650011416655389, 1.433328975814447 ], [ 30.650011416655389, 1.441661975822171 ], [ 30.658344416663112, 1.441661975822171 ], [ 30.658344416663112, 1.449994975829895 ], [ 30.666677416670836, 1.449994975829895 ], [ 30.666677416670836, 1.45832897583773 ], [ 30.67501041667856, 1.45832897583773 ], [ 30.67501041667856, 1.466661975845454 ], [ 30.683343416686512, 1.466661975845454 ], [ 30.683343416686512, 1.474994975853178 ], [ 30.69167741669412, 1.474994975853178 ], [ 30.69167741669412, 1.483328975861014 ], [ 30.69167741669412, 1.491661975868737 ], [ 30.700010416701843, 1.491661975868737 ], [ 30.700010416701843, 1.499994975876461 ], [ 30.708343416709795, 1.499994975876461 ], [ 30.708343416709795, 1.508328975884297 ], [ 30.716676416717519, 1.508328975884297 ], [ 30.725011416725238, 1.508328975884297 ], [ 30.725011416725238, 1.516661975892021 ], [ 30.733345416733073, 1.516661975892021 ], [ 30.733345416733073, 1.524994975899745 ], [ 30.741678416740797, 1.524994975899745 ], [ 30.741678416740797, 1.53332897590758 ], [ 30.750011416748521, 1.53332897590758 ], [ 30.758344416756245, 1.53332897590758 ], [ 30.758344416756245, 1.541661975915304 ], [ 30.766677416763969, 1.541661975915304 ], [ 30.766677416763969, 1.549995975923139 ], [ 30.775011416771804, 1.549995975923139 ], [ 30.775011416771804, 1.558328975930863 ], [ 30.783344416779528, 1.558328975930863 ], [ 30.783344416779528, 1.566661975938587 ], [ 30.791677416787252, 1.566661975938587 ], [ 30.800010416794976, 1.566661975938587 ], [ 30.800010416794976, 1.574994975946311 ], [ 30.808343416802927, 1.574994975946311 ], [ 30.808343416802927, 1.583328975954146 ], [ 30.816677416810535, 1.583328975954146 ], [ 30.816677416810535, 1.59166197596187 ], [ 30.825010416818259, 1.59166197596187 ], [ 30.83334341682621, 1.59166197596187 ], [ 30.83334341682621, 1.599994975969594 ], [ 30.841676416833934, 1.599994975969594 ], [ 30.841676416833934, 1.608328975977429 ], [ 30.850011416841653, 1.608328975977429 ], [ 30.850011416841653, 1.616661975985153 ], [ 30.858345416849488, 1.616661975985153 ], [ 30.866678416857212, 1.616661975985153 ], [ 30.866678416857212, 1.624994975992877 ], [ 30.875011416864936, 1.624994975992877 ], [ 30.875011416864936, 1.633328976000712 ], [ 30.88334441687266, 1.633328976000712 ], [ 30.88334441687266, 1.641661976008436 ], [ 30.891677416880384, 1.641661976008436 ], [ 30.891677416880384, 1.64999497601616 ], [ 30.900011416888219, 1.64999497601616 ], [ 30.908344416895943, 1.64999497601616 ], [ 30.908344416895943, 1.658328976023995 ], [ 30.916677416903667, 1.658328976023995 ], [ 30.916677416903667, 1.666661976031719 ], [ 30.925010416911391, 1.666661976031719 ], [ 30.925010416911391, 1.674994976039443 ], [ 30.933344416919226, 1.674994976039443 ], [ 30.94167741692695, 1.674994976039443 ], [ 30.94167741692695, 1.683328976047278 ], [ 30.950010416934674, 1.683328976047278 ], [ 30.950010416934674, 1.691661976055002 ], [ 30.958343416942625, 1.691661976055002 ], [ 30.958343416942625, 1.699994976062726 ], [ 30.966678416950344, 1.699994976062726 ], [ 30.975011416958068, 1.699994976062726 ], [ 30.975011416958068, 1.708328976070561 ], [ 30.983345416965903, 1.708328976070561 ], [ 30.983345416965903, 1.716661976078285 ], [ 30.991678416973627, 1.716661976078285 ], [ 30.991678416973627, 1.724994976086009 ], [ 31.000011416981351, 1.724994976086009 ], [ 31.000011416981351, 1.733328976093844 ], [ 31.008344416989075, 1.733328976093844 ], [ 31.008344416989075, 1.741661976101568 ], [ 31.016677416996799, 1.741661976101568 ], [ 31.016677416996799, 1.749994976109292 ], [ 31.025011417004634, 1.749994976109292 ], [ 31.033344417012358, 1.749994976109292 ], [ 31.033344417012358, 1.758328976117127 ], [ 31.033344417012358, 1.766661976124851 ], [ 31.041677417020082, 1.766661976124851 ], [ 31.041677417020082, 1.774995976132686 ], [ 31.050010417027806, 1.774995976132686 ], [ 31.050010417027806, 1.78332897614041 ], [ 31.058343417035758, 1.78332897614041 ], [ 31.058343417035758, 1.791661976148134 ], [ 31.058343417035758, 1.799994976155858 ], [ 31.066677417043365, 1.799994976155858 ], [ 31.066677417043365, 1.808328976163693 ], [ 31.075010417051089, 1.808328976163693 ], [ 31.075010417051089, 1.816661976171417 ], [ 31.083343417059041, 1.816661976171417 ], [ 31.083343417059041, 1.824994976179141 ], [ 31.09167841706676, 1.824994976179141 ], [ 31.09167841706676, 1.833328976186976 ], [ 31.09167841706676, 1.8416619761947 ], [ 31.100011417074484, 1.8416619761947 ], [ 31.100011417074484, 1.849994976202424 ], [ 31.108345417082319, 1.849994976202424 ], [ 31.108345417082319, 1.858328976210259 ], [ 31.116678417090043, 1.858328976210259 ], [ 31.116678417090043, 1.866661976217983 ], [ 31.125011417097767, 1.866661976217983 ], [ 31.125011417097767, 1.874994976225707 ], [ 31.125011417097767, 1.883328976233543 ], [ 31.133344417105491, 1.883328976233543 ], [ 31.133344417105491, 1.891661976241267 ], [ 31.141678417113326, 1.891661976241267 ], [ 31.141678417113326, 1.89999497624899 ], [ 31.15001141712105, 1.89999497624899 ], [ 31.15001141712105, 1.908328976256826 ], [ 31.158344417128774, 1.908328976256826 ], [ 31.158344417128774, 1.91666197626455 ], [ 31.158344417128774, 1.924994976272274 ], [ 31.166677417136498, 1.924994976272274 ], [ 31.166677417136498, 1.933328976280109 ], [ 31.175010417144222, 1.933328976280109 ], [ 31.175010417144222, 1.941661976287833 ], [ 31.183344417152057, 1.941661976287833 ], [ 31.183344417152057, 1.949994976295557 ], [ 31.191677417159781, 1.949994976295557 ], [ 31.191677417159781, 1.958328976303392 ], [ 31.200010417167505, 1.958328976303392 ], [ 31.200010417167505, 1.966661976311116 ], [ 31.208343417175456, 1.966661976311116 ], [ 31.208343417175456, 1.97499497631884 ], [ 31.216678417183175, 1.97499497631884 ], [ 31.216678417183175, 1.983328976326675 ], [ 31.225011417190899, 1.983328976326675 ], [ 31.225011417190899, 1.991661976334399 ], [ 31.233345417198734, 1.991661976334399 ], [ 31.233345417198734, 1.999995976342234 ], [ 31.233345417198734, 2.008328976349958 ], [ 31.241678417206458, 2.008328976349958 ], [ 31.241678417206458, 2.016661976357682 ], [ 31.250011417214182, 2.016661976357682 ], [ 31.250011417214182, 2.024994976365406 ], [ 31.250011417214182, 2.033328976373241 ], [ 31.258344417221906, 2.033328976373241 ], [ 31.258344417221906, 2.041661976380965 ], [ 31.26667741722963, 2.041661976380965 ], [ 31.26667741722963, 2.049994976388689 ], [ 31.26667741722963, 2.058328976396524 ], [ 31.275011417237465, 2.058328976396524 ], [ 31.275011417237465, 2.066661976404248 ], [ 31.283344417245189, 2.066661976404248 ], [ 31.283344417245189, 2.074995976412083 ], [ 31.283344417245189, 2.083328976419807 ], [ 31.291677417252913, 2.083328976419807 ], [ 31.291677417252913, 2.091661976427531 ], [ 31.291677417252913, 2.099994976435255 ], [ 31.291677417252913, 2.10832897644309 ], [ 31.300010417260637, 2.10832897644309 ], [ 31.300010417260637, 2.116661976450814 ], [ 31.300010417260637, 2.124994976458538 ], [ 31.300010417260637, 2.133328976466373 ], [ 31.308343417268588, 2.133328976466373 ], [ 31.308343417268588, 2.141661976474097 ], [ 31.308343417268588, 2.149994976481821 ], [ 31.308343417268588, 2.158328976489656 ], [ 31.300010417260637, 2.158328976489656 ], [ 31.300010417260637, 2.16666197649738 ], [ 31.291677417252913, 2.16666197649738 ], [ 31.291677417252913, 2.174994976505104 ], [ 31.283344417245189, 2.174994976505104 ], [ 31.283344417245189, 2.183328976512939 ], [ 31.281369417243468, 2.183328976512939 ], [ 31.284229417246024, 2.186878976516255 ], [ 31.28959441725101, 2.199809976528286 ], [ 31.293478417254619, 2.200537976528949 ], [ 31.296447417257468, 2.20102697652942 ], [ 31.302795417263269, 2.207068976535083 ], [ 31.305486417265911, 2.212614976540181 ], [ 31.303571417264038, 2.221333976548294 ], [ 31.304443417264793, 2.225941976552576 ], [ 31.308034417268118, 2.233105976559273 ], [ 31.317125417276657, 2.239404976565083 ], [ 31.321199417280468, 2.244043976569401 ], [ 31.325180417284173, 2.258340976582758 ], [ 31.330173417288734, 2.26252997658662 ], [ 31.334457417292924, 2.269240976592982 ], [ 31.33645441729459, 2.275699976598844 ], [ 31.335226417293597, 2.284426976606937 ], [ 31.344738417302324, 2.294638976616625 ], [ 31.352867417309881, 2.301391976622881 ], [ 31.357904417314558, 2.305576976626753 ], [ 31.362198417318723, 2.311367976632027 ], [ 31.371626417327434, 2.330317976649667 ], [ 31.377327417332708, 2.332442976651691 ], [ 31.388345417343089, 2.328870976648432 ], [ 31.395187417349462, 2.331237976650527 ], [ 31.410663417363821, 2.340126976658894 ], [ 31.420049417372638, 2.339758976658459 ], [ 31.42686641737896, 2.344883976663368 ], [ 31.43534141738678, 2.344045976662528 ], [ 31.452858417403149, 2.357178976674732 ], [ 31.456474417406525, 2.359888976677212 ], [ 31.467065417416279, 2.377239976693545 ], [ 31.470184417419205, 2.386239976701745 ], [ 31.468612417417717, 2.407152976721363 ], [ 31.470714417419686, 2.4267219767396 ], [ 31.467413417416537, 2.437039976749247 ], [ 31.468975417418051, 2.441194976752968 ], [ 31.473537417422449, 2.442848976754476 ], [ 31.480089417428417, 2.45188097676305 ], [ 31.485086417433195, 2.455838976766699 ], [ 31.497394417444639, 2.461589976772075 ], [ 31.502176417448936, 2.463822976774054 ], [ 31.504888417451639, 2.467528976777658 ], [ 31.518537417464358, 2.476399976785842 ], [ 31.525085417470336, 2.485891976794619 ], [ 31.525270417470438, 2.490493976798916 ], [ 31.521797417467269, 2.494830976803087 ], [ 31.516971417462855, 2.496853976804914 ], [ 31.511940417458163, 2.496345976804378 ], [ 31.506774417453244, 2.485946976794821 ], [ 31.502893417449741, 2.484988976793829 ], [ 31.496227417443379, 2.487915976796558 ], [ 31.490505417438044, 2.487860976796583 ], [ 31.487007417434825, 2.494726976802895 ], [ 31.477523417426028, 2.505214976812567 ], [ 31.469953417418992, 2.521035976827307 ], [ 31.459776417409557, 2.542303976847279 ], [ 31.458095417408003, 2.550567976854836 ], [ 31.459152417408859, 2.559777976863415 ], [ 31.458894417408828, 2.562617976866022 ], [ 31.458129417407918, 2.571038976873979 ], [ 31.459489417409259, 2.57243197687535 ], [ 31.462251417411835, 2.570847976873665 ], [ 31.46528441741475, 2.56489697686834 ], [ 31.466053417415424, 2.562731976866189 ], [ 31.47187041742086, 2.546330976850868 ], [ 31.472227417421209, 2.542431976847411 ], [ 31.47329941742214, 2.530676976836276 ], [ 31.473402417422221, 2.529555976835354 ], [ 31.476911417425526, 2.521538976827969 ], [ 31.483175417431312, 2.512628976819542 ], [ 31.488479417436338, 2.508540976815766 ], [ 31.495138417442377, 2.506304976813681 ], [ 31.516649417462531, 2.506740976814172 ], [ 31.532550417477296, 2.495162976803385 ], [ 31.535352417479999, 2.489439976797939 ], [ 31.535158417479806, 2.485757976794503 ], [ 31.528867417473975, 2.473048976782593 ], [ 31.518011417463867, 2.45937497677005 ], [ 31.510034417456382, 2.455848976766674 ], [ 31.5002074174472, 2.454144976765065 ], [ 31.484979417433124, 2.442958976754653 ], [ 31.481407417429637, 2.433494976745806 ], [ 31.482732417430952, 2.41441897672803 ], [ 31.481178417429419, 2.38519597670097 ], [ 31.482109417430365, 2.383593976699331 ], [ 31.487138417435062, 2.384102976699751 ], [ 31.487850417435766, 2.381579976697594 ], [ 31.477510417425947, 2.361701976678887 ], [ 31.4733604174221, 2.356121976673876 ], [ 31.467342417416603, 2.348034976666213 ], [ 31.459634417409461, 2.340370976659187 ], [ 31.44366441739453, 2.335156976654162 ], [ 31.415878417368731, 2.321319976641462 ], [ 31.40431041735792, 2.310627976631395 ], [ 31.396797417350854, 2.306645976627806 ], [ 31.389600417344127, 2.299869976621494 ], [ 31.388404417343054, 2.298744976620355 ], [ 31.37870441733412, 2.284391976606912 ], [ 31.375774417331286, 2.281454976604209 ], [ 31.368051417324068, 2.273708976596936 ], [ 31.360839417317493, 2.262139976586241 ], [ 31.352434417309496, 2.25584897658041 ], [ 31.348566417306074, 2.253510976578127 ], [ 31.347229417304789, 2.249818976574716 ], [ 31.353000417310113, 2.244585976569851 ], [ 31.355585417312568, 2.237481976563231 ], [ 31.360900417317453, 2.232014976558276 ], [ 31.362375417318844, 2.22145097654834 ], [ 31.361782417318182, 2.211786976539315 ], [ 31.363212417319573, 2.205820976533914 ], [ 31.359151417315843, 2.19980297652819 ], [ 31.36122741731765, 2.197982976526418 ], [ 31.374021417329686, 2.199947976528392 ], [ 31.371782417327495, 2.194866976523599 ], [ 31.373399417328983, 2.193272976522167 ], [ 31.378192417333594, 2.194469976523351 ], [ 31.380289417335462, 2.190580976519641 ], [ 31.37870441733412, 2.188954976518062 ], [ 31.369545417325526, 2.189555976518704 ], [ 31.367965417324058, 2.187240976516478 ], [ 31.381141417336266, 2.17334197650348 ], [ 31.385099417339916, 2.166251976497051 ], [ 31.388704417343433, 2.148119976480075 ], [ 31.390010417344456, 2.131115976464343 ], [ 31.389200417343773, 2.120299976454135 ], [ 31.386480417341318, 2.117513976451619 ], [ 31.384876417339683, 2.117728976451872 ], [ 31.382062417337238, 2.124829976458386 ], [ 31.379758417335097, 2.126646976460052 ], [ 31.377935417333219, 2.125938976459338 ], [ 31.377143417332491, 2.12296297645662 ], [ 31.376831417332369, 2.121788976455491 ], [ 31.380821417335937, 2.111250976445717 ], [ 31.394514417348773, 2.090917976426908 ], [ 31.395628417349826, 2.085003976421376 ], [ 31.396200417350428, 2.081966976418471 ], [ 31.402286417355981, 2.067538976405103 ], [ 31.402496417356133, 2.0660629764036 ], [ 31.405229417358669, 2.046871976385773 ], [ 31.404918417358431, 2.046062976384974 ], [ 31.399202417353081, 2.031177976371282 ], [ 31.398363417352357, 2.023351976363983 ], [ 31.400249417354189, 2.01739197635834 ], [ 31.396154417350317, 2.005319976346982 ], [ 31.396541417350591, 1.998500976340665 ], [ 31.402578417356381, 1.989131976331919 ], [ 31.40400641735755, 1.983397976326614 ], [ 31.401338417355191, 1.97532397631926 ], [ 31.399963417353774, 1.975539976319396 ], [ 31.393919417348116, 1.985828976329003 ], [ 31.39108041734562, 1.995457976338002 ], [ 31.391443417345954, 2.005348976347022 ], [ 31.389568417344208, 2.010159976351588 ], [ 31.386819417341485, 2.010592976351973 ], [ 31.388101417342796, 1.996118976338494 ], [ 31.393772417348146, 1.977319976321041 ], [ 31.398201417352084, 1.968624976312867 ], [ 31.398014417351988, 1.964254976308894 ], [ 31.401586417355247, 1.94934397629504 ], [ 31.409088417362227, 1.930332976277214 ], [ 31.414405417367334, 1.924405976271828 ], [ 31.416523417369262, 1.918218976265962 ], [ 31.413829417366742, 1.912903976261077 ], [ 31.407720417361134, 1.905946976254654 ], [ 31.40608441735958, 1.909609976258025 ], [ 31.406190417359539, 1.922486976269965 ], [ 31.403450417357135, 1.922000976269601 ], [ 31.401233417355115, 1.91462097626254 ], [ 31.401826417355551, 1.900371976249289 ], [ 31.396844417350849, 1.886438976236377 ], [ 31.390689417345129, 1.869223976220383 ], [ 31.376842417332227, 1.834371976187867 ], [ 31.367593417323633, 1.821176976175593 ], [ 31.358923417315509, 1.819022976173528 ], [ 31.343597417301226, 1.819331976173771 ], [ 31.336036417294281, 1.82086797617535 ], [ 31.324072417283105, 1.8283369761823 ], [ 31.322475417281566, 1.827861976181794 ], [ 31.321149417280367, 1.803154976158794 ], [ 31.321119417280443, 1.802557976158141 ], [ 31.322635417281845, 1.787628976144333 ], [ 31.322998417282179, 1.7736089761313 ], [ 31.321489417280645, 1.764167976122508 ], [ 31.304203417264716, 1.73089197609147 ], [ 31.300918417261528, 1.715915976077667 ], [ 31.296631417257686, 1.709896976072059 ], [ 31.290270417251577, 1.705695976068 ], [ 31.284862417246586, 1.697366976060266 ], [ 31.276937417239196, 1.689241976052699 ], [ 31.268734417231599, 1.686401976050092 ], [ 31.265234417228385, 1.683100976046944 ], [ 31.263069417226234, 1.681058976045051 ], [ 31.255992417219659, 1.679838976044039 ], [ 31.248943417213241, 1.675860976040212 ], [ 31.239883417204737, 1.667035976032139 ], [ 31.234054417199332, 1.655023976020857 ], [ 31.223815417189826, 1.64986397601615 ], [ 31.186433417155058, 1.614778975983427 ], [ 31.160286417130692, 1.599804975969391 ], [ 31.131385417103729, 1.585952975956616 ], [ 31.112442417085958, 1.582773975953614 ], [ 31.095024417069908, 1.586965975957355 ], [ 31.085622417061131, 1.58962897595984 ], [ 31.07854241705445, 1.588867975959147 ], [ 31.072816417049125, 1.589958975960144 ], [ 31.051658417029557, 1.579399975950309 ], [ 31.049135417027173, 1.580293975951236 ], [ 31.053617417031319, 1.589304975959749 ], [ 31.057739417035009, 1.588656975959111 ], [ 31.059549417036806, 1.590513975960675 ], [ 31.058620417035854, 1.59211397596232 ], [ 31.049240417027249, 1.592707975962867 ], [ 31.046285417024365, 1.590838975961105 ], [ 31.044042417022411, 1.586448975956955 ], [ 31.039642417018285, 1.569393975941011 ], [ 31.036592417015527, 1.56610897593805 ], [ 31.035118417014019, 1.564519975936491 ], [ 31.028270417007661, 1.563300975935363 ], [ 31.019899416999806, 1.554480975927163 ], [ 31.011837416992421, 1.537847975911745 ], [ 31.009794416990417, 1.536217975910176 ], [ 31.006359416987152, 1.53687297591091 ], [ 30.999071416980541, 1.534039975908172 ], [ 30.992664416974549, 1.53466397590887 ], [ 30.985378416967706, 1.531600975905803 ], [ 30.97417041695735, 1.532175975906512 ], [ 30.954099416938561, 1.527601975902144 ], [ 30.948400416933282, 1.522866975897841 ], [ 30.944576416929749, 1.519688975894724 ], [ 30.940584416925958, 1.509808975885562 ], [ 30.93944741692485, 1.506993975883006 ], [ 30.939022416924445, 1.504738975880855 ], [ 30.93272241691875, 1.471295975849671 ], [ 30.929596416915729, 1.463908975842969 ], [ 30.918735416905747, 1.452763975832568 ], [ 30.911529416898929, 1.442115975822617 ], [ 30.891368416880141, 1.423978975805767 ], [ 30.884992416874184, 1.42161497580355 ], [ 30.878187416867831, 1.416487975798645 ], [ 30.873924416863929, 1.408628975791316 ], [ 30.870971416861266, 1.405541975788537 ], [ 30.861711416852586, 1.395860975779442 ], [ 30.844604416836546, 1.369939975755415 ], [ 30.837030416829521, 1.350554975737396 ], [ 30.828268416821402, 1.335753975723492 ], [ 30.814676416808652, 1.323890975712402 ], [ 30.80125241679616, 1.318004975707026 ], [ 30.794162416789732, 1.309703975699222 ], [ 30.78837941678421, 1.302930975693016 ], [ 30.780904416777275, 1.296417975686836 ], [ 30.773178416770179, 1.291969975682832 ], [ 30.765943416763321, 1.284309975675569 ], [ 30.76101141675872, 1.275064975666965 ], [ 30.752422416750733, 1.265781975658228 ], [ 30.748611416747281, 1.258617975651759 ], [ 30.736850416736161, 1.246772975640624 ], [ 30.732526416732298, 1.244888975638787 ], [ 30.730815416730593, 1.233609975628269 ], [ 30.728139416728254, 1.227146975622418 ], [ 30.71780541671842, 1.213972975609977 ], [ 30.715961416716709, 1.211620975607957 ], [ 30.714626416715646, 1.208159975604758 ], [ 30.715791416716684, 1.205873975602572 ], [ 30.718086416718734, 1.204978975601762 ], [ 30.723320416723709, 1.207102975603675 ], [ 30.724477416724767, 1.205735975602465 ], [ 30.725891416725972, 1.201613975598548 ], [ 30.722969416723345, 1.1969869755942 ], [ 30.72304541672338, 1.189633975587412 ], [ 30.705892416707457, 1.168999975568113 ], [ 30.702110416703817, 1.159078975558941 ], [ 30.69507841669747, 1.154178975554487 ], [ 30.691286416693856, 1.145176975546065 ], [ 30.682958416686006, 1.132908975534519 ], [ 30.668001416672041, 1.121030975523581 ], [ 30.664157416668559, 1.11708397551979 ], [ 30.657564416662353, 1.114025975517052 ], [ 30.64035041664647, 1.09936597550336 ], [ 30.633846416640381, 1.08780697549264 ], [ 30.625375416632551, 1.067495975473776 ], [ 30.620403416627823, 1.062387975468937 ], [ 30.607214416615534, 1.056271975463233 ], [ 30.605182416613616, 1.053952975461016 ], [ 30.606573416614992, 1.052128975459254 ], [ 30.612289416620342, 1.051730975458895 ], [ 30.61660341662423, 1.054304975461491 ], [ 30.621175416628603, 1.054123975461152 ], [ 30.621664416629073, 1.051141975458449 ], [ 30.618736416626234, 1.046974975454532 ], [ 30.616237416624017, 1.045568975453307 ], [ 30.614297416622094, 1.045480975453074 ], [ 30.609615416617771, 1.045268975452927 ], [ 30.602603416611146, 1.038529975446636 ], [ 30.589853416599453, 1.034257975442642 ], [ 30.590332416599722, 1.032194975440689 ], [ 30.601062416609693, 1.032998975441615 ], [ 30.60472841661317, 1.031888975440552 ], [ 30.607956416616162, 1.029166975437874 ], [ 30.608217416616526, 1.026181975435293 ], [ 30.603912416612502, 1.022689975431831 ], [ 30.599577416608327, 1.022183975431517 ], [ 30.592462416601848, 1.025094975434286 ], [ 30.581506416591537, 1.024057975433152 ], [ 30.577817416588232, 1.027234975436158 ], [ 30.579353416589584, 1.033225975441837 ], [ 30.577957416588333, 1.035737975444135 ], [ 30.559850416571408, 1.041057975449121 ], [ 30.554367416566265, 1.040998975448929 ], [ 30.55118741656338, 1.039126975447289 ], [ 30.549488416561871, 1.03617097544452 ], [ 30.547597416559938, 1.032883975441337 ], [ 30.541908416554634, 1.00915597541939 ], [ 30.538784416551835, 1.002228975412891 ], [ 30.536480416549693, 1.025640975434726 ], [ 30.537555416550731, 1.031856975440405 ], [ 30.544298416557012, 1.042498975450371 ], [ 30.547344416559781, 1.056777975463774 ], [ 30.545240416557817, 1.061350975468031 ], [ 30.541135416553971, 1.060617975467267 ], [ 30.522834416536853, 1.041118975449081 ], [ 30.517448416532034, 1.031869975440486 ], [ 30.511331416526218, 1.026977975436012 ], [ 30.507226416522371, 1.026243975435364 ], [ 30.497663416513433, 1.044752975452411 ], [ 30.499204416514885, 1.050053975457331 ], [ 30.504200416519552, 1.053094975460226 ], [ 30.506441416521739, 1.057255975464159 ], [ 30.513044416527919, 1.059394975466148 ], [ 30.509075416524183, 1.067393975473578 ], [ 30.510404416525262, 1.071314975477208 ], [ 30.513395416528056, 1.069279975475411 ], [ 30.517044416531462, 1.070008975475957 ], [ 30.522857416536908, 1.082019975487128 ], [ 30.517194416531765, 1.098732975502799 ], [ 30.516208416530844, 1.105615975509181 ], [ 30.511352416526279, 1.111078975514374 ], [ 30.507385416522538, 1.118848975521587 ], [ 30.502626416518069, 1.118956975521542 ], [ 30.50052841651609, 1.119003975521537 ], [ 30.497978416513888, 1.122422975524842 ], [ 30.49558041651153, 1.132967975534712 ], [ 30.497182416512942, 1.154126975554391 ], [ 30.500723416516394, 1.164965975564428 ], [ 30.499281416515032, 1.171613975570608 ], [ 30.497200416513124, 1.17388997557282 ], [ 30.49597541651201, 1.181689975579957 ], [ 30.492719416508862, 1.186939975584892 ], [ 30.486053416502727, 1.190544975588182 ], [ 30.485515416502267, 1.198121975595313 ], [ 30.484123416500779, 1.200175975597176 ], [ 30.487772416504185, 1.20090497559795 ], [ 30.49420141651035, 1.197986975595313 ], [ 30.500364416516049, 1.198742975595906 ], [ 30.508070416523196, 1.20480197560164 ], [ 30.513086416527813, 1.20577497560248 ], [ 30.515070416529625, 1.207693975604343 ], [ 30.515094416529791, 1.210392975606737 ], [ 30.512313416527149, 1.214039975610149 ], [ 30.50176841651728, 1.217142975613115 ], [ 30.497835416513681, 1.221696975617306 ], [ 30.491655416507911, 1.22254897561811 ], [ 30.488637416505071, 1.226882975622175 ], [ 30.487389416503902, 1.233328975628183 ] ], [ [ 30.514219416528931, 1.034821975443265 ], [ 30.518852416533264, 1.050266975457589 ], [ 30.517459416531892, 1.052319975459568 ], [ 30.514265416529042, 1.052055975459325 ], [ 30.512247416527089, 1.048356975455818 ], [ 30.507230416522361, 1.047383975454977 ], [ 30.505224416520605, 1.042766975450604 ], [ 30.512626416527382, 1.034114975442662 ], [ 30.514219416528931, 1.034821975443265 ] ] ] } },
{ "type": "Feature", "properties": { "ISO": "UGA", "COUNTRY": "Uganda", "F_CODE_DES": "Inland Water", "HYC_DESCRI": "Perennial/Permanent", "NAME": "VICTORIA NILE" }, "geometry": { "type": "Polygon", "coordinates": [ [ [ 32.326786418216898, 1.65923397602478 ], [ 32.334488418224282, 1.647130976013614 ], [ 32.333938418223624, 1.64681297601328 ], [ 32.336490418226049, 1.642466976009246 ], [ 32.343818418232786, 1.640920976007692 ], [ 32.347271418236005, 1.638420976005364 ], [ 32.34777441823644, 1.632908976000181 ], [ 32.336757418226398, 1.637641976004716 ], [ 32.331279418221129, 1.636444976003531 ], [ 32.329029418219079, 1.632517975999917 ], [ 32.330425418220329, 1.62931197599687 ], [ 32.345104418234087, 1.624149975992168 ], [ 32.347068418235949, 1.625908975993752 ], [ 32.348735418237538, 1.627399975995104 ], [ 32.355354418243678, 1.628605975996152 ], [ 32.35856641824671, 1.627483975995119 ], [ 32.358146418246179, 1.622882975990933 ], [ 32.352436418240814, 1.622373975990513 ], [ 32.349945418238576, 1.619363975987653 ], [ 32.36486041825242, 1.613054975981868 ], [ 32.368045418255406, 1.614691975983305 ], [ 32.373004418260052, 1.623238975991171 ], [ 32.380771418267386, 1.623994975991991 ], [ 32.389709418275515, 1.62177297598987 ], [ 32.393627418279266, 1.618127975986454 ], [ 32.393646418279332, 1.615599975984196 ], [ 32.387764418273719, 1.608192975977317 ], [ 32.390544418276477, 1.603848975973278 ], [ 32.396267418281695, 1.602978975972292 ], [ 32.400600418285649, 1.60416497597339 ], [ 32.404686418289657, 1.607647975976761 ], [ 32.406230418290988, 1.614326975982976 ], [ 32.402076418287152, 1.619348975987577 ], [ 32.40242041828742, 1.620419975988625 ], [ 32.402744418287739, 1.621423975989501 ], [ 32.410061418294617, 1.62125597598947 ], [ 32.421291418304918, 1.617902975986226 ], [ 32.426128418309418, 1.613576975982141 ], [ 32.428711418311877, 1.605782975974989 ], [ 32.431713418314757, 1.601899975971264 ], [ 32.438823418321363, 1.599431975969082 ], [ 32.441822418324136, 1.596008975965788 ], [ 32.441616418323974, 1.593477975963424 ], [ 32.438213418320856, 1.590231975960478 ], [ 32.438919418321348, 1.587938975958423 ], [ 32.452289418333976, 1.574718975946098 ], [ 32.455951418337236, 1.574060975945486 ], [ 32.461422418342408, 1.576174975947424 ], [ 32.464809418345567, 1.58103097595199 ], [ 32.462234418343087, 1.58859497595904 ], [ 32.463581418344347, 1.591594975961698 ], [ 32.469734418350072, 1.593715975963732 ], [ 32.482154418361688, 1.593363975963484 ], [ 32.48848741836764, 1.593183975963257 ], [ 32.501087418379257, 1.590300975960645 ], [ 32.532985418408998, 1.575855975947206 ], [ 32.535293418411129, 1.572886975944357 ], [ 32.536480418412339, 1.567609975939376 ], [ 32.533790418409808, 1.561150975933515 ], [ 32.521232418398085, 1.559206975931602 ], [ 32.517307418394466, 1.56400197593598 ], [ 32.509796418387396, 1.559800975932149 ], [ 32.503395418381388, 1.559976975932386 ], [ 32.493042418371942, 1.567705975939589 ], [ 32.487113418366334, 1.565816975937878 ], [ 32.486240418365469, 1.563638975935646 ], [ 32.485546418364947, 1.561896975934133 ], [ 32.48672141836596, 1.55776897593023 ], [ 32.490409418369381, 1.554121975926819 ], [ 32.507412418385229, 1.544149975917662 ], [ 32.513427418390847, 1.535235975909245 ], [ 32.516414418393651, 1.533421975907686 ], [ 32.53077341840708, 1.530047975904381 ], [ 32.531864418408077, 1.523040975897857 ], [ 32.520858418397665, 1.521275975896287 ], [ 32.513275418390776, 1.525809975900529 ], [ 32.484020418363343, 1.55291897592565 ], [ 32.473354418353438, 1.559281975931754 ], [ 32.46426041834502, 1.564705975936704 ], [ 32.458759418339923, 1.566497975938319 ], [ 32.453266418334806, 1.566911975938865 ], [ 32.447799418329623, 1.564566975936714 ], [ 32.442772418324921, 1.564294975936264 ], [ 32.425541418308967, 1.574492975945759 ], [ 32.419365418303187, 1.574899975946209 ], [ 32.414394418298571, 1.567731975939523 ], [ 32.411888418296257, 1.566791975938713 ], [ 32.404781418289531, 1.569697975941381 ], [ 32.400875418285978, 1.571294975942919 ], [ 32.39764041828289, 1.575405975946751 ], [ 32.394966418280546, 1.594691975964679 ], [ 32.391273418277024, 1.598568975968192 ], [ 32.370872418258159, 1.60483097597421 ], [ 32.355262418243456, 1.612513975981301 ], [ 32.356712418244797, 1.603100975972438 ], [ 32.354682418242874, 1.599864975969467 ], [ 32.351265418239791, 1.598226975967918 ], [ 32.348053418236759, 1.59957897596928 ], [ 32.339000418228352, 1.6155929759841 ], [ 32.334171418223832, 1.618998975987324 ], [ 32.326114418216321, 1.619161975987481 ], [ 32.31816441820888, 1.619320975987648 ], [ 32.317459418208273, 1.621383975989602 ], [ 32.320980418211548, 1.637965976005034 ], [ 32.319324418210044, 1.644387976010876 ], [ 32.311485418202665, 1.652136976018255 ], [ 32.308044418199643, 1.653256976019293 ], [ 32.30972641820108, 1.643845976010425 ], [ 32.308662418200129, 1.634411976001729 ], [ 32.305007418196737, 1.633920976001264 ], [ 32.298702418190942, 1.649727976015811 ], [ 32.295234418187647, 1.653835976019764 ], [ 32.284256418177392, 1.654430976020194 ], [ 32.277793418171314, 1.661271976026683 ], [ 32.272972418166773, 1.663987976029148 ], [ 32.266334418160795, 1.664390976029608 ], [ 32.250789418146269, 1.664025976029279 ], [ 32.238151418134521, 1.671271976035996 ], [ 32.214561418112453, 1.676123976040572 ], [ 32.184406418084336, 1.672871976037413 ], [ 32.142135418044973, 1.669281976034199 ], [ 32.132339418035826, 1.665057976030084 ], [ 32.123538418027692, 1.658986976024607 ], [ 32.109382418014548, 1.649221976015497 ], [ 32.104129418009734, 1.648715976014955 ], [ 32.099071418004996, 1.651889976017856 ], [ 32.097183418003169, 1.658769976024359 ], [ 32.09894141800487, 1.666830976031861 ], [ 32.108612418013763, 1.685537976049318 ], [ 32.107666418012968, 1.688747976052355 ], [ 32.102375418008023, 1.692608976055908 ], [ 32.100235418005923, 1.702015976064558 ], [ 32.104106418009678, 1.729866976090534 ], [ 32.107940418013186, 1.736107976096264 ], [ 32.115425418020095, 1.743301976103112 ], [ 32.142505418045403, 1.758483976117304 ], [ 32.160667418062303, 1.774046976131785 ], [ 32.176601418077098, 1.782463976139525 ], [ 32.184120418084149, 1.785518976142384 ], [ 32.200790418099587, 1.788422976145057 ], [ 32.204891418103443, 1.790298976146914 ], [ 32.208915418107154, 1.794302976150675 ], [ 32.213054418111142, 1.798416976154385 ], [ 32.222385418119757, 1.803785976159361 ], [ 32.228145418125223, 1.798547976154623 ], [ 32.234783418131428, 1.798145976154046 ], [ 32.24642941814227, 1.80008597615597 ], [ 32.253238418148612, 1.805892976161431 ], [ 32.255508418150612, 1.807981976163319 ], [ 32.269645418163691, 1.812702976167657 ], [ 32.276233418170023, 1.818047976172693 ], [ 32.278484418171956, 1.822205976176519 ], [ 32.276771418170483, 1.835525976189047 ], [ 32.278316418171926, 1.841976976194928 ], [ 32.281265418174598, 1.844990976197778 ], [ 32.300476418192602, 1.844926976197712 ], [ 32.314151418205256, 1.850332976202708 ], [ 32.339447418228701, 1.861125976212861 ], [ 32.341289418230417, 1.864061976215453 ], [ 32.343509418232543, 1.867598976218915 ], [ 32.339786418229096, 1.875383976225976 ], [ 32.344879418233859, 1.895199976244612 ], [ 32.341690418230883, 1.920923976268568 ], [ 32.342556418231652, 1.926449976273716 ], [ 32.34503941823391, 1.930379976277209 ], [ 32.35775341824592, 1.94152497628761 ], [ 32.362243418250046, 1.951910976297313 ], [ 32.360603418248502, 1.956494976301656 ], [ 32.344822418233889, 1.956129976301327 ], [ 32.339313418228585, 1.958381976303372 ], [ 32.338077418227613, 1.959873976304834 ], [ 32.335155418224758, 1.963404976308084 ], [ 32.334167418223842, 1.971903976316071 ], [ 32.337440418226834, 1.990785976333655 ], [ 32.343235418232325, 2.009000976350535 ], [ 32.35115841823972, 2.046088976385136 ], [ 32.351749418240161, 2.057360976395557 ], [ 32.348404418237124, 2.074347976411445 ], [ 32.344680418233565, 2.0819049764184 ], [ 32.332443418222283, 2.095136976430695 ], [ 32.326751418216872, 2.119002976452975 ], [ 32.323017418213567, 2.127478976460907 ], [ 32.323394418213866, 2.137139976469825 ], [ 32.320705418211446, 2.157582976488811 ], [ 32.321285418211801, 2.170234976500751 ], [ 32.317466418208369, 2.188828976517925 ], [ 32.310554418201946, 2.199328976527795 ], [ 32.302864418194758, 2.211009976538662 ], [ 32.291545418184114, 2.223789976550506 ], [ 32.279033418172503, 2.242308976567756 ], [ 32.260799418155557, 2.260777976584905 ], [ 32.254161418149351, 2.260720976584935 ], [ 32.243686418139532, 2.255110976579772 ], [ 32.226749418123745, 2.255652976580222 ], [ 32.21786141811549, 2.248807976573744 ], [ 32.188106418087955, 2.225879976552505 ], [ 32.171669418072497, 2.221596976548426 ], [ 32.165245418066661, 2.223296976550046 ], [ 32.145729418048404, 2.231256976557461 ], [ 32.140865418043859, 2.237882976563697 ], [ 32.128654418032511, 2.247663976572767 ], [ 32.108947418014168, 2.250938976575753 ], [ 32.10389341800942, 2.253193976577904 ], [ 32.0919074179983, 2.263206976587298 ], [ 32.086177417992985, 2.264305976588275 ], [ 32.07648441798392, 2.273877976597305 ], [ 32.067752417975726, 2.277939976600919 ], [ 32.060146417968781, 2.284310976607003 ], [ 32.059322417967905, 2.284553976607185 ], [ 32.05257841796174, 2.286543976608982 ], [ 32.04204541795184, 2.286909976609422 ], [ 32.037475417947462, 2.286178976608653 ], [ 32.025413417936306, 2.278941976602027 ], [ 32.019687417930982, 2.279349976602361 ], [ 32.011356417923253, 2.290083976612323 ], [ 32.003658417916085, 2.306572976627649 ], [ 31.997001417909814, 2.309042976630053 ], [ 31.992826417905917, 2.315444976635945 ], [ 31.989168417902647, 2.314951976635484 ], [ 31.97838241789259, 2.318533976638719 ], [ 31.974884417889371, 2.325862976645567 ], [ 31.96824041788318, 2.326721976646468 ], [ 31.965835417880953, 2.329007976648654 ], [ 31.955778417871443, 2.338568976657371 ], [ 31.940649417857458, 2.341420976660174 ], [ 31.936500417853495, 2.344832976663383 ], [ 31.933469417850802, 2.351014976669148 ], [ 31.92101841783915, 2.361480976678877 ], [ 31.911876417830626, 2.360017976677454 ], [ 31.906135417825226, 2.36226597667951 ], [ 31.901109417820635, 2.361299976678538 ], [ 31.895137417815022, 2.363775976680927 ], [ 31.890340417810421, 2.36281197667995 ], [ 31.859663417782031, 2.364140976681256 ], [ 31.854415417777091, 2.362482976679757 ], [ 31.845722417768911, 2.362173976679514 ], [ 31.833984417758074, 2.369424976686105 ], [ 31.828497417752942, 2.368914976685801 ], [ 31.811636417737191, 2.360710976678092 ], [ 31.799846417726258, 2.348642976666724 ], [ 31.78051141770834, 2.335814976654774 ], [ 31.769609417698121, 2.326744976646523 ], [ 31.765562417694355, 2.318887976639189 ], [ 31.756683417685963, 2.313975976634538 ], [ 31.753975417683478, 2.308601976629461 ], [ 31.750164417680026, 2.301036976622527 ], [ 31.728040417659486, 2.293241976615263 ], [ 31.711145417643593, 2.288944976611219 ], [ 31.704082417636982, 2.285658976608147 ], [ 31.697505417630964, 2.279157976602164 ], [ 31.694782417628403, 2.276832976599962 ], [ 31.685428417619732, 2.273755976597158 ], [ 31.675598417610445, 2.272743976596075 ], [ 31.658483417594653, 2.267753976591393 ], [ 31.644594417581629, 2.260263976584611 ], [ 31.633832417571739, 2.261082976585385 ], [ 31.629686417567882, 2.264032976587941 ], [ 31.625047417563565, 2.270657976594293 ], [ 31.620912417559566, 2.272458976595772 ], [ 31.613254417552525, 2.271722976595129 ], [ 31.607652417547342, 2.271183976594784 ], [ 31.600778417540823, 2.272267976595685 ], [ 31.575740417517636, 2.28237897660506 ], [ 31.561763417504608, 2.284545976607205 ], [ 31.556507417499688, 2.283805976606345 ], [ 31.548530417492202, 2.280279976603197 ], [ 31.533752417478354, 2.270250976593843 ], [ 31.531974417476704, 2.264484976588392 ], [ 31.519941417465589, 2.254480976579089 ], [ 31.514703417460623, 2.251900976576735 ], [ 31.508987417455273, 2.25138597657633 ], [ 31.50233041744923, 2.253621976578415 ], [ 31.506872417453451, 2.257344976581862 ], [ 31.515081417461033, 2.260412976584576 ], [ 31.530076417474902, 2.271595976595108 ], [ 31.541624417485764, 2.284813976607438 ], [ 31.561241417504107, 2.291440976613558 ], [ 31.571542417513683, 2.290848976613006 ], [ 31.580965417522293, 2.286568976609033 ], [ 31.593795417534466, 2.284850976607459 ], [ 31.600475417540565, 2.280084976602893 ], [ 31.612461417551685, 2.276516976599623 ], [ 31.614702417553872, 2.275849976599147 ], [ 31.624982417563388, 2.277556976600636 ], [ 31.629116417567275, 2.27621597659936 ], [ 31.637209417574695, 2.267092976590902 ], [ 31.642246417579372, 2.266680976590578 ], [ 31.654552417591049, 2.272085976595463 ], [ 31.661827417597806, 2.277213976600251 ], [ 31.679172417613927, 2.282205976604928 ], [ 31.689252417623266, 2.280920976603738 ], [ 31.693357417627112, 2.28233897660516 ], [ 31.698087417631541, 2.290662976612793 ], [ 31.702415417635621, 2.292772976614742 ], [ 31.708600417641264, 2.291910976613963 ], [ 31.722955417654703, 2.29871397662032 ], [ 31.730737417661885, 2.298556976620148 ], [ 31.746008417676194, 2.305137976626384 ], [ 31.754798417684242, 2.319707976639847 ], [ 31.771802417700201, 2.337113976656156 ], [ 31.78114341770879, 2.341799976660468 ], [ 31.786809417714039, 2.347831976666157 ], [ 31.792295417719288, 2.348572976666674 ], [ 31.804754417730919, 2.362486976679747 ], [ 31.813398417738881, 2.368315976685153 ], [ 31.81990641774496, 2.371068976687638 ], [ 31.831180417755377, 2.375838976692194 ], [ 31.837371417761233, 2.374515976690873 ], [ 31.846571417769837, 2.369540976686267 ], [ 31.850692417773644, 2.369118976685968 ], [ 31.856620417779141, 2.371702976688312 ], [ 31.86763741778941, 2.368123976684956 ], [ 31.895559417815321, 2.367918976684678 ], [ 31.898286417817872, 2.370013976686778 ], [ 31.901945417821253, 2.37027697668691 ], [ 31.911605417830287, 2.364844976681979 ], [ 31.918203417836594, 2.369274976686029 ], [ 31.930851417848316, 2.362259976679525 ], [ 31.937114417853991, 2.3528879766709 ], [ 31.951826417867778, 2.345431976663804 ], [ 31.960077417875482, 2.344126976662665 ], [ 31.964469417879627, 2.339106976658059 ], [ 31.966344417881373, 2.334063976653169 ], [ 31.971403417885995, 2.331349976650699 ], [ 31.977592417891856, 2.330255976649823 ], [ 31.981773417895738, 2.323163976643173 ], [ 31.989780417903148, 2.323466976643431 ], [ 31.994833417907785, 2.321441976641609 ], [ 31.996246417909106, 2.31685497663716 ], [ 32.009109417921081, 2.31145197663227 ], [ 32.013717417925363, 2.307812976628838 ], [ 32.015171417926695, 2.302996976624399 ], [ 32.018432417929716, 2.292216976614327 ], [ 32.02443741793536, 2.285831976608279 ], [ 32.027645417938402, 2.285170976607787 ], [ 32.043125417952751, 2.294277976616286 ], [ 32.049991417959291, 2.294109976616028 ], [ 32.075935417983374, 2.284451976606988 ], [ 32.093227417999515, 2.26965797659318 ], [ 32.11759141802213, 2.257143976581574 ], [ 32.119197418023759, 2.256318976580815 ], [ 32.128143418032096, 2.254098976578689 ], [ 32.132053418035639, 2.251603976576462 ], [ 32.146270418048971, 2.241335976566916 ], [ 32.154388418056442, 2.235472976561368 ], [ 32.169746418070645, 2.232157976558256 ], [ 32.185749418085607, 2.233907976559976 ], [ 32.191681418091093, 2.236029976561895 ], [ 32.203010418101712, 2.248546976573607 ], [ 32.212566418110555, 2.255069976579762 ], [ 32.231708418128392, 2.264204976588189 ], [ 32.245204418140929, 2.264781976588665 ], [ 32.25088841814636, 2.268971976592638 ], [ 32.258194418153153, 2.27087397659443 ], [ 32.267875418162248, 2.262679976586696 ], [ 32.276424418170109, 2.252864976577712 ], [ 32.287933418180728, 2.244685976570054 ], [ 32.29468141818711, 2.231635976557754 ], [ 32.314075418205221, 2.210875976538546 ], [ 32.321029418211538, 2.20058797652905 ], [ 32.323593418213932, 2.194860976523614 ], [ 32.331646418221453, 2.162505976493549 ], [ 32.329944418219839, 2.147313976479381 ], [ 32.331687418221463, 2.13054297646363 ], [ 32.339019418228418, 2.102091976437123 ], [ 32.343425418232528, 2.095000976430583 ], [ 32.344139418233226, 2.091787976427668 ], [ 32.351539418240009, 2.082192976418582 ], [ 32.358760418246675, 2.066618976404243 ], [ 32.358818418246756, 2.060180976398215 ], [ 32.350738418239416, 2.014123976355222 ], [ 32.346908418235671, 2.007192976348733 ], [ 32.342494418231581, 1.988070976331073 ], [ 32.345081418234031, 1.979814976323269 ], [ 32.343002418232118, 1.975973976319665 ], [ 32.34057641822983, 1.971498976315615 ], [ 32.342441418231601, 1.967375976311814 ], [ 32.347038418235798, 1.964885976309461 ], [ 32.357337418245379, 1.964054976308717 ], [ 32.363765418251432, 1.961350976306221 ], [ 32.367592418255072, 1.957189976302288 ], [ 32.368381418255694, 1.956330976301388 ], [ 32.368927418256362, 1.9457589762917 ], [ 32.366226418253746, 1.940677976286906 ], [ 32.358505418246523, 1.933713976280387 ], [ 32.350082418238799, 1.929043976276034 ], [ 32.347828418236531, 1.925345976272638 ], [ 32.347866418236663, 1.920516976268118 ], [ 32.351501418240105, 1.896406976245544 ], [ 32.350944418239578, 1.893906976243215 ], [ 32.347095418235995, 1.876595976227236 ], [ 32.349693418238303, 1.866501976217705 ], [ 32.34724041823597, 1.859123976210867 ], [ 32.341117418230397, 1.852863976205072 ], [ 32.311016418202371, 1.842718976195556 ], [ 32.302833418194723, 1.836670976190135 ], [ 32.29597441818828, 1.836610976190059 ], [ 32.290447418183248, 1.837882976191167 ], [ 32.286350418179381, 1.838826976191967 ], [ 32.283153418176425, 1.83810997619139 ], [ 32.280677418174037, 1.833489976187138 ], [ 32.284874418177878, 1.823869976178003 ], [ 32.283989418177043, 1.820643976175006 ], [ 32.281063418174426, 1.815100976170015 ], [ 32.270858418164835, 1.804666976160206 ], [ 32.252388418147802, 1.798298976154229 ], [ 32.240104418136298, 1.79083497614738 ], [ 32.233249418129844, 1.790085976146656 ], [ 32.227508418124444, 1.792794976149253 ], [ 32.221344418118861, 1.791821976148185 ], [ 32.217929418115546, 1.789722976146322 ], [ 32.211601418109694, 1.780930976138052 ], [ 32.206104418104587, 1.782262976139464 ], [ 32.201534418100437, 1.781503976138538 ], [ 32.198795418097916, 1.781048976138209 ], [ 32.18513141808512, 1.774261976131811 ], [ 32.173912418074678, 1.77623297613377 ], [ 32.165500418066813, 1.770181976128015 ], [ 32.154167418056204, 1.758816976117487 ], [ 32.139369418042406, 1.751099976110254 ], [ 32.12414141802833, 1.740159976100131 ], [ 32.11190441801682, 1.727637976088545 ], [ 32.108772418014041, 1.719562976080852 ], [ 32.107906418013044, 1.713807976075486 ], [ 32.108657418013763, 1.711197976073208 ], [ 32.113330418018222, 1.695004976058044 ], [ 32.113849418018617, 1.687882976051469 ], [ 32.112747418017761, 1.683274976047187 ], [ 32.10217241800774, 1.663411976028556 ], [ 32.102665418008201, 1.659507976024997 ], [ 32.104980418010427, 1.656079976021829 ], [ 32.108638418013925, 1.656112976021859 ], [ 32.125442418029479, 1.669364976034103 ], [ 32.142051418044957, 1.678936976043133 ], [ 32.149574418051998, 1.681531976045562 ], [ 32.152923418055025, 1.682298976046241 ], [ 32.156879418058679, 1.683204976047136 ], [ 32.163925418065219, 1.683745976047703 ], [ 32.178455418078784, 1.68486097604864 ], [ 32.190696418090283, 1.68580097604945 ], [ 32.211284418109472, 1.684601976048498 ], [ 32.220237418117676, 1.680770976044869 ], [ 32.24380141813981, 1.679367976043523 ], [ 32.268547418162825, 1.673374976037849 ], [ 32.287761418180708, 1.670559976035292 ], [ 32.293727418186108, 1.669684976034432 ], [ 32.312782418204051, 1.661113976026627 ], [ 32.320335418211016, 1.659798976025286 ], [ 32.326786418216898, 1.65923397602478 ] ] ] } },
{ "type": "Feature", "properties": { "ISO": "UGA", "COUNTRY": "Uganda", "F_CODE_DES": "Inland Water", "HYC_DESCRI": "Perennial/Permanent", "NAME": "UNK" }, "geometry": { "type": "Polygon", "coordinates": [ [ [ 31.467277417416426, 2.23419697656027 ], [ 31.460195417409977, 2.232978976559025 ], [ 31.455602417405544, 2.234774976560857 ], [ 31.456592417406682, 2.235668976561556 ], [ 31.474886417423704, 2.252207976576983 ], [ 31.4874044174353, 2.259456976583806 ], [ 31.492887417440443, 2.260199976584545 ], [ 31.494739417442133, 2.257917976582348 ], [ 31.493614417440995, 2.255837976580324 ], [ 31.482017417430143, 2.248136976573278 ], [ 31.467277417416426, 2.23419697656027 ] ] ] } },
{ "type": "Feature", "properties": { "ISO": "UGA", "COUNTRY": "Uganda", "F_CODE_DES": "Inland Water", "HYC_DESCRI": "Perennial/Permanent", "NAME": "LAKE KWANIA" }, "geometry": { "type": "Polygon", "coordinates": [ [ [ 32.334488418224282, 1.647130976013614 ], [ 32.326786418216898, 1.65923397602478 ], [ 32.341846418230944, 1.657914976023449 ], [ 32.355327418243633, 1.658949976024587 ], [ 32.36216741825001, 1.661307976026592 ], [ 32.371715418258873, 1.667825976032873 ], [ 32.388248418274316, 1.686816976050522 ], [ 32.397331418282647, 1.694905976057953 ], [ 32.402321418287329, 1.699350976062078 ], [ 32.404808418289576, 1.700572976063313 ], [ 32.407558418292183, 1.701924976064447 ], [ 32.420818418304634, 1.702496976065049 ], [ 32.424942418308319, 1.701381976064113 ], [ 32.427799418310997, 1.700797976063541 ], [ 32.440059418322562, 1.698291976061228 ], [ 32.462242418343067, 1.698018976060894 ], [ 32.465793418346493, 1.694373976057477 ], [ 32.466236418346853, 1.693918976057148 ], [ 32.468238418348847, 1.691861976055179 ], [ 32.476032418355999, 1.689398976052871 ], [ 32.482242418361693, 1.685083976048873 ], [ 32.488674418367737, 1.681688976045734 ], [ 32.491356418370287, 1.678722976042991 ], [ 32.496517418375106, 1.673018976037611 ], [ 32.505874418383883, 1.675166976039691 ], [ 32.511604418389197, 1.674537976039119 ], [ 32.513656418391065, 1.67431197603878 ], [ 32.520309418397346, 1.671838976036497 ], [ 32.528594418404964, 1.6650119760302 ], [ 32.534778418410724, 1.663683976029006 ], [ 32.540721418416297, 1.664192976029426 ], [ 32.542144418417593, 1.664779976029877 ], [ 32.554393418429072, 1.66982397603465 ], [ 32.568279418441989, 1.677755976042135 ], [ 32.57645441844943, 1.684259976047997 ], [ 32.593803418465768, 1.688081976051535 ], [ 32.598354418469853, 1.690647976053924 ], [ 32.616733418487001, 1.70827097607048 ], [ 32.621933418491835, 1.715900976077592 ], [ 32.622119418492048, 1.716624976078265 ], [ 32.625923418495631, 1.731336976091825 ], [ 32.630024418499488, 1.733208976093692 ], [ 32.633304418502576, 1.730893976091465 ], [ 32.6364634185054, 1.728664976089476 ], [ 32.644016418512365, 1.727806976088686 ], [ 32.647640418515721, 1.731973976092604 ], [ 32.650989418518975, 1.742346976102226 ], [ 32.657821418525373, 1.745621976105213 ], [ 32.672328418538882, 1.761602976120002 ], [ 32.67493041854118, 1.765819976124021 ], [ 32.6761134185424, 1.774508976132211 ], [ 32.674350418540598, 1.794495976150756 ], [ 32.678787418544744, 1.811774976166816 ], [ 32.682415418548317, 1.815712976170516 ], [ 32.682930418548722, 1.815889976170638 ], [ 32.689254418554583, 1.818067976172642 ], [ 32.692459418557519, 1.817863976172475 ], [ 32.695690418560616, 1.81421197616919 ], [ 32.690719418556, 1.806583976162074 ], [ 32.688045418553429, 1.798055976154046 ], [ 32.689457418554866, 1.793009976149278 ], [ 32.693840418558921, 1.788446976145224 ], [ 32.695274418560075, 1.780641976137758 ], [ 32.695392418560232, 1.765699976123869 ], [ 32.697269418561973, 1.759736976118347 ], [ 32.701393418565885, 1.758851976117512 ], [ 32.705009418569261, 1.76393897612229 ], [ 32.707367418571494, 1.783958976140866 ], [ 32.712146418575912, 1.786756976143579 ], [ 32.71672441858027, 1.78610397614284 ], [ 32.720176418583378, 1.783603976140512 ], [ 32.727500418590125, 1.782972976139945 ], [ 32.732051418594438, 1.785538976142334 ], [ 32.737018418599064, 1.794010976150275 ], [ 32.738822418600648, 1.797088976153191 ], [ 32.747238418608504, 1.802444976158085 ], [ 32.751739418612715, 1.811906976166938 ], [ 32.760196418620581, 1.812434976167424 ], [ 32.76315341862346, 1.814527976169302 ], [ 32.764488418624751, 1.819366976173797 ], [ 32.759582418620084, 1.832431976186172 ], [ 32.771453418631154, 1.834596976188095 ], [ 32.773948418633381, 1.837605976190844 ], [ 32.775718418635051, 1.844976976197813 ], [ 32.77378841863333, 1.857836976209683 ], [ 32.775329418634783, 1.865205976216657 ], [ 32.780784418639769, 1.869848976220965 ], [ 32.783531418642269, 1.869410976220479 ], [ 32.784706418643509, 1.865511976216794 ], [ 32.782035418641044, 1.856063976208134 ], [ 32.783683418642568, 1.849869976202399 ], [ 32.7896424186481, 1.848307976200886 ], [ 32.793518418651729, 1.849947976202429 ], [ 32.805313418662763, 1.862227976213717 ], [ 32.808437418665562, 1.872369976223354 ], [ 32.812553418669495, 1.872171976223171 ], [ 32.818763418675189, 1.867853976219067 ], [ 32.819976418676333, 1.866146976217578 ], [ 32.824775418680701, 1.859394976211206 ], [ 32.829578418685287, 1.85943297621111 ], [ 32.836177418691477, 1.863853976215296 ], [ 32.839203418694296, 1.857210976209217 ], [ 32.847213418701585, 1.856354976208422 ], [ 32.850631418704779, 1.85799197620986 ], [ 32.852199418706277, 1.862142976213818 ], [ 32.848938418703256, 1.869703976220762 ], [ 32.850296418704602, 1.871553976222458 ], [ 32.853954418707872, 1.871812976222827 ], [ 32.860374418713945, 1.869564976220545 ], [ 32.864524418717792, 1.865458976216814 ], [ 32.865478418718794, 1.860407976212173 ], [ 32.861900418715322, 1.849803976202338 ], [ 32.862156418715585, 1.846356976199104 ], [ 32.867462418720606, 1.840421976193511 ], [ 32.872951418725734, 1.840464976193516 ], [ 32.879978418732208, 1.84879797620124 ], [ 32.883632418735715, 1.849056976201609 ], [ 32.885707418737638, 1.84700397619963 ], [ 32.885025418736859, 1.843169976196123 ], [ 32.883079418735178, 1.832268976186015 ], [ 32.885193418737117, 1.825157976179298 ], [ 32.8965764187476, 1.831914976185544 ], [ 32.900684418751553, 1.832866976186551 ], [ 32.908287418758619, 1.825569976179622 ], [ 32.91241441876241, 1.824222976178362 ], [ 32.920604418770154, 1.829805976183707 ], [ 32.923305418772543, 1.835574976189037 ], [ 32.917045418766747, 1.846560976199271 ], [ 32.917717418767324, 1.848405976200866 ], [ 32.929534418778303, 1.858154976210017 ], [ 32.931327418780029, 1.862766976214289 ], [ 32.930374418779138, 1.867587976218829 ], [ 32.932552418781142, 1.881859976232136 ], [ 32.937568418785759, 1.883967976234089 ], [ 32.944622418792505, 1.883826976233877 ], [ 32.945804418793614, 1.883802976233937 ], [ 32.950363418797679, 1.885677976235684 ], [ 32.951484418798827, 1.888675976238346 ], [ 32.954845418801824, 1.897438976246576 ], [ 32.958717418805463, 1.899767976248768 ], [ 32.964843418811142, 1.899540976248545 ], [ 32.974044418819858, 1.899198976248272 ], [ 32.989048418833818, 1.911500976259731 ], [ 32.999485418843506, 1.922760976270183 ], [ 33.00106841884508, 1.924469976271894 ], [ 33.014083418857126, 1.92732997627445 ], [ 33.018211418861029, 1.925981976273306 ], [ 33.026004418868297, 1.923742976271114 ], [ 33.027408418869527, 1.922256976269637 ], [ 33.029235418871167, 1.92031997626782 ], [ 33.028026418870013, 1.912785976260921 ], [ 33.026615418868687, 1.903974976252812 ], [ 33.023426418865711, 1.902110976250924 ], [ 33.010604418853973, 1.90385097625267 ], [ 33.006507418850106, 1.901289976250155 ], [ 33.004970418848643, 1.893000976242547 ], [ 32.996799418840965, 1.884660976234727 ], [ 32.993240418837786, 1.871527976222524 ], [ 32.98801441883279, 1.866888976218206 ], [ 32.972709418818567, 1.864469976216014 ], [ 32.967472418813713, 1.861669976213307 ], [ 32.962524418809153, 1.850825976203168 ], [ 32.954555418801647, 1.845935976198689 ], [ 32.953888418800943, 1.843630976196437 ], [ 32.955513418802639, 1.840654976193719 ], [ 32.959858418806562, 1.84068897619386 ], [ 32.961883418808384, 1.841321976194422 ], [ 32.979477418824899, 1.846819976199413 ], [ 32.982685418827941, 1.846154976198932 ], [ 32.984313418829288, 1.842258976195126 ], [ 32.978447418823862, 1.832097976185651 ], [ 32.977115418822677, 1.826568976180624 ], [ 32.979713418824986, 1.816243976171108 ], [ 32.985260418830194, 1.808699976164007 ], [ 32.98870041883356, 1.807116976162433 ], [ 32.993041418837493, 1.807840976163106 ], [ 32.998027418842184, 1.813626976168507 ], [ 32.999542418843475, 1.824673976178929 ], [ 33.004085418847808, 1.829077976183044 ], [ 33.010025418853274, 1.829813976183686 ], [ 33.014156418857056, 1.827776976181667 ], [ 33.016822418859647, 1.824697976178868 ], [ 33.019695418862284, 1.821381976175871 ], [ 33.021335418863828, 1.816106976170886 ], [ 33.020359418862881, 1.81334497616831 ], [ 33.01972241886233, 1.811535976166624 ], [ 33.019542418862102, 1.811034976166184 ], [ 33.009319418852556, 1.802219976157858 ], [ 33.006847418850384, 1.796682976152852 ], [ 33.009159418852505, 1.793251976149577 ], [ 33.016956418859763, 1.790323976146965 ], [ 33.016296418859156, 1.787099976143963 ], [ 33.012432418855497, 1.784080976141013 ], [ 33.007850418851376, 1.784735976141747 ], [ 33.000484418844508, 1.791345976147795 ], [ 32.996166418840403, 1.787633976144434 ], [ 32.993244418837776, 1.781173976138234 ], [ 32.993743418838221, 1.775659976133284 ], [ 32.999771418843693, 1.764900976123272 ], [ 32.998249418842306, 1.754773976113711 ], [ 32.999878418843764, 1.744999976104737 ], [ 33.000164418844179, 1.743293976103132 ], [ 32.99950741884345, 1.739380976099483 ], [ 32.990676418835392, 1.728046976088763 ], [ 32.989551418834253, 1.729806976090458 ], [ 32.98789941883274, 1.732392976092797 ], [ 32.978519418823907, 1.762896976121283 ], [ 32.971775418817742, 1.777327976134757 ], [ 32.968700418814933, 1.791097976147512 ], [ 32.96545841881175, 1.796130976152199 ], [ 32.962699418809279, 1.798177976154193 ], [ 32.958576418805478, 1.798835976154805 ], [ 32.952827418800098, 1.803158976158784 ], [ 32.943462418791341, 1.801705976157564 ], [ 32.934837418783218, 1.793131976149425 ], [ 32.928665418777655, 1.792623976148889 ], [ 32.923153418772472, 1.7957989761519 ], [ 32.919494418769091, 1.796000976152072 ], [ 32.909710418759914, 1.789255976145796 ], [ 32.903083418753795, 1.788743976145497 ], [ 32.898723418749569, 1.790548976146965 ], [ 32.889976418741526, 1.797836976153803 ], [ 32.886077418737841, 1.799415976155387 ], [ 32.881736418733908, 1.798920976154932 ], [ 32.870842418723669, 1.7882599761449 ], [ 32.864006418717281, 1.785446976142339 ], [ 32.861476418715029, 1.787035976143898 ], [ 32.859153418712822, 1.791614976148139 ], [ 32.860004418713515, 1.799668976155544 ], [ 32.856777418710635, 1.803321976158941 ], [ 32.850593418704875, 1.8041919761597 ], [ 32.845996418700452, 1.807143976162479 ], [ 32.841613418696397, 1.812167976167302 ], [ 32.835788418690981, 1.825685976179784 ], [ 32.830711418686406, 1.831622976185372 ], [ 32.825672418681734, 1.832731976186324 ], [ 32.817127418673635, 1.814271976169266 ], [ 32.813957418670725, 1.810107976165227 ], [ 32.805957418663183, 1.809583976164731 ], [ 32.804142418661513, 1.807729976163046 ], [ 32.807148418664383, 1.803385976159007 ], [ 32.809063418666256, 1.792595976148959 ], [ 32.807247418664474, 1.790741976147274 ], [ 32.804725418662201, 1.791870976148402 ], [ 32.800796418658365, 1.796897976152877 ], [ 32.798057418655844, 1.796185976152401 ], [ 32.794700418652837, 1.787192976143842 ], [ 32.795898418653906, 1.780075976137368 ], [ 32.794582418652681, 1.772937976130606 ], [ 32.791183418649553, 1.7687719761268 ], [ 32.788307418646809, 1.767660976125853 ], [ 32.778419418637668, 1.763841976122194 ], [ 32.775756418635183, 1.759760976118287 ], [ 32.775253418634748, 1.758988976117735 ], [ 32.775955418635249, 1.75692497611567 ], [ 32.781242418640204, 1.753748976112774 ], [ 32.784023418642846, 1.748943976108421 ], [ 32.786777418645443, 1.747586976106959 ], [ 32.791332418649745, 1.749921976109135 ], [ 32.796821418654872, 1.75019597610958 ], [ 32.797973418655829, 1.749055976108366 ], [ 32.797813418655778, 1.740317976100187 ], [ 32.799659418657484, 1.738033976098222 ], [ 32.809955418666959, 1.737426976097595 ], [ 32.81042441866748, 1.735821976096076 ], [ 32.805008418662283, 1.726581976087573 ], [ 32.80205141865963, 1.724489976085579 ], [ 32.801376418658947, 1.724540976085564 ], [ 32.796562418654503, 1.724904976086009 ], [ 32.785308418644036, 1.731021976091597 ], [ 32.779174418638377, 1.731126976091673 ], [ 32.778316418637587, 1.730672976091228 ], [ 32.770935418630643, 1.726768976087669 ], [ 32.764259418624533, 1.732461976092964 ], [ 32.753013418614046, 1.73742897609759 ], [ 32.747070418608473, 1.737380976097484 ], [ 32.740913418602759, 1.735262976095555 ], [ 32.73500841859709, 1.72992697609061 ], [ 32.733215418595591, 1.725314976086338 ], [ 32.734203418596508, 1.716126976077703 ], [ 32.739063418601063, 1.708809976071052 ], [ 32.740944418602794, 1.702617976065085 ], [ 32.738464418600415, 1.697999976060828 ], [ 32.734806418596918, 1.698199976061005 ], [ 32.723087418586147, 1.70523197606758 ], [ 32.717373418580792, 1.704955976067367 ], [ 32.714420418578129, 1.70217297606473 ], [ 32.712917418576581, 1.69020697605356 ], [ 32.710426418574343, 1.68696797605071 ], [ 32.706775418570942, 1.68624897604991 ], [ 32.696434418561239, 1.692601976055812 ], [ 32.690719418556, 1.692324976055488 ], [ 32.678020418544065, 1.679117976043244 ], [ 32.666404418533375, 1.673275976037758 ], [ 32.650310418518302, 1.656132976021809 ], [ 32.641502418510072, 1.642727976009382 ], [ 32.635326418504292, 1.639069976005885 ], [ 32.621498418491456, 1.630874975998267 ], [ 32.618290418488414, 1.628973975996587 ], [ 32.607807418478615, 1.6247499759927 ], [ 32.602096418473366, 1.624242975992274 ], [ 32.595909418467727, 1.62580097599357 ], [ 32.592685418464725, 1.628532975996222 ], [ 32.589420418461714, 1.636551976003602 ], [ 32.584613418457138, 1.636971976004133 ], [ 32.574833418447952, 1.63091397599851 ], [ 32.565994418439686, 1.62118597598942 ], [ 32.566944418440698, 1.616825975985194 ], [ 32.570167418443589, 1.61432397598287 ], [ 32.57542841844861, 1.613907975982556 ], [ 32.578388418451368, 1.615311975983786 ], [ 32.580867418453636, 1.619699975987942 ], [ 32.57945641845231, 1.624744975992598 ], [ 32.581249418454036, 1.628897975996551 ], [ 32.586048418458404, 1.629396975996997 ], [ 32.587165418459563, 1.625920975993722 ], [ 32.588626418460763, 1.621372975989516 ], [ 32.587749418460135, 1.616767975985113 ], [ 32.584591418457194, 1.611684975980552 ], [ 32.580730418453413, 1.608433975977505 ], [ 32.570453418444004, 1.606969975976199 ], [ 32.561790418435976, 1.603909975973238 ], [ 32.551589418426374, 1.593250975963429 ], [ 32.539940418415426, 1.591774975961926 ], [ 32.536934418412784, 1.59611697596597 ], [ 32.536914418412607, 1.598645975968338 ], [ 32.542346418417765, 1.605127975974483 ], [ 32.548736418423687, 1.606559975975642 ], [ 32.553058418427781, 1.609583975978467 ], [ 32.553493418428161, 1.612115975980942 ], [ 32.544944418420073, 1.62307897599112 ], [ 32.5423774184178, 1.629494975996977 ], [ 32.544178418419506, 1.632957976000398 ], [ 32.546913418422037, 1.633899976001203 ], [ 32.547504418422477, 1.632886976000236 ], [ 32.55039241842519, 1.627951975995529 ], [ 32.554306418428951, 1.624765975992659 ], [ 32.557731418432013, 1.62525497599313 ], [ 32.563625418437596, 1.631280975998834 ], [ 32.577297418450371, 1.636910976003946 ], [ 32.579093418451976, 1.641063976007899 ], [ 32.578613418451596, 1.643817976010496 ], [ 32.576080418449237, 1.646325976012804 ], [ 32.550945418425727, 1.644048976010708 ], [ 32.54201141841736, 1.646272976012597 ], [ 32.523182418399983, 1.655770976021586 ], [ 32.506462418384444, 1.659309976024815 ], [ 32.502017418380092, 1.661326976026658 ], [ 32.452755418334391, 1.683685976047627 ], [ 32.435802418318644, 1.687909976051515 ], [ 32.418438418302458, 1.685923976049708 ], [ 32.405010418289748, 1.678453976042647 ], [ 32.388469418274553, 1.664887976030059 ], [ 32.379802418266308, 1.657779976023448 ], [ 32.371154418258357, 1.652877976018772 ], [ 32.359294418247373, 1.649328976015568 ], [ 32.3391724182286, 1.649845976015968 ], [ 32.334488418224282, 1.647130976013614 ] ] ] } },
{ "type": "Feature", "properties": { "ISO": "UGA", "COUNTRY": "Uganda", "F_CODE_DES": "Inland Water", "HYC_DESCRI": "Perennial/Permanent", "NAME": "LAKE KYOGA" }, "geometry": { "type": "Polygon", "coordinates": [ [ [ 32.891006418742563, 1.329216975717372 ], [ 32.883003418734916, 1.319292975708095 ], [ 32.882023418734207, 1.320571975709299 ], [ 32.881309418733508, 1.324243975712761 ], [ 32.879543418731828, 1.325190975713667 ], [ 32.870750418723674, 1.32990597571802 ], [ 32.868015418721143, 1.329194975717428 ], [ 32.866436418719559, 1.326653975715089 ], [ 32.871765418724635, 1.317043975706156 ], [ 32.880256418732415, 1.312513975701904 ], [ 32.88372041873572, 1.307944975697637 ], [ 32.883754418735634, 1.303578975693654 ], [ 32.876716418729075, 1.303888975693781 ], [ 32.87049441872341, 1.304162975693998 ], [ 32.866348418719554, 1.308496975698063 ], [ 32.862175418715651, 1.316277975705361 ], [ 32.856643418710519, 1.321749975710418 ], [ 32.855228418709203, 1.327713975716051 ], [ 32.857887418711698, 1.3383069757258 ], [ 32.84573341870032, 1.372455975757703 ], [ 32.842811418697693, 1.395415975779088 ], [ 32.84127441869623, 1.397669975781128 ], [ 32.836109418691422, 1.405245975788148 ], [ 32.831958418687464, 1.409809975792541 ], [ 32.829200418684877, 1.410432975793128 ], [ 32.828186418684027, 1.41066297579323 ], [ 32.825088418681162, 1.411362975793963 ], [ 32.813919418670594, 1.407366975790183 ], [ 32.806373418663725, 1.407535975790324 ], [ 32.80108641865877, 1.41117197579365 ], [ 32.797618418655475, 1.416429975798565 ], [ 32.794567418652605, 1.426518975807994 ], [ 32.792499418650777, 1.42788097580933 ], [ 32.785869418644552, 1.428057975809452 ], [ 32.771968418631559, 1.422659975804436 ], [ 32.761680418622063, 1.422576975804304 ], [ 32.754108418615033, 1.426422975808009 ], [ 32.748855418609992, 1.425690975807356 ], [ 32.739318418601215, 1.4195899758015 ], [ 32.728843418591396, 1.412887975795456 ], [ 32.723526418586516, 1.408205975790906 ], [ 32.722259418585281, 1.407088975789975 ], [ 32.720302418583515, 1.404160975787136 ], [ 32.719322418582578, 1.402697975785941 ], [ 32.718891418582189, 1.399476975782818 ], [ 32.721233418584461, 1.392370975776203 ], [ 32.729320418591897, 1.381633975766135 ], [ 32.73531341859757, 1.375246975760319 ], [ 32.748146418609394, 1.370983975756417 ], [ 32.752750418613687, 1.366883975752444 ], [ 32.759014418619472, 1.355212975741551 ], [ 32.760665418621102, 1.348560975735381 ], [ 32.770961418630577, 1.347264975734333 ], [ 32.774887418634307, 1.342469975729728 ], [ 32.777053418636342, 1.328697975716977 ], [ 32.776222418635598, 1.317889975706976 ], [ 32.773742418633219, 1.313502975702704 ], [ 32.7670704186271, 1.319424975708216 ], [ 32.757125418617761, 1.333823975721771 ], [ 32.755653418616475, 1.346911975733974 ], [ 32.75218541861318, 1.351940975738671 ], [ 32.733581418595804, 1.363281975749032 ], [ 32.711223418574946, 1.364972975750788 ], [ 32.708881418572901, 1.36514997575091 ], [ 32.702465418566817, 1.367165975752869 ], [ 32.695095418559958, 1.373770975758816 ], [ 32.689361418554654, 1.376482975761519 ], [ 32.678611418544733, 1.377084975762045 ], [ 32.66165941852887, 1.381772975766353 ], [ 32.655689418523252, 1.385170975769597 ], [ 32.645080418513544, 1.397035975780682 ], [ 32.641647418510274, 1.397467975780955 ], [ 32.627300418496816, 1.390913975774993 ], [ 32.617935418488059, 1.390376975774416 ], [ 32.598896418470531, 1.398494975781887 ], [ 32.57724741845027, 1.418311975800407 ], [ 32.565303418439044, 1.425567975807098 ], [ 32.560138418434235, 1.442073975822495 ], [ 32.549976418424876, 1.454860975834436 ], [ 32.548095418423145, 1.461280975840509 ], [ 32.549408418424264, 1.468416975847049 ], [ 32.562046418436012, 1.488748975865974 ], [ 32.566536418440364, 1.498670975875257 ], [ 32.567382418441184, 1.506722975882667 ], [ 32.564788418438638, 1.516814975892203 ], [ 32.562011418435986, 1.520699975895695 ], [ 32.55558741843015, 1.523403975898191 ], [ 32.532959418409064, 1.523215975897983 ], [ 32.531864418408077, 1.523040975897857 ], [ 32.53077341840708, 1.530047975904381 ], [ 32.531532418407778, 1.529869975904376 ], [ 32.577396418450462, 1.540594975914246 ], [ 32.579921418452841, 1.539466975913228 ], [ 32.581317418454091, 1.536489975910399 ], [ 32.579322418452193, 1.528428975902898 ], [ 32.580768418453545, 1.525160975900008 ], [ 32.58165341845438, 1.523160975898008 ], [ 32.586460418458955, 1.522510975897376 ], [ 32.592159418464234, 1.524396975899208 ], [ 32.595165418466877, 1.520054975895164 ], [ 32.593593418465389, 1.516823975892066 ], [ 32.588340418460575, 1.51609097589153 ], [ 32.586074418458566, 1.513543975888979 ], [ 32.586792418459254, 1.509871975885744 ], [ 32.592121418464103, 1.500950975877458 ], [ 32.595108418466907, 1.498906975875343 ], [ 32.605636418476706, 1.497384975873956 ], [ 32.618476418488626, 1.492893975869947 ], [ 32.624626418494472, 1.49547297587219 ], [ 32.637439418506347, 1.494198975871086 ], [ 32.649051418517047, 1.500040975876573 ], [ 32.653400418521187, 1.49938697587595 ], [ 32.668941418535724, 1.504091975880328 ], [ 32.674396418540709, 1.503925975880065 ], [ 32.690910418556086, 1.496934975873728 ], [ 32.696624418561441, 1.497210975873941 ], [ 32.701858418566417, 1.500241975876634 ], [ 32.70658141857075, 1.510163975885916 ], [ 32.718379418581662, 1.521062975896029 ], [ 32.722892418585843, 1.52845497590306 ], [ 32.746048418607415, 1.549329975922319 ], [ 32.757556418618151, 1.561456975933652 ], [ 32.760559418620915, 1.564618975936583 ], [ 32.762168418622423, 1.566965975938729 ], [ 32.778186418637461, 1.590275975960594 ], [ 32.789547418647999, 1.59933197596888 ], [ 32.800975418658709, 1.599653975969204 ], [ 32.803730418661189, 1.598526975968298 ], [ 32.806743418663928, 1.593263975963282 ], [ 32.810634418667632, 1.592604975962786 ], [ 32.818611418675118, 1.595886975965868 ], [ 32.821327418677583, 1.599356975968931 ], [ 32.819931418676333, 1.60233397597176 ], [ 32.81080241866789, 1.600191975969892 ], [ 32.809879418666924, 1.601563975970976 ], [ 32.82372341867972, 1.614777975983316 ], [ 32.824642418680696, 1.614273975982996 ], [ 32.825790418681663, 1.613644975982425 ], [ 32.828151418684001, 1.604008975973329 ], [ 32.830497418686036, 1.595981975965969 ], [ 32.829307418684948, 1.594193975964117 ], [ 32.82371941867973, 1.585813975956398 ], [ 32.817871418674258, 1.573583975944985 ], [ 32.813518418670355, 1.574927975946366 ], [ 32.80817841866542, 1.585458975956044 ], [ 32.804031418661452, 1.589103975959461 ], [ 32.798786418656618, 1.58768297595816 ], [ 32.793098418651198, 1.583959975954713 ], [ 32.791088418649451, 1.577966975949039 ], [ 32.793933418652159, 1.565116975937144 ], [ 32.791912418650099, 1.560503975932761 ], [ 32.783527418642279, 1.551240975924202 ], [ 32.785163418643833, 1.546656975919859 ], [ 32.790687418648986, 1.541873975915451 ], [ 32.79710341865507, 1.539856975913608 ], [ 32.799034418656902, 1.539993975913831 ], [ 32.804416418661731, 1.540375975914003 ], [ 32.810554418667607, 1.544791975918088 ], [ 32.816215418672755, 1.551732975924551 ], [ 32.820766418677067, 1.554297975927057 ], [ 32.839973418694854, 1.553761975926591 ], [ 32.860496418714092, 1.560820975933211 ], [ 32.87277241872539, 1.569652975941381 ], [ 32.87710541872957, 1.571296975942914 ], [ 32.890895418742275, 1.561750975934046 ], [ 32.896854418748035, 1.559728975932103 ], [ 32.901649418752413, 1.560456975932766 ], [ 32.906421418756736, 1.564401975936562 ], [ 32.908519418758715, 1.567704975939478 ], [ 32.915229418764966, 1.578263975949312 ], [ 32.919082418768539, 1.582660975953559 ], [ 32.92159241877107, 1.58337097595404 ], [ 32.922351418771768, 1.57395197594542 ], [ 32.925384418774456, 1.566159975938035 ], [ 32.931583418780292, 1.562530975934806 ], [ 32.934089418782605, 1.563699975935833 ], [ 32.938610418786766, 1.570401975942104 ], [ 32.940662418788634, 1.571336975942813 ], [ 32.948299418795841, 1.558983975931369 ], [ 32.952907418800123, 1.554652975927411 ], [ 32.961135418807771, 1.554716975927477 ], [ 32.964550418810859, 1.556582975929132 ], [ 32.966541418812767, 1.56556297593761 ], [ 32.974762418820546, 1.566776975938637 ], [ 32.976333418821923, 1.570236975941953 ], [ 32.971931418817803, 1.578017975949024 ], [ 32.972835418818704, 1.579633975950628 ], [ 32.974769418820415, 1.579691975950709 ], [ 32.983348418828427, 1.579945975950977 ], [ 32.994651418839112, 1.566700975938602 ], [ 32.994468418838778, 1.560723975933115 ], [ 32.989948418834729, 1.553791975926515 ], [ 32.987945418832851, 1.546650975919874 ], [ 32.989807418834516, 1.542527975916073 ], [ 32.992103418836678, 1.541166975914848 ], [ 32.997592418841805, 1.540978975914641 ], [ 33.015148418858189, 1.547321975920568 ], [ 33.018539418861337, 1.552174975925027 ], [ 33.021202418863822, 1.562769975934998 ], [ 33.024391418866799, 1.564632975936775 ], [ 33.033989418875535, 1.564937975937028 ], [ 33.037391418878769, 1.568641975940409 ], [ 33.038234418879483, 1.578072975949226 ], [ 33.039592418880829, 1.579691975950709 ], [ 33.05146441889201, 1.582082975952972 ], [ 33.056907418897026, 1.587640975958038 ], [ 33.06209541890189, 1.596875975966668 ], [ 33.071723418910778, 1.593501975963591 ], [ 33.07720141891582, 1.594693975964674 ], [ 33.079456418917971, 1.599077975968839 ], [ 33.077354418916002, 1.605038975974367 ], [ 33.079391418918021, 1.607812975976913 ], [ 33.083953418922192, 1.6089979759779 ], [ 33.085754418923898, 1.613148975981858 ], [ 33.08069241891917, 1.617017975985391 ], [ 33.079986418918452, 1.620000975988205 ], [ 33.082473418920699, 1.623697975991718 ], [ 33.088180418926186, 1.624660975992583 ], [ 33.094970418932462, 1.634137976001512 ], [ 33.093803418931429, 1.636887976003891 ], [ 33.087131418925082, 1.642583976009291 ], [ 33.08595641892407, 1.645548976011924 ], [ 33.085498418923635, 1.646708976013088 ], [ 33.090038418927861, 1.651111976017319 ], [ 33.092151418929916, 1.651658976017643 ], [ 33.096428418933783, 1.652769976018817 ], [ 33.098011418935357, 1.655080976020827 ], [ 33.097488418934745, 1.663811976029137 ], [ 33.09837341893558, 1.667956976032883 ], [ 33.101097418938025, 1.670505976035201 ], [ 33.106155418942762, 1.669963976034751 ], [ 33.111343418947627, 1.669407976034336 ], [ 33.117115418953063, 1.668789976033622 ], [ 33.119430418955289, 1.665358976030575 ], [ 33.123188418958762, 1.654730976020574 ], [ 33.125267418960675, 1.648851976015067 ], [ 33.124599418960088, 1.646547976012926 ], [ 33.110496418946923, 1.637014976004139 ], [ 33.108932418945415, 1.632175975999644 ], [ 33.111717418948047, 1.626679975994421 ], [ 33.123592418959106, 1.628609975996142 ], [ 33.125900418961237, 1.625638975993525 ], [ 33.120277418955993, 1.613182975981772 ], [ 33.121677418957233, 1.609514975978527 ], [ 33.130142418965079, 1.608430975977399 ], [ 33.135364418970084, 1.613527975982151 ], [ 33.142341418976457, 1.628062975995817 ], [ 33.149375418983027, 1.635241976002362 ], [ 33.156440418989632, 1.63851397600547 ], [ 33.159874418992786, 1.638079976004974 ], [ 33.161487418994284, 1.636483976003547 ], [ 33.162441418995286, 1.630973975998359 ], [ 33.161342418994309, 1.62521797599311 ], [ 33.165702418998308, 1.622952975990984 ], [ 33.169803419002164, 1.624822975992629 ], [ 33.172058419004316, 1.629436975997123 ], [ 33.171348419003607, 1.632649976000039 ], [ 33.173381419005409, 1.635883976003015 ], [ 33.176113419008061, 1.635976976003121 ], [ 33.182067419013492, 1.636178976003293 ], [ 33.186370419017521, 1.641498976008279 ], [ 33.19019741902116, 1.650032976016291 ], [ 33.192256419023124, 1.662738976028095 ], [ 33.194786419025377, 1.678342976042586 ], [ 33.196807419027209, 1.683645976047501 ], [ 33.203876419033804, 1.685997976049748 ], [ 33.206401419036183, 1.684637976048407 ], [ 33.213630419042829, 1.665841976030833 ], [ 33.217784419046893, 1.660354976025928 ], [ 33.221908419050578, 1.659466976024987 ], [ 33.229648419057867, 1.664121976029264 ], [ 33.23436741906221, 1.675421976039843 ], [ 33.241611419068931, 1.685360976049196 ], [ 33.248657419075471, 1.691160976054562 ], [ 33.262546419088494, 1.699309976062068 ], [ 33.26665441909222, 1.700260976062964 ], [ 33.268268419093829, 1.698203976060995 ], [ 33.269439419094851, 1.694763976057857 ], [ 33.266956419092594, 1.689917976053266 ], [ 33.265873419091577, 1.689248976052795 ], [ 33.254894419081438, 1.682471976046372 ], [ 33.252643419079277, 1.677396976041791 ], [ 33.253585419080082, 1.673495976038112 ], [ 33.259361419085508, 1.665493976030575 ], [ 33.261009419087031, 1.659298976024729 ], [ 33.25832741908448, 1.650772976016924 ], [ 33.258815419085067, 1.646638976013037 ], [ 33.262500419088383, 1.642758976009418 ], [ 33.268222419093718, 1.642111976008891 ], [ 33.274089419099255, 1.643632976010167 ], [ 33.27461241909964, 1.643767976010395 ], [ 33.283763419108254, 1.643146976009803 ], [ 33.293117419116925, 1.645744976012111 ], [ 33.299713419123009, 1.650390976016524 ], [ 33.302196419125494, 1.655236976021115 ], [ 33.300334419123601, 1.6593609760248 ], [ 33.29620741911981, 1.661169976026486 ], [ 33.295272419118874, 1.663690976028875 ], [ 33.297294419120817, 1.668762976033577 ], [ 33.303199419126258, 1.674094976038532 ], [ 33.309806419132428, 1.677591976041867 ], [ 33.315288419137687, 1.678091976042424 ], [ 33.32102541914287, 1.67560597604006 ], [ 33.327880419149324, 1.675885976040263 ], [ 33.336292419157189, 1.683073976046899 ], [ 33.343540419163901, 1.692322976055493 ], [ 33.349704419169711, 1.693747976057011 ], [ 33.3588604191782, 1.692664976055994 ], [ 33.361843419181014, 1.69107797605443 ], [ 33.370121419188763, 1.684471976048371 ], [ 33.37743741919553, 1.684524976048351 ], [ 33.383781419201341, 1.693076976056318 ], [ 33.39109041920824, 1.694049976057158 ], [ 33.397232419213879, 1.698232976061036 ], [ 33.399704419216278, 1.704457976066806 ], [ 33.40124541921773, 1.712974976074747 ], [ 33.406242419222281, 1.717378976078862 ], [ 33.410060419225829, 1.727061976087953 ], [ 33.415340419230688, 1.756297976115093 ], [ 33.427589419242167, 1.77063997612845 ], [ 33.433670419247846, 1.783557976140628 ], [ 33.437542419251486, 1.785654976142496 ], [ 33.454280419266979, 1.779338976136614 ], [ 33.45954941927198, 1.777997976135339 ], [ 33.463920419276064, 1.774580976132256 ], [ 33.457080419269687, 1.771771976129685 ], [ 33.439727419253586, 1.767968976125985 ], [ 33.435630419249719, 1.764950976123146 ], [ 33.433605419247897, 1.76079797611942 ], [ 33.433856419248059, 1.757120976115857 ], [ 33.438278419252129, 1.746577976106209 ], [ 33.432373419246687, 1.740787976100819 ], [ 33.4317054192461, 1.738253976098349 ], [ 33.436332419250448, 1.730470976091055 ], [ 33.440696419254436, 1.727743976088504 ], [ 33.444809419258263, 1.728693976089517 ], [ 33.445278419258784, 1.726627976087457 ], [ 33.441642419255231, 1.723612976084723 ], [ 33.440540419254376, 1.717627976079257 ], [ 33.444000419257463, 1.713284976075101 ], [ 33.444030419257615, 1.709376976071553 ], [ 33.441093419254685, 1.704297976066755 ], [ 33.43976941925348, 1.697391976060317 ], [ 33.436596419250691, 1.693460976056713 ], [ 33.430599419245027, 1.691129976054526 ], [ 33.42816141924277, 1.690180976053625 ], [ 33.424762419239642, 1.68532897604905 ], [ 33.423893419238766, 1.679115976043249 ], [ 33.425983419240765, 1.674533976039129 ], [ 33.435596419249578, 1.67345397603799 ], [ 33.442436419255955, 1.676031976040349 ], [ 33.45469641926752, 1.688533976051986 ], [ 33.462444419274561, 1.692267976055518 ], [ 33.470447419282209, 1.692325976055599 ], [ 33.47114941928271, 1.689801976053332 ], [ 33.469581419281212, 1.685422976049267 ], [ 33.458896419271468, 1.676379976040835 ], [ 33.456192419268746, 1.670843976035485 ], [ 33.461517419273832, 1.661456976026784 ], [ 33.466358419278322, 1.655973976021642 ], [ 33.469783419281612, 1.656688976022451 ], [ 33.474662419286005, 1.663835976029077 ], [ 33.477729419288835, 1.664561976029745 ], [ 33.483467419294357, 1.661843976027285 ], [ 33.485302419295977, 1.659477976025073 ], [ 33.485771419296498, 1.658871976024329 ], [ 33.483245419294008, 1.652940976018954 ], [ 33.488964419299464, 1.643994976010617 ], [ 33.491622419301848, 1.639833976006685 ], [ 33.491188419301352, 1.636612976003789 ], [ 33.4891354192996, 1.636137976003283 ], [ 33.485691419296245, 1.638182976005055 ], [ 33.480144419291264, 1.646188976012581 ], [ 33.471920419283606, 1.645439976011858 ], [ 33.462082419274338, 1.646518976012885 ], [ 33.455402419268012, 1.653136976019141 ], [ 33.442104419255656, 1.658328976023995 ], [ 33.429714419244192, 1.653931976019749 ], [ 33.422264419237308, 1.651287976017329 ], [ 33.401069419217492, 1.651358976017491 ], [ 33.400539419217012, 1.651359976017375 ], [ 33.38846241920578, 1.645754976012313 ], [ 33.381832419199554, 1.645936976012308 ], [ 33.378627419196619, 1.647148976013568 ], [ 33.363948419182861, 1.652702976018645 ], [ 33.353023419172814, 1.645725976012272 ], [ 33.342281419162646, 1.645186976011701 ], [ 33.334522419155519, 1.642831976009575 ], [ 33.328621419150068, 1.637040976004073 ], [ 33.327732419149243, 1.633356976000641 ], [ 33.329479419150857, 1.622027975990022 ], [ 33.329891419151181, 1.619349975987689 ], [ 33.328098419149455, 1.614279975982981 ], [ 33.323162419144865, 1.616222975984783 ], [ 33.321220419143174, 1.616987975985467 ], [ 33.311100419133709, 1.625188975993069 ], [ 33.308857419131527, 1.62619497599394 ], [ 33.303531419126557, 1.628580975996329 ], [ 33.294151419117952, 1.629430975996911 ], [ 33.286617419110826, 1.627765975995544 ], [ 33.259285419085472, 1.61376997598245 ], [ 33.244960419072186, 1.602858975972367 ], [ 33.223850419052496, 1.582012975952921 ], [ 33.219524419048412, 1.579681975950734 ], [ 33.215175419044272, 1.580338975951236 ], [ 33.209888419039544, 1.584206975954885 ], [ 33.206459419036264, 1.583950975954622 ], [ 33.203052419033156, 1.581166975952101 ], [ 33.202598419032711, 1.580481975951443 ], [ 33.196945419027315, 1.57192697594337 ], [ 33.193077419023894, 1.56959897594129 ], [ 33.176841419008724, 1.569705975941361 ], [ 33.172058419004316, 1.567600975939513 ], [ 33.16321541899606, 1.55764997593019 ], [ 33.154338418987663, 1.552065975924961 ], [ 33.147075418980876, 1.545344975918624 ], [ 33.145046418979064, 1.541421975915 ], [ 33.148147418982035, 1.524205975899122 ], [ 33.144981418979114, 1.51935497589443 ], [ 33.127780418963084, 1.526579975901313 ], [ 33.122325418957871, 1.522400975897426 ], [ 33.119514418955305, 1.522237975897269 ], [ 33.11775541895372, 1.522135975897072 ], [ 33.11201841894831, 1.525079975899871 ], [ 33.107906418944367, 1.524818975899507 ], [ 33.103370418940358, 1.520187975895169 ], [ 33.100902418937949, 1.513961975889515 ], [ 33.099189418936248, 1.49854897587511 ], [ 33.101081418938065, 1.490058975867214 ], [ 33.105926418942545, 1.483888975861419 ], [ 33.127636418962766, 1.48520397586276 ], [ 33.13222141896722, 1.48317097586073 ], [ 33.142517418976695, 1.48209997585991 ], [ 33.148021418981898, 1.479382975857334 ], [ 33.160022418993094, 1.464533975843551 ], [ 33.163467418996333, 1.462260975841218 ], [ 33.165370418998009, 1.462480975841572 ], [ 33.169860419002134, 1.462998975842083 ], [ 33.173278419005328, 1.464863975843855 ], [ 33.175277419007216, 1.472463975850815 ], [ 33.181930419013497, 1.469295975847899 ], [ 33.192184419023079, 1.473970975852126 ], [ 33.194629419025205, 1.482952975860599 ], [ 33.197124419027659, 1.485729975863251 ], [ 33.214683419043922, 1.491837975868975 ], [ 33.221252419049961, 1.500161975876608 ], [ 33.224910419053458, 1.499729975876335 ], [ 33.226085419054471, 1.49537097587222 ], [ 33.222038419050705, 1.486376975863777 ], [ 33.224353419052932, 1.482256975859855 ], [ 33.227569419055953, 1.480441975858184 ], [ 33.245346419072575, 1.487470975864881 ], [ 33.248085419075096, 1.489133975866253 ], [ 33.252632419079191, 1.491891975868839 ], [ 33.262851419088747, 1.501161975877494 ], [ 33.277050419101897, 1.497360975874017 ], [ 33.283016419107526, 1.494416975871218 ], [ 33.284885419109287, 1.488683975866024 ], [ 33.283542419108016, 1.484996975862487 ], [ 33.281467419106093, 1.483331975860892 ], [ 33.28036141910502, 1.482444975860062 ], [ 33.258197419084354, 1.480670975858402 ], [ 33.251136419077966, 1.477399975855406 ], [ 33.244560419071831, 1.469995975848633 ], [ 33.243908419071204, 1.465623975844437 ], [ 33.250404419077086, 1.452340975832158 ], [ 33.249740419076488, 1.449347975829369 ], [ 33.247013419073937, 1.447258975827253 ], [ 33.241230419068643, 1.446862975826889 ], [ 33.239475419067048, 1.446742975826965 ], [ 33.231498419059562, 1.443235975823654 ], [ 33.22737841905564, 1.444124975824479 ], [ 33.225757419054162, 1.447099975827314 ], [ 33.226856419055366, 1.45308497583278 ], [ 33.224514419053094, 1.460651975839937 ], [ 33.223362419051909, 1.462021975841026 ], [ 33.219936419048736, 1.461306975840444 ], [ 33.213806419043067, 1.455744975835159 ], [ 33.207698419037342, 1.446734975826757 ], [ 33.198589419028849, 1.442299975822834 ], [ 33.194519419025255, 1.436522975817297 ], [ 33.18493241901615, 1.434381975815313 ], [ 33.179039419010678, 1.427901975809391 ], [ 33.168045419000464, 1.430576975811846 ], [ 33.162330418995225, 1.430533975811841 ], [ 33.15800841899113, 1.427972975809325 ], [ 33.155304418988635, 1.422665975804421 ], [ 33.159858418992826, 1.419386975801444 ], [ 33.162887418995751, 1.417206975799445 ], [ 33.170059419002428, 1.405538975788431 ], [ 33.176487419008254, 1.402139975785303 ], [ 33.181049419012652, 1.403093975786305 ], [ 33.186477419017592, 1.410719975793427 ], [ 33.192180419022861, 1.412601975795042 ], [ 33.212741419042004, 1.414134975796514 ], [ 33.220077419048948, 1.410971975793473 ], [ 33.223072419051732, 1.40800697579084 ], [ 33.22377741905234, 1.405253975788128 ], [ 33.221061419049875, 1.40178597578506 ], [ 33.201397419031537, 1.402787975785941 ], [ 33.200271419030514, 1.400020975783264 ], [ 33.212936419042308, 1.38770497577184 ], [ 33.213665419043082, 1.387695975771976 ], [ 33.248138419075076, 1.387278975771551 ], [ 33.251777419078508, 1.389833975773854 ], [ 33.254028419080669, 1.39467797577845 ], [ 33.250282419077166, 1.406601975789499 ], [ 33.251857419078533, 1.410290975793032 ], [ 33.257114419083337, 1.410329975793047 ], [ 33.264453419090387, 1.406706975789575 ], [ 33.25993341908611, 1.40000797578341 ], [ 33.259739419085918, 1.394949975778673 ], [ 33.262500419088383, 1.392441975776364 ], [ 33.268680419094153, 1.39133897577517 ], [ 33.292640419116424, 1.396802975780474 ], [ 33.295379419119172, 1.399597975782854 ], [ 33.296043419119769, 1.400275975783643 ], [ 33.295311419119116, 1.406705975789691 ], [ 33.28857841911281, 1.421135975803054 ], [ 33.289451419113448, 1.426888975808424 ], [ 33.293975419117714, 1.433587975814589 ], [ 33.298313419121769, 1.434308975815384 ], [ 33.306114419129017, 1.42999997581137 ], [ 33.312065419134569, 1.42912497581051 ], [ 33.322330419144237, 1.431728975812803 ], [ 33.330112419151419, 1.430866975812023 ], [ 33.338138419158895, 1.427247975808768 ], [ 33.339759419160373, 1.424041975805721 ], [ 33.338642419159441, 1.420816975802836 ], [ 33.330917419152229, 1.414323975796606 ], [ 33.324310419146059, 1.411287975793812 ], [ 33.319049419141038, 1.411477975794014 ], [ 33.312374419134812, 1.418094975800159 ], [ 33.309272419131958, 1.417876975800027 ], [ 33.308719419131421, 1.417837975800012 ], [ 33.301223419124426, 1.411116975793675 ], [ 33.303535419126774, 1.407456975790183 ], [ 33.309280419131937, 1.40359197578664 ], [ 33.309147419131932, 1.391976975775833 ], [ 33.309139419131952, 1.391408975775448 ], [ 33.311710419134215, 1.383613975768185 ], [ 33.317405419139504, 1.386183975770564 ], [ 33.32220841914409, 1.385759975770043 ], [ 33.332553419153783, 1.377331975762218 ], [ 33.332801419153839, 1.374575975759626 ], [ 33.328258419149734, 1.371094975756478 ], [ 33.326908419148367, 1.368096975753588 ], [ 33.332027419153292, 1.355493975741865 ], [ 33.33139841915272, 1.347444975734334 ], [ 33.33236341915358, 1.34032797572786 ], [ 33.334217419155266, 1.336893975724479 ], [ 33.337646419158546, 1.337148975724858 ], [ 33.345600419165748, 1.343182975730315 ], [ 33.346920419167191, 1.342635975729991 ], [ 33.349956419169985, 1.341376975728735 ], [ 33.351368419171195, 1.335870975723537 ], [ 33.349334419169281, 1.332637975720672 ], [ 33.339969419160525, 1.331420975719539 ], [ 33.337707419158505, 1.32841597571678 ], [ 33.34306741916339, 1.313976975703326 ], [ 33.34380341916426, 1.307316975696949 ], [ 33.33951141916009, 1.299930975690131 ], [ 33.334922419155873, 1.302655975692687 ], [ 33.329143419150569, 1.311805975701191 ], [ 33.324558419146342, 1.313840975702988 ], [ 33.317417419139701, 1.313787975703008 ], [ 33.314045419136392, 1.313762975702957 ], [ 33.308319419131067, 1.315329975704572 ], [ 33.302841419126025, 1.314369975703585 ], [ 33.296253419119921, 1.308575975698204 ], [ 33.28964941911363, 1.305308975695198 ], [ 33.283298419107723, 1.298596975688952 ], [ 33.282665419107161, 1.298182975688405 ], [ 33.263736419089582, 1.285811975677007 ], [ 33.262382419088453, 1.283503975674876 ], [ 33.271678419097043, 1.262429975655323 ], [ 33.280860419105466, 1.256981975650206 ], [ 33.281787419106422, 1.254920975648247 ], [ 33.280430419105187, 1.253071975646435 ], [ 33.268547419094148, 1.253213975646531 ], [ 33.267437419093085, 1.248608975642355 ], [ 33.270671419096061, 1.243807975637765 ], [ 33.279605419104428, 1.241115975635466 ], [ 33.280769419105582, 1.238366975632744 ], [ 33.280101419104767, 1.235374975630066 ], [ 33.27375441909885, 1.228432975623491 ], [ 33.273845419098961, 1.225768975621122 ], [ 33.274044419099255, 1.220161975615838 ], [ 33.269050419094583, 1.215298975611404 ], [ 33.266311419092062, 1.215048975611126 ], [ 33.261566419087558, 1.22074597561641 ], [ 33.254322419080836, 1.229437975624478 ], [ 33.248836419075815, 1.229855975624787 ], [ 33.243827419071067, 1.22706097562218 ], [ 33.241992419069447, 1.227736975622975 ], [ 33.239692419067296, 1.229787975624731 ], [ 33.242164419069468, 1.235780975630405 ], [ 33.241676419069108, 1.24014397563451 ], [ 33.234481419062377, 1.255027975648318 ], [ 33.228969419057194, 1.258663975651643 ], [ 33.226875419055204, 1.263703975656426 ], [ 33.228740419056976, 1.289916975680853 ], [ 33.223404419052031, 1.300907975690961 ], [ 33.216487419045507, 1.308670975698305 ], [ 33.21190641904127, 1.31047497569989 ], [ 33.203681419033728, 1.30949397569907 ], [ 33.197505419027948, 1.310365975699824 ], [ 33.191204419022142, 1.31347697570277 ], [ 33.183284419014626, 1.317383975706434 ], [ 33.176650419008411, 1.318022975706981 ], [ 33.162437418995296, 1.313263975702512 ], [ 33.159095418992138, 1.312144975701585 ], [ 33.160530418993403, 1.303651975693583 ], [ 33.158748418991763, 1.297433975687909 ], [ 33.154884418988331, 1.294416975684953 ], [ 33.150314418983953, 1.2944939756851 ], [ 33.145515418979585, 1.29457597568512 ], [ 33.139999418974412, 1.298670975688992 ], [ 33.137485418972119, 1.298421975688825 ], [ 33.130855418965893, 1.293698975684265 ], [ 33.129985418965134, 1.293078975683784 ], [ 33.117740418953645, 1.280115975671606 ], [ 33.115669418951711, 1.281708975673155 ], [ 33.111717418948047, 1.290870975681628 ], [ 33.119682418955335, 1.301823975691832 ], [ 33.129364418964542, 1.315136975704263 ], [ 33.131347418966243, 1.324804975713278 ], [ 33.127403418962558, 1.332817975720673 ], [ 33.115284418951433, 1.333415975721437 ], [ 33.112705418948963, 1.335285975723082 ], [ 33.111835418948203, 1.33591797572376 ], [ 33.10760841894421, 1.350823975737512 ], [ 33.103935418940864, 1.353323975739841 ], [ 33.099823418936921, 1.352832975739375 ], [ 33.093688418931151, 1.347959975734966 ], [ 33.089344418927112, 1.348385975735255 ], [ 33.085651418923817, 1.352953975739638 ], [ 33.084217418922435, 1.361676975747741 ], [ 33.081234418919621, 1.363032975748865 ], [ 33.077365418916088, 1.360704975746785 ], [ 33.074325418913304, 1.369874975755238 ], [ 33.07048041890971, 1.374414975759464 ], [ 33.06832841890764, 1.376953975761808 ], [ 33.06399141890347, 1.376460975761347 ], [ 33.053859418894035, 1.367642975753142 ], [ 33.050136418890588, 1.364402975750181 ], [ 33.046249418887101, 1.364832975750687 ], [ 33.040866418881933, 1.372065975757323 ], [ 33.030777418872731, 1.385627975769921 ], [ 33.025287418867492, 1.388260975772482 ], [ 33.013801418856929, 1.393770975777443 ], [ 32.999363418843359, 1.398714975782241 ], [ 32.969692418815839, 1.418914975801044 ], [ 32.96765541881382, 1.420303975802199 ], [ 32.950676418798139, 1.428444975809725 ], [ 32.947681418795355, 1.431409975812585 ], [ 32.946022418793746, 1.439210975819833 ], [ 32.942810418790714, 1.440794975821291 ], [ 32.935485418783855, 1.44101297582165 ], [ 32.926136418775286, 1.438825975819555 ], [ 32.9124184187624, 1.439176975819919 ], [ 32.867778418720945, 1.447788975827962 ], [ 32.861187418714735, 1.442909975823341 ], [ 32.860080418713778, 1.438641975819337 ], [ 32.859634418713313, 1.436920975817657 ], [ 32.86127141871475, 1.431877975812995 ], [ 32.864715418717878, 1.429835975811102 ], [ 32.874557418727136, 1.428304975809624 ], [ 32.877559418730016, 1.424421975806126 ], [ 32.870098418723046, 1.414019975796464 ], [ 32.86609241871929, 1.399737975783182 ], [ 32.862232418715621, 1.396489975780014 ], [ 32.858802418712457, 1.396921975780515 ], [ 32.85417541870811, 1.404009975787176 ], [ 32.847648418702192, 1.420276975802153 ], [ 32.8453594186999, 1.420488975802527 ], [ 32.843799418698609, 1.415419975797704 ], [ 32.849887418704157, 1.396620975780252 ], [ 32.854400418708337, 1.386929975771181 ], [ 32.860119418713793, 1.374637975759697 ], [ 32.892974418744416, 1.349732975736515 ], [ 32.895526418746613, 1.347797975734693 ], [ 32.897850418748931, 1.342989975730234 ], [ 32.897197418748192, 1.338388975726048 ], [ 32.890102418741662, 1.339940975727359 ], [ 32.887607418739208, 1.337163975724934 ], [ 32.891006418742563, 1.329216975717372 ] ], [ [ 32.885406418737148, 1.326343975714735 ], [ 32.883216418735174, 1.343793975730932 ], [ 32.881382418733438, 1.344468975731616 ], [ 32.873886418726443, 1.338433975726048 ], [ 32.87969241873202, 1.326758975715165 ], [ 32.88372041873572, 1.32362797571227 ], [ 32.885406418737148, 1.326343975714735 ] ], [ [ 32.750499418611525, 1.448918975828974 ], [ 32.74676941860821, 1.458542975837872 ], [ 32.74101641860284, 1.463092975842073 ], [ 32.732547418595004, 1.464173975843096 ], [ 32.718944418582169, 1.477228975855269 ], [ 32.717346418580746, 1.47876097585663 ], [ 32.715297418578757, 1.47782497585581 ], [ 32.714412418577922, 1.474139975852495 ], [ 32.729854418592367, 1.458175975837548 ], [ 32.740165418601919, 1.454811975834446 ], [ 32.743240418604955, 1.442194975822531 ], [ 32.745544418607096, 1.439914975820557 ], [ 32.755390418616116, 1.437695975818542 ], [ 32.769794418629544, 1.437351975818046 ], [ 32.787159418645842, 1.438180975818796 ], [ 32.792617418650934, 1.441672975822257 ], [ 32.812526418669449, 1.442403975822799 ], [ 32.81661241867323, 1.442554975822986 ], [ 32.83149741868715, 1.439225975819909 ], [ 32.835907418691249, 1.430755975811962 ], [ 32.837749418692965, 1.428931975810201 ], [ 32.842098418696878, 1.428506975809796 ], [ 32.85637241871018, 1.444709975824935 ], [ 32.862960418716284, 1.450048975829986 ], [ 32.87528241872792, 1.452674975832451 ], [ 32.876407418728832, 1.4552119758348 ], [ 32.875473418728006, 1.45750297583686 ], [ 32.868370418721497, 1.459515975838713 ], [ 32.863121418716446, 1.45878397583806 ], [ 32.856758418710569, 1.453906975833434 ], [ 32.849231418703539, 1.451548975831429 ], [ 32.844246418698958, 1.44599297582613 ], [ 32.835807418691047, 1.443626975823918 ], [ 32.825962418681911, 1.445616975825715 ], [ 32.818142418674597, 1.451990975831677 ], [ 32.805179418662647, 1.451451975831333 ], [ 32.804428418661928, 1.451420975831297 ], [ 32.794124418652245, 1.453866975833535 ], [ 32.787738418646313, 1.451976975831712 ], [ 32.780410418639576, 1.453296975832927 ], [ 32.772583418632166, 1.460589975839866 ], [ 32.77121741863084, 1.45965897583892 ], [ 32.771106418630779, 1.444947975825244 ], [ 32.768829418628684, 1.443550975823882 ], [ 32.764251418624326, 1.444432975824611 ], [ 32.761718418621967, 1.446710975826818 ], [ 32.759155418619684, 1.452895975832689 ], [ 32.755512418616263, 1.45125797583114 ], [ 32.752796418613798, 1.44778797582785 ], [ 32.750499418611525, 1.448918975828974 ] ], [ [ 33.126625418962021, 1.34476297573201 ], [ 33.130905418965995, 1.353529975740003 ], [ 33.130413418965418, 1.357892975744107 ], [ 33.123104418958746, 1.35760697574392 ], [ 33.117637418953564, 1.354577975740995 ], [ 33.114723418950916, 1.347430975734369 ], [ 33.117031418953047, 1.344230975731307 ], [ 33.126625418962021, 1.34476297573201 ] ], [ [ 33.087551418925614, 1.495701975872407 ], [ 33.089584418927416, 1.4989349758755 ], [ 33.086807418924764, 1.503280975879534 ], [ 33.081092418919525, 1.503006975879316 ], [ 33.075401418914225, 1.499975975876396 ], [ 33.081840418920137, 1.494967975871759 ], [ 33.087551418925614, 1.495701975872407 ] ], [ [ 33.25117441907787, 1.628421975996162 ], [ 33.252754419079338, 1.630961975998389 ], [ 33.251320419077956, 1.639916976006816 ], [ 33.249015419075931, 1.641968976008684 ], [ 33.243991419071108, 1.641011976007803 ], [ 33.240814419068329, 1.638228976005166 ], [ 33.240604419068177, 1.635238976002483 ], [ 33.247978419075025, 1.627707975995463 ], [ 33.25117441907787, 1.628421975996162 ] ] ] } },
{ "type": "Feature", "properties": { "ISO": "UGA", "COUNTRY": "Uganda", "F_CODE_DES": "Inland Water", "HYC_DESCRI": "Perennial/Permanent", "NAME": "LAKE OWAPET" }, "geometry": { "type": "Polygon", "coordinates": [ [ [ 33.91043041969192, 1.755633976114495 ], [ 33.908153419689825, 1.753516976112678 ], [ 33.89808241968035, 1.754828976113913 ], [ 33.894676419677126, 1.751587976110841 ], [ 33.892433419675172, 1.744675976104418 ], [ 33.889923419672868, 1.743969976103699 ], [ 33.887859419670804, 1.744875976104595 ], [ 33.884624419667944, 1.750141976109489 ], [ 33.884136419667357, 1.754735976113807 ], [ 33.897777419680097, 1.767011976125104 ], [ 33.901878419683953, 1.769337976127417 ], [ 33.905307419687006, 1.769360976127246 ], [ 33.911525419692907, 1.762734976121237 ], [ 33.913383419694583, 1.758379976117112 ], [ 33.91043041969192, 1.755633976114495 ] ] ] } },
{ "type": "Feature", "properties": { "ISO": "UGA", "COUNTRY": "Uganda", "F_CODE_DES": "Inland Water", "HYC_DESCRI": "Perennial/Permanent", "NAME": "LAKE OPETA" }, "geometry": { "type": "Polygon", "coordinates": [ [ [ 34.162872419926998, 1.683904976047643 ], [ 34.178203419941383, 1.68216397604624 ], [ 34.190090419952412, 1.682467976046382 ], [ 34.192375419954487, 1.68271297604656 ], [ 34.197197419958911, 1.679524976043695 ], [ 34.203193419964464, 1.671286976036072 ], [ 34.205028419966311, 1.670607976035399 ], [ 34.204582419965845, 1.668536976033465 ], [ 34.213588419974258, 1.653880976019764 ], [ 34.227600419987311, 1.643393976009975 ], [ 34.230369419989756, 1.63927397600628 ], [ 34.22583341998552, 1.633498976000737 ], [ 34.216941419977275, 1.629534975997103 ], [ 34.202560419963902, 1.625766975993656 ], [ 34.180580419943453, 1.630914975998394 ], [ 34.160919419925222, 1.630560975998151 ], [ 34.153579419918287, 1.634191976001375 ], [ 34.152278419917138, 1.635291976002463 ], [ 34.144153419909571, 1.642177976008952 ], [ 34.141372419906929, 1.648366976014586 ], [ 34.14270741990822, 1.653892976019733 ], [ 34.150852419915736, 1.668196976033187 ], [ 34.156478419921086, 1.682485976046337 ], [ 34.162872419926998, 1.683904976047643 ] ] ] } },
{ "type": "Feature", "properties": { "ISO": "UGA", "COUNTRY": "Uganda", "F_CODE_DES": "Inland Water", "HYC_DESCRI": "Perennial/Permanent", "NAME": "LAKE SEMERE" }, "geometry": { "type": "Polygon", "coordinates": [ [ [ 33.788463419578193, 1.63064197599806 ], [ 33.78412641957425, 1.629463975996941 ], [ 33.768535419559839, 1.636023976003116 ], [ 33.764835419556221, 1.64197597600878 ], [ 33.765033419556403, 1.646803976013189 ], [ 33.768905419560042, 1.648899976015173 ], [ 33.773250419564192, 1.648698976014884 ], [ 33.785633419575561, 1.643266976009954 ], [ 33.788463419578193, 1.63064197599806 ] ] ] } },
{ "type": "Feature", "properties": { "ISO": "UGA", "COUNTRY": "Uganda", "F_CODE_DES": "Inland Water", "HYC_DESCRI": "Perennial/Permanent", "NAME": "UNK" }, "geometry": { "type": "Polygon", "coordinates": [ [ [ 33.73260541952618, 1.607272975976457 ], [ 33.729721419523685, 1.604868975974114 ], [ 33.723270419517576, 1.605565975974741 ], [ 33.722953419517353, 1.608775975977778 ], [ 33.725944419520147, 1.611824975980653 ], [ 33.728900419522915, 1.613913975982541 ], [ 33.733013419526742, 1.614171975982799 ], [ 33.733947419527567, 1.611189975980096 ], [ 33.73260541952618, 1.607272975976457 ] ] ] } },
{ "type": "Feature", "properties": { "ISO": "UGA", "COUNTRY": "Uganda", "F_CODE_DES": "Inland Water", "HYC_DESCRI": "Perennial/Permanent", "NAME": "LAKE OPARE" }, "geometry": { "type": "Polygon", "coordinates": [ [ [ 33.679180419476552, 1.562535975934679 ], [ 33.678276419475651, 1.560923975933292 ], [ 33.670497419468347, 1.561559975933733 ], [ 33.667968419465979, 1.563840975935818 ], [ 33.666931419465072, 1.568356975940105 ], [ 33.663490419461823, 1.583348975954095 ], [ 33.667141419465224, 1.584752975955325 ], [ 33.674453419472229, 1.584803975955538 ], [ 33.679058419476405, 1.580238975951261 ], [ 33.684101419481067, 1.578434975949449 ], [ 33.687084419483881, 1.576615975947789 ], [ 33.683891419480915, 1.570928975942479 ], [ 33.679180419476552, 1.562535975934679 ] ] ] } },
{ "type": "Feature", "properties": { "ISO": "UGA", "COUNTRY": "Uganda", "F_CODE_DES": "Inland Water", "HYC_DESCRI": "Perennial/Permanent", "NAME": "UNK" }, "geometry": { "type": "Polygon", "coordinates": [ [ [ 33.759605419551463, 1.569988975941669 ], [ 33.758236419550258, 1.569519975941148 ], [ 33.744728419537523, 1.572185975943739 ], [ 33.741741419534719, 1.57446497594583 ], [ 33.741710419534684, 1.578831975949925 ], [ 33.752918419545267, 1.578448975949641 ], [ 33.75682841954881, 1.575027975946341 ], [ 33.759365419551159, 1.571596975943066 ], [ 33.759605419551463, 1.569988975941669 ] ] ] } },
{ "type": "Feature", "properties": { "ISO": "UGA", "COUNTRY": "Uganda", "F_CODE_DES": "Inland Water", "HYC_DESCRI": "Perennial/Permanent", "NAME": "UNK" }, "geometry": { "type": "Polygon", "coordinates": [ [ [ 32.596061418467798, 1.550863975923903 ], [ 32.592182418464063, 1.549911975922896 ], [ 32.589885418462018, 1.55104297592402 ], [ 32.589393418461668, 1.555405975928124 ], [ 32.59546241846715, 1.567868975939746 ], [ 32.597518418469235, 1.568345975940019 ], [ 32.599590418471053, 1.566753975938582 ], [ 32.601001418472379, 1.561707975934041 ], [ 32.599235418470698, 1.554107975926854 ], [ 32.596061418467798, 1.550863975923903 ] ] ] } },
{ "type": "Feature", "properties": { "ISO": "UGA", "COUNTRY": "Uganda", "F_CODE_DES": "Inland Water", "HYC_DESCRI": "Perennial/Permanent", "NAME": "UNK" }, "geometry": { "type": "Polygon", "coordinates": [ [ [ 33.727855419521802, 1.497595975874219 ], [ 33.715213419510064, 1.474063975852232 ], [ 33.707649419503014, 1.477228975855269 ], [ 33.705799419501318, 1.480204975857987 ], [ 33.706222419501728, 1.485493975862937 ], [ 33.713695419508667, 1.495888975872731 ], [ 33.719833419514316, 1.50075797587715 ], [ 33.721202419515748, 1.500529975877043 ], [ 33.726471419520522, 1.499654975876183 ], [ 33.727855419521802, 1.497595975874219 ] ] ] } },
{ "type": "Feature", "properties": { "ISO": "UGA", "COUNTRY": "Uganda", "F_CODE_DES": "Inland Water", "HYC_DESCRI": "Perennial/Permanent", "NAME": "UNK" }, "geometry": { "type": "Polygon", "coordinates": [ [ [ 33.724182419518456, 1.432522975813527 ], [ 33.720756419515283, 1.431579975812838 ], [ 33.718566419513309, 1.432297975813526 ], [ 33.71663641951136, 1.432930975814088 ], [ 33.712715419507731, 1.438189975818887 ], [ 33.714969419509771, 1.44280297582327 ], [ 33.724186419518446, 1.446382975826509 ], [ 33.726856419521027, 1.442653975823077 ], [ 33.727577419521594, 1.437372975818107 ], [ 33.724182419518456, 1.432522975813527 ] ] ] } },
{ "type": "Feature", "properties": { "ISO": "UGA", "COUNTRY": "Uganda", "F_CODE_DES": "Inland Water", "HYC_DESCRI": "Perennial/Permanent", "NAME": "UNK" }, "geometry": { "type": "Polygon", "coordinates": [ [ [ 33.435909419250038, 1.371880975757222 ], [ 33.429534419243964, 1.368156975753664 ], [ 33.421520419236458, 1.370167975755521 ], [ 33.4118804192276, 1.375613975760643 ], [ 33.398540419215124, 1.387467975771642 ], [ 33.39690441921357, 1.392282975776197 ], [ 33.399139419215771, 1.39965397578294 ], [ 33.40253041921892, 1.404734975787733 ], [ 33.402912419219319, 1.415309975797527 ], [ 33.404716419220904, 1.418770975800726 ], [ 33.406467419222508, 1.419555975801586 ], [ 33.408363419224315, 1.420405975802396 ], [ 33.411110419226816, 1.419736975801698 ], [ 33.413642419229291, 1.416766975798964 ], [ 33.413669419229336, 1.41331997579573 ], [ 33.408966419224953, 1.399724975783101 ], [ 33.412433419228137, 1.394055975777746 ], [ 33.414283419229832, 1.391029975774927 ], [ 33.428474419243003, 1.388834975772852 ], [ 33.430042419244501, 1.387079975771258 ], [ 33.43745841925147, 1.37878697576366 ], [ 33.43794241925184, 1.375112975760203 ], [ 33.435909419250038, 1.371880975757222 ] ] ] } },
{ "type": "Feature", "properties": { "ISO": "UGA", "COUNTRY": "Uganda", "F_CODE_DES": "Inland Water", "HYC_DESCRI": "Perennial/Permanent", "NAME": "UNK" }, "geometry": { "type": "Polygon", "coordinates": [ [ [ 33.626754419427698, 1.40633497578915 ], [ 33.623142419424312, 1.399873975783294 ], [ 33.619278419420652, 1.396858975780333 ], [ 33.611507419413556, 1.396344975780039 ], [ 33.608577419410722, 1.394548975778207 ], [ 33.608093419410352, 1.394251975777934 ], [ 33.60654441940892, 1.386886975771176 ], [ 33.602695419405336, 1.381802975766504 ], [ 33.598369419401251, 1.379014975763766 ], [ 33.592434419395659, 1.378053975762896 ], [ 33.589912419393386, 1.379414975764121 ], [ 33.58951541939291, 1.380898975765604 ], [ 33.588268419391852, 1.385608975769856 ], [ 33.58108541938509, 1.399578975783015 ], [ 33.583126419387099, 1.401890975785136 ], [ 33.604618419407188, 1.401122975784347 ], [ 33.608036419410155, 1.402755975786022 ], [ 33.615272419416897, 1.413838975796125 ], [ 33.61847741942006, 1.413631975796079 ], [ 33.624672419425679, 1.409997975792749 ], [ 33.626754419427698, 1.40633497578915 ] ] ] } },
{ "type": "Feature", "properties": { "ISO": "UGA", "COUNTRY": "Uganda", "F_CODE_DES": "Inland Water", "HYC_DESCRI": "Perennial/Permanent", "NAME": "UNK" }, "geometry": { "type": "Polygon", "coordinates": [ [ [ 33.458919419271297, 1.382158975766743 ], [ 33.455280419268092, 1.379604975764323 ], [ 33.447509419260768, 1.379778975764566 ], [ 33.44406141925765, 1.382511975767102 ], [ 33.438446419252386, 1.40085797578422 ], [ 33.440227419253915, 1.407535975790324 ], [ 33.442951419256588, 1.410083975792759 ], [ 33.445697419258977, 1.40941497579206 ], [ 33.450683419263669, 1.401601975784843 ], [ 33.451244419264185, 1.400720975783997 ], [ 33.458610419271054, 1.393878975777625 ], [ 33.459697419272061, 1.38819397577231 ], [ 33.459796419272152, 1.387681975771784 ], [ 33.458919419271297, 1.382158975766743 ] ] ] } },
{ "type": "Feature", "properties": { "ISO": "UGA", "COUNTRY": "Uganda", "F_CODE_DES": "Inland Water", "HYC_DESCRI": "Perennial/Permanent", "NAME": "UNK" }, "geometry": { "type": "Polygon", "coordinates": [ [ [ 33.392314419209242, 1.395007975778753 ], [ 33.388431419205745, 1.394289975778065 ], [ 33.382698419200324, 1.397235975780859 ], [ 33.381759419199625, 1.400675975783997 ], [ 33.383541419201265, 1.407354975790213 ], [ 33.38582241920335, 1.408060975790931 ], [ 33.393158419210067, 1.404666975787677 ], [ 33.394107419210968, 1.40007697578335 ], [ 33.392314419209242, 1.395007975778753 ] ] ] } },
{ "type": "Feature", "properties": { "ISO": "UGA", "COUNTRY": "Uganda", "F_CODE_DES": "Inland Water", "HYC_DESCRI": "Perennial/Permanent", "NAME": "LAKE ADOIS" }, "geometry": { "type": "Polygon", "coordinates": [ [ [ 33.569187419373975, 1.368236975753689 ], [ 33.576278419380742, 1.367597975753142 ], [ 33.592681419396058, 1.375297975760304 ], [ 33.596347419399308, 1.373943975759175 ], [ 33.596626419399627, 1.366820975752489 ], [ 33.595054419398139, 1.362672975748637 ], [ 33.584636419388517, 1.349039975735877 ], [ 33.574184419378753, 1.34000297572743 ], [ 33.567344419372375, 1.337426975725066 ], [ 33.556381419362197, 1.336429975724059 ], [ 33.551342419357525, 1.337772975725329 ], [ 33.545337419351881, 1.346923975733944 ], [ 33.528656419336357, 1.346344975733473 ], [ 33.523784419331832, 1.356882975743247 ], [ 33.526462419334393, 1.366094975751821 ], [ 33.530979419338564, 1.37348197575875 ], [ 33.535320419342497, 1.373742975758887 ], [ 33.543201419349771, 1.365295975750996 ], [ 33.54384241935054, 1.364609975750454 ], [ 33.547962419354235, 1.363719975749518 ], [ 33.551151419357211, 1.3655809757513 ], [ 33.555660419361402, 1.374576975759737 ], [ 33.557933419363508, 1.375971975760876 ], [ 33.561367419366888, 1.375535975760613 ], [ 33.564598419369759, 1.371191975756574 ], [ 33.569187419373975, 1.368236975753689 ] ] ] } },
{ "type": "Feature", "properties": { "ISO": "UGA", "COUNTRY": "Uganda", "F_CODE_DES": "Inland Water", "HYC_DESCRI": "Perennial/Permanent", "NAME": "LAKE NYAGUO" }, "geometry": { "type": "Polygon", "coordinates": [ [ [ 33.752960419545161, 1.367676975753284 ], [ 33.750515419543035, 1.357546975743844 ], [ 33.752368419544609, 1.353422975739932 ], [ 33.759693419551468, 1.352093975738626 ], [ 33.760620419552424, 1.350261975737112 ], [ 33.760421419552131, 1.345663975732805 ], [ 33.758537419550521, 1.344540975731661 ], [ 33.754959419547049, 1.342408975729768 ], [ 33.748432419540904, 1.338537975726013 ], [ 33.747902419540424, 1.338223975725896 ], [ 33.748439419541, 1.335115975722829 ], [ 33.748615419541238, 1.334091975722004 ], [ 33.748287419540929, 1.333191975721093 ], [ 33.747268419539978, 1.330404975718466 ], [ 33.742473419535372, 1.329912975718116 ], [ 33.740974419534041, 1.331533975719594 ], [ 33.737407419530655, 1.335393975723264 ], [ 33.732601419526191, 1.336049975723881 ], [ 33.727352419521367, 1.334864975722667 ], [ 33.708221419503616, 1.325310975713819 ], [ 33.699066419495011, 1.326855975715262 ], [ 33.690174419486766, 1.323806975712387 ], [ 33.685661419482585, 1.329476975717625 ], [ 33.683258419480353, 1.33249297572047 ], [ 33.683471419480611, 1.33479197572251 ], [ 33.691394419488006, 1.34587897573283 ], [ 33.693187419489504, 1.351176975737872 ], [ 33.6922454194887, 1.355307975741653 ], [ 33.685604419482615, 1.357329975743596 ], [ 33.683513419480505, 1.362141975748045 ], [ 33.685535419482449, 1.367211975752753 ], [ 33.690319419486968, 1.369773975755152 ], [ 33.698543419494627, 1.370289975755668 ], [ 33.704273419499941, 1.368260975753856 ], [ 33.715984419510733, 1.360067975746233 ], [ 33.724445419518588, 1.359666975745768 ], [ 33.72900441952288, 1.361536975747413 ], [ 33.742168419535119, 1.374956975759915 ], [ 33.745822419538626, 1.375441975760396 ], [ 33.752037419544422, 1.369278975754696 ], [ 33.752960419545161, 1.367676975753284 ] ] ] } },
{ "type": "Feature", "properties": { "ISO": "UGA", "COUNTRY": "Uganda", "F_CODE_DES": "Inland Water", "HYC_DESCRI": "Perennial/Permanent", "NAME": "LAKE NAMASAJERI" }, "geometry": { "type": "Polygon", "coordinates": [ [ [ 33.414211419229787, 1.337478975725162 ], [ 33.402149419218404, 1.330265975718476 ], [ 33.396392419213043, 1.336199975723957 ], [ 33.386558419203993, 1.337047975724772 ], [ 33.382698419200324, 1.333111975721067 ], [ 33.378593419196477, 1.332162975720166 ], [ 33.373996419192281, 1.33557697572337 ], [ 33.371910419190272, 1.339928975727389 ], [ 33.372341419190661, 1.343608975730831 ], [ 33.373207419191658, 1.345565975732598 ], [ 33.383586419201265, 1.368971975754448 ], [ 33.389957419207121, 1.372925975758108 ], [ 33.401611419217943, 1.373470975758664 ], [ 33.40688741922304, 1.370750975756209 ], [ 33.415348419230895, 1.370351975755739 ], [ 33.416965419232383, 1.367835975753451 ], [ 33.412399419227995, 1.366883975752444 ], [ 33.407623419223683, 1.363860975749731 ], [ 33.402648419219076, 1.356240975742594 ], [ 33.404960419221197, 1.352349975738889 ], [ 33.413646419229281, 1.352183975738853 ], [ 33.418277419233618, 1.343713975730907 ], [ 33.414211419229787, 1.337478975725162 ] ] ] } },
{ "type": "Feature", "properties": { "ISO": "UGA", "COUNTRY": "Uganda", "F_CODE_DES": "Inland Water", "HYC_DESCRI": "Perennial/Permanent", "NAME": "UNK" }, "geometry": { "type": "Polygon", "coordinates": [ [ [ 33.452514419265526, 1.35062597573733 ], [ 33.447959419261224, 1.348064975735042 ], [ 33.44498441925839, 1.348732975735629 ], [ 33.444290419257868, 1.35019097573695 ], [ 33.443130419256704, 1.352626975739213 ], [ 33.445377419258875, 1.358158975744345 ], [ 33.451950419264904, 1.36602097575178 ], [ 33.45514341926787, 1.366962975752585 ], [ 33.456779419269424, 1.36426297575008 ], [ 33.457222419269783, 1.363530975749427 ], [ 33.455661419268381, 1.358002975744284 ], [ 33.452514419265526, 1.35062597573733 ] ] ] } },
{ "type": "Feature", "properties": { "ISO": "UGA", "COUNTRY": "Uganda", "F_CODE_DES": "Inland Water", "HYC_DESCRI": "Perennial/Permanent", "NAME": "UNK" }, "geometry": { "type": "Polygon", "coordinates": [ [ [ 33.497173419307046, 1.335303975723036 ], [ 33.496738419306666, 1.334625975722474 ], [ 33.476623419287762, 1.334941975722813 ], [ 33.470443419282219, 1.336505975724322 ], [ 33.471099419282837, 1.34041797572786 ], [ 33.472518419284143, 1.341766975729115 ], [ 33.474506419285945, 1.343659975730816 ], [ 33.483871419294701, 1.344416975731519 ], [ 33.489109419299439, 1.347211975734126 ], [ 33.490909419301261, 1.351361975737973 ], [ 33.494320419304358, 1.353913975740397 ], [ 33.498428419308084, 1.354632975741197 ], [ 33.501407419310908, 1.353275975739734 ], [ 33.502807419312148, 1.349148975735943 ], [ 33.50058341931026, 1.340628975728123 ], [ 33.497173419307046, 1.335303975723036 ] ] ] } },
{ "type": "Feature", "properties": { "ISO": "UGA", "COUNTRY": "Uganda", "F_CODE_DES": "Inland Water", "HYC_DESCRI": "Perennial/Permanent", "NAME": "LAKE NYASALA" }, "geometry": { "type": "Polygon", "coordinates": [ [ [ 33.656684419455587, 1.307945975697521 ], [ 33.641422419441369, 1.300485975690663 ], [ 33.632778419433407, 1.294449975684984 ], [ 33.613163419415059, 1.289026975679917 ], [ 33.604469419406996, 1.289884975680707 ], [ 33.600765419403388, 1.296753975687125 ], [ 33.601432419404091, 1.299515975689701 ], [ 33.599811419402613, 1.302721975692748 ], [ 33.594791419398007, 1.301537975691645 ], [ 33.576591419380975, 1.289688975680519 ], [ 33.571563419376389, 1.28965297568061 ], [ 33.566711419371813, 1.29674397568715 ], [ 33.56389241936904, 1.307984975697536 ], [ 33.564285419369526, 1.317179975706267 ], [ 33.568576419373585, 1.324564975712974 ], [ 33.571712419376354, 1.327253975715621 ], [ 33.578575419382787, 1.333138975721113 ], [ 33.584053419387828, 1.334326975722206 ], [ 33.588642419392272, 1.331600975719539 ], [ 33.59686641939993, 1.33211897572005 ], [ 33.598281419401246, 1.325463975714001 ], [ 33.594451419397501, 1.317392975706298 ], [ 33.59607341939909, 1.31441697570358 ], [ 33.601116419403752, 1.312153975701449 ], [ 33.603439419405959, 1.306884975696676 ], [ 33.607097419409456, 1.30645097569618 ], [ 33.610282419412442, 1.309000975698609 ], [ 33.624034419425243, 1.33644697572413 ], [ 33.636360419436642, 1.338600975726195 ], [ 33.641361419441409, 1.342772975729986 ], [ 33.646614419446223, 1.351137975737856 ], [ 33.647014419446577, 1.351775975738519 ], [ 33.651886419451102, 1.341007975728417 ], [ 33.651023419450212, 1.333876975721751 ], [ 33.653125419452181, 1.326996975715247 ], [ 33.657951419456822, 1.323123975711724 ], [ 33.675556419473196, 1.322326975710894 ], [ 33.676490419474021, 1.319575975708403 ], [ 33.675365419472882, 1.316809975705837 ], [ 33.668090419466125, 1.311013975700462 ], [ 33.661254419459738, 1.307977975697668 ], [ 33.656684419455587, 1.307945975697521 ] ] ] } },
{ "type": "Feature", "properties": { "ISO": "UGA", "COUNTRY": "Uganda", "F_CODE_DES": "Inland Water", "HYC_DESCRI": "Perennial/Permanent", "NAME": "LAKE KADIKO" }, "geometry": { "type": "Polygon", "coordinates": [ [ [ 33.538581419345519, 1.332625975720703 ], [ 33.545703419352321, 1.327160975715515 ], [ 33.550041419356148, 1.327880975716198 ], [ 33.552795419358745, 1.326291975714639 ], [ 33.553981419359843, 1.320094975709026 ], [ 33.55264641935878, 1.314799975704091 ], [ 33.546741419353111, 1.309241975698797 ], [ 33.544666419351188, 1.309748975699222 ], [ 33.543769419350383, 1.309680975699166 ], [ 33.540073419346982, 1.315399975704622 ], [ 33.537555419344699, 1.315611975704769 ], [ 33.53165441933902, 1.310053975699475 ], [ 33.526397419334216, 1.309786975699353 ], [ 33.510910419319771, 1.302092975692176 ], [ 33.50199941931146, 1.30156897569168 ], [ 33.494216419304166, 1.303581975693533 ], [ 33.491676419301939, 1.307240975696914 ], [ 33.493022419303088, 1.310467975700021 ], [ 33.508499419317559, 1.319771975708591 ], [ 33.509376419318414, 1.320148975708889 ], [ 33.515564419324164, 1.32280997571138 ], [ 33.519683419327976, 1.321919975710671 ], [ 33.526123419333999, 1.316449975705609 ], [ 33.529594419337172, 1.316279975705356 ], [ 33.530860419338296, 1.3249869757135 ], [ 33.524681419332637, 1.326551975714892 ], [ 33.523067419331028, 1.328378975716532 ], [ 33.52304841933119, 1.331366975719448 ], [ 33.525314419333199, 1.334140975721994 ], [ 33.538581419345519, 1.332625975720703 ] ] ] } },
{ "type": "Feature", "properties": { "ISO": "UGA", "COUNTRY": "Uganda", "F_CODE_DES": "Inland Water", "HYC_DESCRI": "Perennial/Permanent", "NAME": "VICTORIA NILE" }, "geometry": { "type": "Polygon", "coordinates": [ [ [ 32.883003418734916, 1.319292975708095 ], [ 32.891006418742563, 1.329216975717372 ], [ 32.898780418749766, 1.311051975700593 ], [ 32.907554418757854, 1.299859975689969 ], [ 32.908882418759049, 1.295607975686153 ], [ 32.912708418762577, 1.283352975674688 ], [ 32.916187418765958, 1.277174975668913 ], [ 32.939720418787829, 1.248173975641976 ], [ 32.941600418789676, 1.241523975635801 ], [ 32.943119418790957, 1.222231975617888 ], [ 32.949566418797076, 1.216077975612052 ], [ 32.959396418806136, 1.21546497561144 ], [ 32.965606418812058, 1.210228975606697 ], [ 32.969570418815692, 1.200147975597247 ], [ 32.970062418816042, 1.195325975592823 ], [ 32.969814418815758, 1.188286975586152 ], [ 32.969497418815536, 1.179465975577841 ], [ 32.975589418821301, 1.160209975560065 ], [ 32.975868418821619, 1.153548975553804 ], [ 32.970111418816259, 1.129604975531493 ], [ 32.965850418812124, 1.11877197552144 ], [ 32.945522418793189, 1.088051975492817 ], [ 32.943744418791539, 1.081373975486486 ], [ 32.944503418792237, 1.072188975477957 ], [ 32.945087418792809, 1.071006975476848 ], [ 32.948913418796337, 1.063262975469797 ], [ 32.950122418797491, 1.054540975461578 ], [ 32.946205418793852, 1.029004975437829 ], [ 32.950866418798114, 1.017093975426633 ], [ 32.956283418803196, 0.995997975407136 ], [ 32.958435418805266, 0.953739975367625 ], [ 32.960357418807007, 0.947934975362386 ], [ 32.961242418807842, 0.945260975359815 ], [ 32.963081418809679, 0.943666975358383 ], [ 32.972007418817839, 0.941668975356379 ], [ 32.97523141882084, 0.938017975352977 ], [ 32.974590418820299, 0.932269975347708 ], [ 32.976719418822313, 0.922865975338937 ], [ 32.981823418827162, 0.912567975329466 ], [ 32.996566418840757, 0.896370975314312 ], [ 33.006511418850096, 0.880595975299684 ], [ 33.013767418856787, 0.857448975277975 ], [ 33.022087418864658, 0.844878975266283 ], [ 33.029705418871572, 0.831177975253695 ], [ 33.037605418878911, 0.816971975240449 ], [ 33.042087418883284, 0.798168975222779 ], [ 33.047191418887905, 0.787641975213091 ], [ 33.05548441889573, 0.748194975176375 ], [ 33.052669418892947, 0.727499975157116 ], [ 33.055702418895862, 0.719024975149068 ], [ 33.056224418896363, 0.71029997514097 ], [ 33.053943418894278, 0.710282975140899 ], [ 33.049564418890213, 0.71553197514595 ], [ 33.047630418888275, 0.729527975158817 ], [ 33.049598418890128, 0.740798975169355 ], [ 33.048324418889024, 0.758706975185987 ], [ 33.042183418883269, 0.785305975210804 ], [ 33.038494418879736, 0.789641975214863 ], [ 33.034549418876168, 0.797881975222481 ], [ 33.033172418874983, 0.804301975228555 ], [ 33.029342418871238, 0.822191975245232 ], [ 33.024936418867128, 0.830656975253078 ], [ 33.005802418849498, 0.853711975274564 ], [ 33.003399418847039, 0.869314975289171 ], [ 32.99805841884222, 0.880529975299623 ], [ 32.977569418823123, 0.90150697531908 ], [ 32.97248041881835, 0.909737975326834 ], [ 32.97211441881791, 0.910742975327594 ], [ 32.965477418811815, 0.928981975344641 ], [ 32.956024418803054, 0.940624975355604 ], [ 32.949726418797127, 0.986985975398738 ], [ 32.944873418792668, 0.994070975405293 ], [ 32.947567418795188, 1.000524975411281 ], [ 32.948425418795978, 1.007654975417836 ], [ 32.940040418788158, 1.028267975437075 ], [ 32.94379441879164, 1.045299975452963 ], [ 32.942951418790926, 1.065972975472278 ], [ 32.938091418786371, 1.073976975479809 ], [ 32.935054418783466, 1.082454975487508 ], [ 32.93540941878382, 1.083704975488672 ], [ 32.937278418785581, 1.090284975494797 ], [ 32.938903418787049, 1.09225397549676 ], [ 32.957882418804729, 1.115262975518135 ], [ 32.960357418807007, 1.120107975522615 ], [ 32.964542418810879, 1.140591975541838 ], [ 32.969703418815698, 1.152580975552837 ], [ 32.965618418812028, 1.179205975577815 ], [ 32.966163418812357, 1.197363975594726 ], [ 32.96537741881184, 1.199743975596903 ], [ 32.963588418810104, 1.205156975601767 ], [ 32.959674418806344, 1.208803975605178 ], [ 32.954647418801642, 1.208993975605381 ], [ 32.953071418800391, 1.205993975602723 ], [ 32.957504418804319, 1.194078975591538 ], [ 32.957531418804365, 1.190632975588414 ], [ 32.956398418803474, 1.189244975587144 ], [ 32.953655418800736, 1.189452975587301 ], [ 32.948810418796256, 1.195389975592889 ], [ 32.943943418791832, 1.206361975602931 ], [ 32.938347418786634, 1.218977975614735 ], [ 32.935436418783866, 1.240556975634945 ], [ 32.92917241877808, 1.252916975646258 ], [ 32.916286418766049, 1.264306975657064 ], [ 32.905342418755936, 1.29018997568096 ], [ 32.883003418734916, 1.319292975708095 ] ] ] } },
{ "type": "Feature", "properties": { "ISO": "UGA", "COUNTRY": "Uganda", "F_CODE_DES": "Inland Water", "HYC_DESCRI": "Perennial/Permanent", "NAME": "LAKE MURLU" }, "geometry": { "type": "Polygon", "coordinates": [ [ [ 33.419094419234398, 1.293387975684027 ], [ 33.417049419232399, 1.291763975682443 ], [ 33.409046419224978, 1.29262597568345 ], [ 33.406738419222847, 1.295366975685965 ], [ 33.406257419222356, 1.299039975689311 ], [ 33.409423419225277, 1.303429975693462 ], [ 33.414661419230242, 1.306225975695952 ], [ 33.418319419233512, 1.305792975695567 ], [ 33.422245419237242, 1.300305975690435 ], [ 33.419094419234398, 1.293387975684027 ] ] ] } },
{ "type": "Feature", "properties": { "ISO": "UGA", "COUNTRY": "Uganda", "F_CODE_DES": "Inland Water", "HYC_DESCRI": "Perennial/Permanent", "NAME": "LAKE GIGATI" }, "geometry": { "type": "Polygon", "coordinates": [ [ [ 33.567546419372547, 1.275376975667314 ], [ 33.565284419370528, 1.271912975664009 ], [ 33.560028419365608, 1.272105975664317 ], [ 33.557342419363067, 1.274768975666802 ], [ 33.556114419361847, 1.275984975667825 ], [ 33.549179419355369, 1.2874269756785 ], [ 33.531768419339187, 1.293507975684179 ], [ 33.526489419334212, 1.296457975686963 ], [ 33.52578741933371, 1.299210975689448 ], [ 33.531696419339141, 1.303848975693882 ], [ 33.540371419347139, 1.305059975695031 ], [ 33.542839419349548, 1.304891975694773 ], [ 33.549518419355763, 1.304435975694332 ], [ 33.555969419361872, 1.297126975687434 ], [ 33.558780419364439, 1.287264975678454 ], [ 33.566139419371211, 1.28042197567197 ], [ 33.567546419372547, 1.275376975667314 ] ] ] } },
{ "type": "Feature", "properties": { "ISO": "UGA", "COUNTRY": "Uganda", "F_CODE_DES": "Inland Water", "HYC_DESCRI": "Perennial/Permanent", "NAME": "LAKE NAWAMPASA" }, "geometry": { "type": "Polygon", "coordinates": [ [ [ 33.373443419191744, 1.250593975644279 ], [ 33.372558419190909, 1.249154975642796 ], [ 33.368667419187432, 1.250275975643945 ], [ 33.358287419177714, 1.263298975655971 ], [ 33.357570419176909, 1.263762975656391 ], [ 33.352317419172095, 1.267161975659519 ], [ 33.351833419171726, 1.271064975663194 ], [ 33.353202419172931, 1.275005975667 ], [ 33.355194419174722, 1.280741975672299 ], [ 33.350090419170101, 1.291275975682083 ], [ 33.351654419171382, 1.295883975686365 ], [ 33.354160419173922, 1.297050975687398 ], [ 33.360111419179475, 1.296175975686538 ], [ 33.362342419181459, 1.294738975685277 ], [ 33.364700419183691, 1.293221975683991 ], [ 33.366104419184921, 1.288635975679654 ], [ 33.365268419184076, 1.277827975669652 ], [ 33.376812419194948, 1.261595975654473 ], [ 33.377529419195525, 1.257233975650479 ], [ 33.373443419191744, 1.250593975644279 ] ] ] } },
{ "type": "Feature", "properties": { "ISO": "UGA", "COUNTRY": "Uganda", "F_CODE_DES": "Inland Water", "HYC_DESCRI": "Perennial/Permanent", "NAME": "LAKE KOMUNUA" }, "geometry": { "type": "Polygon", "coordinates": [ [ [ 33.657604419456447, 1.273709975665724 ], [ 33.655551419454468, 1.27323597566533 ], [ 33.65303041945208, 1.274137975666235 ], [ 33.650482419449872, 1.279175975670796 ], [ 33.641105419441146, 1.280029975671596 ], [ 33.639015419439147, 1.284841975676045 ], [ 33.639679419439744, 1.288063975679052 ], [ 33.643535419443424, 1.292456975683081 ], [ 33.649681419449053, 1.295946975686547 ], [ 33.654937419453972, 1.295753975686239 ], [ 33.658847419457516, 1.292563975683379 ], [ 33.661171419459833, 1.286833975677837 ], [ 33.657604419456447, 1.273709975665724 ] ] ] } },
{ "type": "Feature", "properties": { "ISO": "UGA", "COUNTRY": "Uganda", "F_CODE_DES": "Inland Water", "HYC_DESCRI": "Perennial/Permanent", "NAME": "LAKE NAKUWA" }, "geometry": { "type": "Polygon", "coordinates": [ [ [ 33.454357419267126, 1.251816975645397 ], [ 33.457790419270395, 1.250921975644587 ], [ 33.463485419275685, 1.253491975646966 ], [ 33.466663419278575, 1.256730975649816 ], [ 33.470714419282331, 1.265493975658046 ], [ 33.473461419284831, 1.264823975657464 ], [ 33.478771419289842, 1.257507975650697 ], [ 33.490016419300446, 1.250693975644253 ], [ 33.499454419309131, 1.241109975635254 ], [ 33.500171419309709, 1.236288975630941 ], [ 33.498611419308418, 1.230991975626011 ], [ 33.490673419300947, 1.222202975617847 ], [ 33.491153419301327, 1.21898897561482 ], [ 33.501914419311333, 1.215848975611834 ], [ 33.509918419318865, 1.215216975611156 ], [ 33.50994141931892, 1.21199897560814 ], [ 33.504276419313555, 1.205064975601772 ], [ 33.498588419308362, 1.20134797559831 ], [ 33.497036419306824, 1.195131975592631 ], [ 33.498890419308509, 1.191008975588602 ], [ 33.503250419312735, 1.18851197558638 ], [ 33.503967419313312, 1.18415097558227 ], [ 33.501503419311121, 1.176779975575528 ], [ 33.498336419308089, 1.17216097557116 ], [ 33.49882541930856, 1.168027975567384 ], [ 33.502765419312254, 1.159783975559549 ], [ 33.509647419318526, 1.156156975556314 ], [ 33.510585419319568, 1.152945975553166 ], [ 33.501914419311333, 1.150815975551268 ], [ 33.490463419300795, 1.15486997555513 ], [ 33.488659419298983, 1.151410975551926 ], [ 33.492355419302612, 1.145462975546252 ], [ 33.492607419302658, 1.142017975543013 ], [ 33.491256419301408, 1.139249975540451 ], [ 33.484878419295455, 1.136446975537865 ], [ 33.483127419293851, 1.133521975535132 ], [ 33.482395419293198, 1.132292975534028 ], [ 33.48155941929258, 1.120797975523374 ], [ 33.479072419290105, 1.117102975519856 ], [ 33.474296419285793, 1.114081975517138 ], [ 33.472267419283753, 1.11039097551361 ], [ 33.478118419289331, 1.090441975494969 ], [ 33.476322419287499, 1.086062975490904 ], [ 33.469467419281273, 1.086242975491132 ], [ 33.468765419280544, 1.086681975491501 ], [ 33.465107419277047, 1.088969975493683 ], [ 33.457965419270522, 1.097189975501351 ], [ 33.45610841926873, 1.101082975505051 ], [ 33.457416419269975, 1.110283975513539 ], [ 33.453083419266022, 1.108873975512097 ], [ 33.447597419260774, 1.109293975512628 ], [ 33.445014419258541, 1.118695975521405 ], [ 33.445449419258921, 1.119722975522336 ], [ 33.447261419260485, 1.123997975526208 ], [ 33.458854419271347, 1.133042975534636 ], [ 33.461074419273473, 1.142020975543119 ], [ 33.45415841926706, 1.150472975550883 ], [ 33.46094141927324, 1.161092975560905 ], [ 33.459758419272248, 1.166598975565876 ], [ 33.460861419273215, 1.172351975571246 ], [ 33.464264419276333, 1.175593975574429 ], [ 33.468490419280215, 1.176605975575285 ], [ 33.470195419281936, 1.17701497557573 ], [ 33.473381419284806, 1.179335975577942 ], [ 33.476066419287463, 1.186937975584897 ], [ 33.47463941928595, 1.19520097559257 ], [ 33.478725419289731, 1.198906975595946 ], [ 33.480297419291219, 1.203054975600026 ], [ 33.478897419289979, 1.206950975603604 ], [ 33.463703419275816, 1.222927975618404 ], [ 33.457508419269971, 1.226100975621421 ], [ 33.444480419257843, 1.226236975621532 ], [ 33.440383419254204, 1.224138975619553 ], [ 33.438709419252518, 1.221833975617301 ], [ 33.43133141924568, 1.211663975607962 ], [ 33.426998419241727, 1.21025397560652 ], [ 33.424678419239399, 1.215292975611419 ], [ 33.431694419246014, 1.224995975620459 ], [ 33.430751419245098, 1.228894975623916 ], [ 33.42913041924362, 1.229018975624058 ], [ 33.425262419239971, 1.229314975624447 ], [ 33.419368419234615, 1.222607975618075 ], [ 33.415946419231432, 1.221893975617377 ], [ 33.414108419229706, 1.22348897561892 ], [ 33.413757419229341, 1.22476997562012 ], [ 33.41316941922878, 1.22692997562217 ], [ 33.415157419230582, 1.23659597563119 ], [ 33.429359419243838, 1.264275975657029 ], [ 33.428482419242982, 1.270455975662799 ], [ 33.428154419242674, 1.272769975664914 ], [ 33.42950041924405, 1.276456975668225 ], [ 33.441082419254826, 1.286881975677943 ], [ 33.44406541925764, 1.285294975676607 ], [ 33.447315419260576, 1.277964975669647 ], [ 33.462207419274364, 1.273015975664975 ], [ 33.463821419275973, 1.270499975662688 ], [ 33.462699419274941, 1.267733975660121 ], [ 33.461494419273777, 1.266639975659245 ], [ 33.454525419267384, 1.260320975653258 ], [ 33.45250741926543, 1.255020975648222 ], [ 33.454357419267126, 1.251816975645397 ] ] ] } },
{ "type": "Feature", "properties": { "ISO": "UGA", "COUNTRY": "Uganda", "F_CODE_DES": "Inland Water", "HYC_DESCRI": "Perennial/Permanent", "NAME": "UNK" }, "geometry": { "type": "Polygon", "coordinates": [ [ [ 32.808212418665335, 1.239581975633882 ], [ 32.804500418661974, 1.239059975633381 ], [ 32.801734418659407, 1.241564975635811 ], [ 32.793483418651704, 1.244945975638984 ], [ 32.790939418649259, 1.248832975642472 ], [ 32.795215418653243, 1.257139975650261 ], [ 32.796539418654447, 1.263125975655839 ], [ 32.794208418652261, 1.269081975661493 ], [ 32.794632418652782, 1.273221975665365 ], [ 32.798496418656214, 1.276010975667759 ], [ 32.802536418660111, 1.272012975664211 ], [ 32.804714418662115, 1.26985597566204 ], [ 32.80988641866702, 1.251282975644926 ], [ 32.808212418665335, 1.239581975633882 ] ] ] } },
{ "type": "Feature", "properties": { "ISO": "UGA", "COUNTRY": "Uganda", "F_CODE_DES": "Inland Water", "HYC_DESCRI": "Perennial/Permanent", "NAME": "UNK" }, "geometry": { "type": "Polygon", "coordinates": [ [ [ 32.965759418812013, 1.249986975643651 ], [ 32.961948418808561, 1.240304975634672 ], [ 32.957550418804431, 1.247623975641318 ], [ 32.957283418804309, 1.252677975646066 ], [ 32.958873418805751, 1.253839975647224 ], [ 32.964366418810869, 1.252732975646268 ], [ 32.965759418812013, 1.249986975643651 ] ] ] } },
{ "type": "Feature", "properties": { "ISO": "UGA", "COUNTRY": "Uganda", "F_CODE_DES": "Inland Water", "HYC_DESCRI": "Perennial/Permanent", "NAME": "LAKE NABIGAGA" }, "geometry": { "type": "Polygon", "coordinates": [ [ [ 33.039768418881067, 1.224592975619998 ], [ 33.036380418877798, 1.219280975614993 ], [ 33.022666418865128, 1.219864975615565 ], [ 33.013092418856104, 1.216572975612507 ], [ 33.011024418854277, 1.217935975613727 ], [ 33.00600841884966, 1.216747975612634 ], [ 33.00165941884552, 1.217402975613368 ], [ 32.999351418843389, 1.220372975616101 ], [ 32.999321418843465, 1.224279975619766 ], [ 33.002922418846765, 1.231890975626811 ], [ 33.008144418851543, 1.236297975630805 ], [ 33.016575418859475, 1.239580975633999 ], [ 33.032379418874143, 1.234876975629504 ], [ 33.034095418875722, 1.233419975628294 ], [ 33.037208418878663, 1.230777975625642 ], [ 33.039768418881067, 1.224592975619998 ] ] ] } },
{ "type": "Feature", "properties": { "ISO": "UGA", "COUNTRY": "Uganda", "F_CODE_DES": "Inland Water", "HYC_DESCRI": "Perennial/Permanent", "NAME": "UNK" }, "geometry": { "type": "Polygon", "coordinates": [ [ [ 32.988567418833327, 1.226263975621578 ], [ 32.986526418831545, 1.223949975619462 ], [ 32.981029418826211, 1.225745975621066 ], [ 32.977974418823578, 1.236752975631362 ], [ 32.981392418826545, 1.237928975632485 ], [ 32.983005418828043, 1.236102975630729 ], [ 32.987621418832532, 1.230392975625364 ], [ 32.988567418833327, 1.226263975621578 ] ] ] } },
{ "type": "Feature", "properties": { "ISO": "UGA", "COUNTRY": "Uganda", "F_CODE_DES": "Inland Water", "HYC_DESCRI": "Perennial/Permanent", "NAME": "UNK" }, "geometry": { "type": "Polygon", "coordinates": [ [ [ 32.981369418826716, 1.211270975607476 ], [ 32.975265418820982, 1.202260975599074 ], [ 32.971527418817459, 1.213261975609385 ], [ 32.964359418810773, 1.224006975619432 ], [ 32.964569418810925, 1.226536975621684 ], [ 32.968437418814574, 1.228634975623663 ], [ 32.972095418818071, 1.228433975623602 ], [ 32.976249418821908, 1.22295097561846 ], [ 32.981369418826716, 1.211270975607476 ] ] ] } },
{ "type": "Feature", "properties": { "ISO": "UGA", "COUNTRY": "Uganda", "F_CODE_DES": "Inland Water", "HYC_DESCRI": "Perennial/Permanent", "NAME": "LAKE KAWI" }, "geometry": { "type": "Polygon", "coordinates": [ [ [ 33.639621419439663, 1.196598975593815 ], [ 33.636661419436905, 1.194969975592358 ], [ 33.633007419433625, 1.195070975592444 ], [ 33.630031419430679, 1.195153975592575 ], [ 33.62152841942293, 1.202447975599398 ], [ 33.617149419418638, 1.207472975604105 ], [ 33.616199419417853, 1.212750975608969 ], [ 33.631706419432248, 1.217455975613348 ], [ 33.636055419436389, 1.216796975612624 ], [ 33.639515419439476, 1.212224975608478 ], [ 33.640640419440615, 1.207158975603761 ], [ 33.641399419441314, 1.203735975600466 ], [ 33.639621419439663, 1.196598975593815 ] ] ] } },
{ "type": "Feature", "properties": { "ISO": "UGA", "COUNTRY": "Uganda", "F_CODE_DES": "Inland Water", "HYC_DESCRI": "Perennial/Permanent", "NAME": "LAKE NAKATENGA" }, "geometry": { "type": "Polygon", "coordinates": [ [ [ 33.563587419368787, 1.154701975554872 ], [ 33.559471419365082, 1.154672975554831 ], [ 33.552559419358658, 1.163125975562707 ], [ 33.554813419360698, 1.167507975566878 ], [ 33.558227419363902, 1.169599975568872 ], [ 33.563251419368498, 1.169635975568781 ], [ 33.568767419373671, 1.165308975564812 ], [ 33.570167419374911, 1.161411975561123 ], [ 33.567909419372882, 1.157489975557382 ], [ 33.563587419368787, 1.154701975554872 ] ] ] } },
{ "type": "Feature", "properties": { "ISO": "UGA", "COUNTRY": "Uganda", "F_CODE_DES": "Inland Water", "HYC_DESCRI": "Perennial/Permanent", "NAME": "UNK" }, "geometry": { "type": "Polygon", "coordinates": [ [ [ 32.819255418675539, 1.151700975552103 ], [ 32.81752741867399, 1.151149975551562 ], [ 32.813617418670447, 1.154335975554659 ], [ 32.811042418667967, 1.162357975561918 ], [ 32.812843418669672, 1.166048975565445 ], [ 32.817382418674015, 1.166545975565896 ], [ 32.821090418677386, 1.163126975562818 ], [ 32.82273841867891, 1.156935975556962 ], [ 32.820785418677133, 1.152728975553146 ], [ 32.820942418677305, 1.15223797555268 ], [ 32.819255418675539, 1.151700975552103 ] ] ] } },
{ "type": "Feature", "properties": { "ISO": "UGA", "COUNTRY": "Uganda", "F_CODE_DES": "Inland Water", "HYC_DESCRI": "Perennial/Permanent", "NAME": "LAKE LEMWA" }, "geometry": { "type": "Polygon", "coordinates": [ [ [ 33.713062419508105, 1.126586975528653 ], [ 33.718082419512712, 1.117405975520114 ], [ 33.715194419509999, 1.116276975519213 ], [ 33.713295419508313, 1.115533975518474 ], [ 33.708030419503302, 1.116646975519416 ], [ 33.69546841949159, 1.115870975518646 ], [ 33.690872419487505, 1.120204975522711 ], [ 33.687442419484114, 1.120410975522873 ], [ 33.68380341948091, 1.117857975520565 ], [ 33.681335419478501, 1.110947975514136 ], [ 33.677681419475221, 1.110691975513873 ], [ 33.672180419469896, 1.113411975516328 ], [ 33.667396419465604, 1.111309975514587 ], [ 33.663959419462344, 1.112434975515498 ], [ 33.66048841945917, 1.119304975522027 ], [ 33.663631419462035, 1.127138975529306 ], [ 33.666912419465007, 1.129612975531472 ], [ 33.674091419471779, 1.135024975536453 ], [ 33.680019419477276, 1.136673975538088 ], [ 33.694412419490618, 1.137003975538391 ], [ 33.706535419501961, 1.135019975536579 ], [ 33.710445419505731, 1.131369975533062 ], [ 33.713062419508105, 1.126586975528653 ] ] ] } },
{ "type": "Feature", "properties": { "ISO": "UGA", "COUNTRY": "Uganda", "F_CODE_DES": "Inland Water", "HYC_DESCRI": "Perennial/Permanent", "NAME": "UNK" }, "geometry": { "type": "Polygon", "coordinates": [ [ [ 33.603923419406328, 1.004481975415047 ], [ 33.600280419403134, 1.002847975413488 ], [ 33.59821741940118, 1.003752975414272 ], [ 33.598186419401145, 1.0082979754186 ], [ 33.598175419401059, 1.009955975420098 ], [ 33.601104419403782, 1.015720975425438 ], [ 33.60610941940854, 1.018972975428369 ], [ 33.611812419413809, 1.02016097542969 ], [ 33.612758419414604, 1.018293975427923 ], [ 33.613433419415287, 1.016955975426526 ], [ 33.60707841940939, 1.011166975421247 ], [ 33.603923419406328, 1.004481975415047 ] ] ] } },
{ "type": "Feature", "properties": { "ISO": "UGA", "COUNTRY": "Uganda", "F_CODE_DES": "Inland Water", "HYC_DESCRI": "Perennial/Permanent", "NAME": "UNK" }, "geometry": { "type": "Polygon", "coordinates": [ [ [ 33.101814418938829, 0.53930897498185 ], [ 33.097709418934983, 0.538588974981167 ], [ 33.093818418931278, 0.54016697498264 ], [ 33.085655418923807, 0.547903974989822 ], [ 33.078830418917505, 0.559572975000719 ], [ 33.065357418904796, 0.590014975028907 ], [ 33.055221418895371, 0.601420975039673 ], [ 33.055824418896009, 0.612449975049913 ], [ 33.058811418898813, 0.610175975047696 ], [ 33.067379418906739, 0.594394975033083 ], [ 33.080715418919226, 0.582094975021619 ], [ 33.083518418921813, 0.573618975013687 ], [ 33.085205418923351, 0.561688975002653 ], [ 33.089832418927699, 0.553685974995233 ], [ 33.098095418935372, 0.548237974990116 ], [ 33.101814418938829, 0.53930897498185 ] ] ] } },
{ "type": "Feature", "properties": { "ISO": "UGA", "COUNTRY": "Uganda", "F_CODE_DES": "Inland Water", "HYC_DESCRI": "Perennial/Permanent", "NAME": "LAKE VICTORIA" }, "geometry": { "type": "Polygon", "coordinates": [ [ [ 34.008342419783048, 0.236627974699786 ], [ 34.008342419783048, 0.23332897469686 ], [ 34.000011419775319, 0.23332897469686 ], [ 33.9916764197676, 0.23332897469686 ], [ 33.983345419759871, 0.23332897469686 ], [ 33.983345419759871, 0.224994974689025 ], [ 33.975010419751925, 0.224994974689025 ], [ 33.966678419744312, 0.224994974689025 ], [ 33.966678419744312, 0.216661974681301 ], [ 33.966678419744312, 0.208328974673577 ], [ 33.966678419744312, 0.199994974665742 ], [ 33.966678419744312, 0.191661974658018 ], [ 33.966678419744312, 0.183328974650294 ], [ 33.958343419736593, 0.183328974650294 ], [ 33.958343419736593, 0.174994974642459 ], [ 33.958343419736593, 0.166661974634735 ], [ 33.950012419728864, 0.166661974634735 ], [ 33.950012419728864, 0.158328974627011 ], [ 33.941677419720918, 0.158328974627011 ], [ 33.941677419720918, 0.149994974619176 ], [ 33.933345419713305, 0.149994974619176 ], [ 33.933345419713305, 0.141661974611452 ], [ 33.933345419713305, 0.133328974603728 ], [ 33.925010419705359, 0.133328974603728 ], [ 33.925010419705359, 0.124994974595893 ], [ 33.91667941969763, 0.124994974595893 ], [ 33.91667941969763, 0.116661974588169 ], [ 33.908344419689911, 0.116661974588169 ], [ 33.908344419689911, 0.108328974580445 ], [ 33.908344419689911, 0.09999497457261 ], [ 33.908344419689911, 0.091661974564886 ], [ 33.908344419689911, 0.083328974557162 ], [ 33.91667941969763, 0.083328974557162 ], [ 33.91667941969763, 0.074994974549327 ], [ 33.91667941969763, 0.066661974541603 ], [ 33.91667941969763, 0.058328974533879 ], [ 33.91667941969763, 0.049994974526044 ], [ 33.925010419705359, 0.049994974526044 ], [ 33.925010419705359, 0.04166197451832 ], [ 33.925010419705359, 0.033328974510596 ], [ 33.925010419705359, 0.024994974502761 ], [ 33.925010419705359, 0.016661974495037 ], [ 33.933345419713305, 0.016661974495037 ], [ 33.933345419713305, 0.008328974487313 ], [ 33.933345419713305, -0.000000025520421 ], [ 32.802276418659858, -0.000000025520421 ], [ 32.808445418665542, 0.010558974489413 ], [ 32.816360418672957, 0.019572974497805 ], [ 32.82408541868017, 0.02353697450144 ], [ 32.82634741868219, 0.026538974504319 ], [ 32.826095418681916, 0.029290974506694 ], [ 32.823574418679755, 0.030877974508257 ], [ 32.8210794186773, 0.028791974506248 ], [ 32.817718418674303, 0.033181974510399 ], [ 32.815315418672071, 0.036320974513274 ], [ 32.811195418668149, 0.037893974514873 ], [ 32.810478418667572, 0.041790974518335 ], [ 32.812038418668863, 0.046622974522961 ], [ 32.807243418664484, 0.047273974523478 ], [ 32.801971418659605, 0.049985974525953 ], [ 32.801559418659281, 0.044473974520997 ], [ 32.804332418661716, 0.03990497451673 ], [ 32.801410418659088, 0.03414397451138 ], [ 32.798893418656689, 0.035040974512185 ], [ 32.798168418655905, 0.040314974517059 ], [ 32.794502418652655, 0.04212197451875 ], [ 32.790187418648657, 0.039332974516128 ], [ 32.783107418641976, 0.040423974517125 ], [ 32.782028418640948, 0.032380974509579 ], [ 32.777938418637177, 0.030052974507498 ], [ 32.776138418635583, 0.027054974504608 ], [ 32.779621418638726, 0.019508974497739 ], [ 32.778278418637456, 0.016283974494627 ], [ 32.769146418628907, 0.016669974495017 ], [ 32.767334418627343, 0.015048974493538 ], [ 32.767593418627484, 0.010918974489641 ], [ 32.767055418627024, -0.000000025520421 ], [ 32.75783141861848, -0.000000025520421 ], [ 32.757110418617685, -0.000000025520421 ], [ 32.748901418610103, -0.000000025520421 ], [ 32.748119418609349, -0.000000025520421 ], [ 32.434692418317582, -0.000000025520421 ], [ 32.443824418325903, 0.005951974485015 ], [ 32.431678418314732, 0.012505974491205 ], [ 32.428257418311432, 0.012017974490618 ], [ 32.426006418309498, 0.008325974487207 ], [ 32.430255418313436, -0.000000025520421 ], [ 32.375877418262689, -0.000000025520421 ], [ 32.377189418263924, 0.006304974485374 ], [ 32.378513418265129, 0.011824974490537 ], [ 32.384636418270929, 0.016466974494733 ], [ 32.385044418271264, 0.022437974500463 ], [ 32.380157418266663, 0.033413974510722 ], [ 32.380130418266617, 0.036626974513638 ], [ 32.383266418269613, 0.043539974519945 ], [ 32.382438418268748, 0.060747974536071 ], [ 32.380336418266779, 0.066468974541294 ], [ 32.375229418262052, 0.07001497454462 ], [ 32.371845418258999, 0.072363974546988 ], [ 32.371124418258205, 0.076489974550668 ], [ 32.372921418259921, 0.087933974561338 ], [ 32.373073418260219, 0.088901974562305 ], [ 32.379894418266531, 0.092173974565412 ], [ 32.397911418283229, 0.093474974566561 ], [ 32.401363418286564, 0.090060974563357 ], [ 32.402072418287162, 0.087082974560644 ], [ 32.39806741828329, 0.075112974549484 ], [ 32.39923041828456, 0.07213897454676 ], [ 32.409675418294228, 0.078653974552708 ], [ 32.417198418301268, 0.079635974553639 ], [ 32.422863418306406, 0.084504974558286 ], [ 32.436782418319353, 0.084851974558433 ], [ 32.440620418323078, 0.089704974563119 ], [ 32.443866418326024, 0.098280974571026 ], [ 32.444194418326333, 0.099146974571795 ], [ 32.44529341832731, 0.10534897457751 ], [ 32.447246418329087, 0.116388974587835 ], [ 32.452426418333971, 0.124466974595407 ], [ 32.457218418338471, 0.124966974595964 ], [ 32.464130418344894, 0.11676097458826 ], [ 32.464904418345668, 0.10620797457841 ], [ 32.462692418343522, 0.09769597457057 ], [ 32.460830418341857, 0.094897974567857 ], [ 32.45592841833718, 0.087538974561085 ], [ 32.452053418333662, 0.083848974557668 ], [ 32.442794418325093, 0.075032974549458 ], [ 32.428108418311467, 0.057463974532993 ], [ 32.415580418299669, 0.054602974530326 ], [ 32.412956418297199, 0.051467974527441 ], [ 32.41380341829813, 0.048848974525072 ], [ 32.419311418303096, 0.044993974521503 ], [ 32.420490418304325, 0.040413974517151 ], [ 32.429012418312141, 0.031074974508329 ], [ 32.438369418320917, 0.03115397450847 ], [ 32.444366418326581, 0.023400974501328 ], [ 32.448932418330742, 0.022979974500913 ], [ 32.452999418334457, 0.027834974505367 ], [ 32.455211418336603, 0.036345974513324 ], [ 32.462928418343836, 0.041689974518249 ], [ 32.472061418352268, 0.041078974517859 ], [ 32.477001418356849, 0.050760974526838 ], [ 32.481994418361637, 0.054015974529875 ], [ 32.483772418363287, 0.059998974535347 ], [ 32.482772418362174, 0.070089974544771 ], [ 32.486831418366137, 0.076091974550309 ], [ 32.486866418366162, 0.077160974551362 ], [ 32.487194418366471, 0.087801974561216 ], [ 32.490142418369032, 0.089662974562998 ], [ 32.501415418379565, 0.078968974552936 ], [ 32.505615418383513, 0.06775697454259 ], [ 32.507064418384971, 0.058127974533591 ], [ 32.510284418387982, 0.05494197453072 ], [ 32.525371418401846, 0.051854974527714 ], [ 32.53098641840711, 0.062689974537761 ], [ 32.52512341840179, 0.082151974555927 ], [ 32.526916418403289, 0.086068974559566 ], [ 32.531703418407915, 0.086567974560012 ], [ 32.534465418410491, 0.083835974557587 ], [ 32.536800418412668, 0.077657974551812 ], [ 32.539119418414657, 0.076825974550957 ], [ 32.546184418421262, 0.074292974548598 ], [ 32.549804418424628, 0.077995974552096 ], [ 32.553245418427878, 0.075728974549975 ], [ 32.551006418425914, 0.070430974545161 ], [ 32.56042441843465, 0.063163974538384 ], [ 32.562061418436087, 0.058127974533591 ], [ 32.55419941842888, 0.04268397451915 ], [ 32.554908418429477, 0.039934974516655 ], [ 32.568096418441655, 0.045553974521908 ], [ 32.575622418448802, 0.046304974522627 ], [ 32.577659418450594, 0.048157974524429 ], [ 32.578289418451277, 0.055278974530893 ], [ 32.569362418443006, 0.058417974533995 ], [ 32.565448418439246, 0.06251697453763 ], [ 32.563484418437383, 0.079486974553447 ], [ 32.562831418436872, 0.081289974555148 ], [ 32.558582418432934, 0.092988974566197 ], [ 32.552822418427468, 0.099597974572134 ], [ 32.549289418424223, 0.112882974584636 ], [ 32.550636418425483, 0.11587797458742 ], [ 32.55699941843136, 0.119144974590427 ], [ 32.565738418439651, 0.110953974582799 ], [ 32.570835418444403, 0.101583974574169 ], [ 32.575859418448999, 0.101166974573744 ], [ 32.583137418455863, 0.104210974576517 ], [ 32.584301418456789, 0.101465974574012 ], [ 32.579109418451935, 0.094536974567518 ], [ 32.580047418452978, 0.091330974564471 ], [ 32.584377418456825, 0.092055974565255 ], [ 32.591148418463263, 0.101293974573764 ], [ 32.590671418462762, 0.103814974576153 ], [ 32.583789418456263, 0.108348974580394 ], [ 32.582321418454967, 0.111281974583108 ], [ 32.575901418449121, 0.124121974595027 ], [ 32.57541641844864, 0.127561974598393 ], [ 32.581741418454385, 0.135877974606046 ], [ 32.598865418470496, 0.134871974605176 ], [ 32.601352418472743, 0.137876974607934 ], [ 32.600879418472232, 0.139938974609777 ], [ 32.596500418468167, 0.142789974612469 ], [ 32.590782418462823, 0.146512974615916 ], [ 32.585704418458135, 0.153586974622613 ], [ 32.582900418455438, 0.161368974629795 ], [ 32.582733418455291, 0.168398974636375 ], [ 32.582557418455281, 0.17559897464298 ], [ 32.572170418445467, 0.189975974656363 ], [ 32.571216418444692, 0.194788974660923 ], [ 32.57322741844655, 0.200544974666172 ], [ 32.575370418448529, 0.201767974667291 ], [ 32.577316418450437, 0.202874974668475 ], [ 32.581916418454512, 0.198550974664386 ], [ 32.588974418461248, 0.200445974666081 ], [ 32.591270418463409, 0.199087974664963 ], [ 32.593151418465141, 0.192215974658438 ], [ 32.596576418468203, 0.192014974658377 ], [ 32.602462418473806, 0.198031974663991 ], [ 32.60421341847541, 0.206999974672271 ], [ 32.608776418479692, 0.207496974672722 ], [ 32.616367418486789, 0.200212974665874 ], [ 32.621353418491253, 0.204385974669776 ], [ 32.626037418495798, 0.217969974682546 ], [ 32.624359418494123, 0.227827974691763 ], [ 32.626358418496011, 0.234731974698207 ], [ 32.639011418507835, 0.25113697471329 ], [ 32.640670418509444, 0.256293974718119 ], [ 32.64123541850995, 0.258042974719729 ], [ 32.639320418508078, 0.269276974730246 ], [ 32.639537418508326, 0.27046497473134 ], [ 32.640411418509075, 0.275254974735844 ], [ 32.644695418513038, 0.282177974742353 ], [ 32.647815418516075, 0.291387974750933 ], [ 32.6514514185194, 0.293483974752917 ], [ 32.661766418528941, 0.288287974748073 ], [ 32.663581418530612, 0.289679974749333 ], [ 32.663780418530905, 0.293125974752456 ], [ 32.66075541852797, 0.300447974759209 ], [ 32.661418418528683, 0.302978974761572 ], [ 32.664375418531336, 0.304610974763136 ], [ 32.666210418533183, 0.303477974762018 ], [ 32.667202418534089, 0.293612974752932 ], [ 32.66906341853587, 0.289265974748787 ], [ 32.67433541854075, 0.286552974746428 ], [ 32.675510418541762, 0.282429974742627 ], [ 32.673507418539884, 0.275984974736502 ], [ 32.670570418537181, 0.271828974732671 ], [ 32.667518418534428, 0.257546974719389 ], [ 32.666393418533289, 0.252279974714384 ], [ 32.665454418532363, 0.251384974713574 ], [ 32.662994418530161, 0.249037974711428 ], [ 32.652526418520438, 0.245048974707743 ], [ 32.651180418519061, 0.242052974704848 ], [ 32.65327441852105, 0.237018974700277 ], [ 32.647605418515695, 0.232610974696172 ], [ 32.64741541851572, 0.228017974691738 ], [ 32.651348418519319, 0.22139197468573 ], [ 32.655021418522665, 0.218666974683174 ], [ 32.658447418525839, 0.218465974682886 ], [ 32.664337418531431, 0.22402397468818 ], [ 32.669414418536007, 0.216718974681271 ], [ 32.67396141854033, 0.219051974683452 ], [ 32.671863418538351, 0.224773974688787 ], [ 32.680236418546201, 0.233795974697159 ], [ 32.686679418552103, 0.226960974690883 ], [ 32.686843418552371, 0.224366974688337 ], [ 32.686943418552346, 0.222830974686985 ], [ 32.682907418548666, 0.213843974678639 ], [ 32.683162418548818, 0.210402974675389 ], [ 32.682620418548368, 0.2094999746746 ], [ 32.679557418545528, 0.204403974669958 ], [ 32.676128418542248, 0.202168974667757 ], [ 32.674564418540967, 0.201149974666805 ], [ 32.670726418537242, 0.19537897466148 ], [ 32.669250418535967, 0.194756974660777 ], [ 32.660720418527944, 0.191164974657568 ], [ 32.657775418525262, 0.188385974654921 ], [ 32.656391418523981, 0.178931974646048 ], [ 32.656261418523854, 0.178042974645223 ], [ 32.653125418520858, 0.170440974638268 ], [ 32.662044418529149, 0.168447974636365 ], [ 32.670082418536822, 0.162315974630701 ], [ 32.673271418539798, 0.163029974631399 ], [ 32.6753044185416, 0.165801974633951 ], [ 32.676174418542359, 0.171088974638906 ], [ 32.683090418548773, 0.162421974630661 ], [ 32.697197418561927, 0.167816974635798 ], [ 32.698684418563289, 0.171389974639169 ], [ 32.699211418563891, 0.172653974640298 ], [ 32.698482418563117, 0.178157974645501 ], [ 32.700046418564625, 0.182761974649793 ], [ 32.705272418569393, 0.183160974650036 ], [ 32.713504418577259, 0.183789974650608 ], [ 32.716682418580149, 0.185881974652602 ], [ 32.718368418581804, 0.203571974669103 ], [ 32.722232418585236, 0.205439974670753 ], [ 32.729549418592114, 0.203662974669214 ], [ 32.733257418595485, 0.196575974662665 ], [ 32.733570418595946, 0.186017974652714 ], [ 32.736332418598522, 0.183285974650289 ], [ 32.743240418604955, 0.181088974648219 ], [ 32.745483418606909, 0.180375974647404 ], [ 32.748249418609475, 0.176953974644221 ], [ 32.736438418598482, 0.169741974637645 ], [ 32.729217418591816, 0.159352974627836 ], [ 32.72397941858685, 0.157703974626429 ], [ 32.72081741858392, 0.154004974622922 ], [ 32.718959418582244, 0.148382974617789 ], [ 32.717472418580883, 0.143877974613588 ], [ 32.71453141857819, 0.140639974610394 ], [ 32.708850418572865, 0.137609974607585 ], [ 32.689441418554679, 0.138828974608714 ], [ 32.682003418547765, 0.127289974597943 ], [ 32.675628418541919, 0.125172974596126 ], [ 32.674057418540315, 0.125491974596343 ], [ 32.671283418537769, 0.126054974596855 ], [ 32.667594418534463, 0.130845974601243 ], [ 32.663265418530273, 0.13012197460057 ], [ 32.65987741852723, 0.125502974596429 ], [ 32.65553641852307, 0.125925974596839 ], [ 32.650989418518975, 0.123822974594759 ], [ 32.649646418517705, 0.120597974591874 ], [ 32.652862418520726, 0.118099974589541 ], [ 32.659240418526679, 0.119528974590821 ], [ 32.662406418529599, 0.122997974594 ], [ 32.670448418537035, 0.11640697458779 ], [ 32.671859418538361, 0.111367974583118 ], [ 32.666275418533132, 0.096172974569072 ], [ 32.661529418528744, 0.090165974563433 ], [ 32.662235418529463, 0.087875974561257 ], [ 32.669971418536534, 0.090463974563818 ], [ 32.675849418542157, 0.097398974570297 ], [ 32.680641418546656, 0.097666974570529 ], [ 32.683033418548803, 0.084143974557946 ], [ 32.687332418552842, 0.088768974562072 ], [ 32.690673418555889, 0.098896974571517 ], [ 32.693401418558551, 0.100295974572873 ], [ 32.694347418559346, 0.096171974568961 ], [ 32.699409418564073, 0.090933974564223 ], [ 32.701911418566397, 0.09164297456482 ], [ 32.705310418569525, 0.094883974567892 ], [ 32.704441418568649, 0.104274974576583 ], [ 32.704311418568523, 0.105664974577849 ], [ 32.713245418576889, 0.101604974574229 ], [ 32.715751418579202, 0.102313974574827 ], [ 32.715686418579253, 0.110347974582282 ], [ 32.72597541858886, 0.108135974580136 ], [ 32.728466418591097, 0.110221974582146 ], [ 32.731132418593688, 0.11942597459074 ], [ 32.732952418595232, 0.120128974591353 ], [ 32.735481418597601, 0.118083974589354 ], [ 32.73758741859956, 0.111443974583381 ], [ 32.744892418606469, 0.111272974583017 ], [ 32.753189418614056, 0.129704974600372 ], [ 32.755226418616076, 0.131786974602164 ], [ 32.759784418620256, 0.13274197460305 ], [ 32.759376418619922, 0.126540974597447 ], [ 32.765140418625151, 0.119240974590639 ], [ 32.767429418627444, 0.118341974589612 ], [ 32.776077418635396, 0.121394974592477 ], [ 32.780155418639197, 0.11668697458822 ], [ 32.789127418647695, 0.116220974587804 ], [ 32.790062418648404, 0.113243974584975 ], [ 32.785316418644015, 0.107466974579665 ], [ 32.787380418645853, 0.106105974578213 ], [ 32.792171418650469, 0.106144974578456 ], [ 32.793968418652184, 0.110290974582313 ], [ 32.792728418650995, 0.122446974593458 ], [ 32.793590418651775, 0.129110974599826 ], [ 32.791931418650165, 0.136902974606983 ], [ 32.793258418651476, 0.142192974611817 ], [ 32.797115418655039, 0.14497897461456 ], [ 32.799648418657398, 0.142244974611913 ], [ 32.804218418661549, 0.141821974611503 ], [ 32.806240418663492, 0.145510974615036 ], [ 32.804817418662196, 0.152386974621322 ], [ 32.805469418662824, 0.156753974625417 ], [ 32.807289418664595, 0.157456974626029 ], [ 32.808914418666063, 0.154026974622866 ], [ 32.811897418668877, 0.151754974620872 ], [ 32.815151418671803, 0.144434974614114 ], [ 32.822937418678976, 0.141282974611158 ], [ 32.827926418683774, 0.146927974616347 ], [ 32.829269418685044, 0.148449974617733 ], [ 32.833816418689139, 0.150781974619804 ], [ 32.841350418696265, 0.150611974619778 ], [ 32.853302418707472, 0.139688974609498 ], [ 32.860393418714011, 0.137678974607752 ], [ 32.860748418714365, 0.150766974619955 ], [ 32.859829418713389, 0.151677974620725 ], [ 32.855976418709815, 0.147973974617344 ], [ 32.852306418706348, 0.150469974619682 ], [ 32.850208418704369, 0.155962974624799 ], [ 32.854698418708722, 0.165639974633677 ], [ 32.853355418707451, 0.169653974637413 ], [ 32.850257418704587, 0.178919974646078 ], [ 32.851375418705629, 0.182142974649196 ], [ 32.853431418707487, 0.181699974648609 ], [ 32.85851641871227, 0.173475974640951 ], [ 32.859645418713171, 0.172656974640176 ], [ 32.861961418715509, 0.170977974638618 ], [ 32.865848418718997, 0.170089974637904 ], [ 32.870613418723451, 0.173571974641163 ], [ 32.871620418724433, 0.177016974644403 ], [ 32.87350441872627, 0.183465974650289 ], [ 32.875183418727829, 0.202074974667767 ], [ 32.883892418735741, 0.197551974663384 ], [ 32.893257418744497, 0.196707974662786 ], [ 32.894187418745332, 0.194648974660822 ], [ 32.886249418738089, 0.187928974654596 ], [ 32.883998418735928, 0.18377897465075 ], [ 32.885623418737396, 0.180577974647576 ], [ 32.889507418741005, 0.179919974646964 ], [ 32.900444418751249, 0.18253097464958 ], [ 32.902763418753466, 0.177728974645106 ], [ 32.901874418752641, 0.174736974642201 ], [ 32.892787418744092, 0.169155974637079 ], [ 32.882423418734561, 0.151856974620841 ], [ 32.884132418736044, 0.146285974615694 ], [ 32.885231418737021, 0.142696974612363 ], [ 32.890049418741683, 0.139749974609686 ], [ 32.901435418752271, 0.142594974612393 ], [ 32.904411418754989, 0.141470974611138 ], [ 32.905117418755708, 0.138950974608861 ], [ 32.902874418753527, 0.134112974604477 ], [ 32.89650741874766, 0.130848974601349 ], [ 32.887813418739597, 0.133763974604108 ], [ 32.884620418736631, 0.133279974603511 ], [ 32.881221418733276, 0.130268974600767 ], [ 32.878295418730659, 0.124735974595751 ], [ 32.876983418729424, 0.117609974588959 ], [ 32.87932241873159, 0.110282974582105 ], [ 32.883411418735477, 0.112380974584084 ], [ 32.886558418738332, 0.118832974590077 ], [ 32.892974418744416, 0.115440974587045 ], [ 32.895511418746764, 0.112016974583867 ], [ 32.896766418747802, 0.097335974570115 ], [ 32.895378418746532, 0.08714297456072 ], [ 32.894607418745863, 0.081480974555461 ], [ 32.898098418748987, 0.073014974547505 ], [ 32.90016141875094, 0.071424974546062 ], [ 32.90678441875707, 0.07078797454551 ], [ 32.910877418760947, 0.072656974547044 ], [ 32.913795418763812, 0.07910697455327 ], [ 32.91994141876944, 0.081220974555208 ], [ 32.935455418783931, 0.082031974555775 ], [ 32.938667418786963, 0.079531974553447 ], [ 32.943004418790906, 0.079565974553589 ], [ 32.950737418798099, 0.082839974556691 ], [ 32.956409418803332, 0.087245974560801 ], [ 32.957725418804557, 0.094141974567265 ], [ 32.962982418809588, 0.093035974566192 ], [ 32.966213418812458, 0.088699974562132 ], [ 32.9751124188208, 0.088768974562072 ], [ 32.984619418829652, 0.09871397457141 ], [ 32.987583418832401, 0.100628974573283 ], [ 33.006195418849757, 0.112653974584418 ], [ 33.007991418851361, 0.116340974587729 ], [ 33.004970418848643, 0.123433974594491 ], [ 33.007000418850566, 0.126662974597366 ], [ 33.010185418853553, 0.128064974598828 ], [ 33.012039418855238, 0.12417697459523 ], [ 33.011878418855076, 0.115682974587116 ], [ 33.013942418856914, 0.114320974586008 ], [ 33.016452418859217, 0.114110974585856 ], [ 33.026004418868297, 0.118775974590108 ], [ 33.031898418873652, 0.123871974594749 ], [ 33.039802418880981, 0.134721974604872 ], [ 33.030189418872169, 0.138779974608724 ], [ 33.02948341887145, 0.141528974611219 ], [ 33.031520418873242, 0.143610974613239 ], [ 33.039055418880253, 0.143438974612991 ], [ 33.043178418884281, 0.141404974611078 ], [ 33.046863418887597, 0.136841974607023 ], [ 33.047508418888128, 0.13710697460715 ], [ 33.049137418889813, 0.137777974607843 ], [ 33.053657418893863, 0.143781974613375 ], [ 33.053638418894025, 0.146535974615972 ], [ 33.047897418888624, 0.150853974620077 ], [ 33.051742418892218, 0.15570397462443 ], [ 33.070625418909685, 0.163654974631982 ], [ 33.093509418931035, 0.186097974652739 ], [ 33.093257418930762, 0.18907997465567 ], [ 33.087284418925265, 0.194543974660746 ], [ 33.096790418934233, 0.205176974670621 ], [ 33.099247418936329, 0.212312974677161 ], [ 33.097629418934957, 0.215055974679672 ], [ 33.091919418929592, 0.215470974680102 ], [ 33.08897041892692, 0.213152974677996 ], [ 33.086670418924768, 0.212954974677814 ], [ 33.074371418913188, 0.211892974676857 ], [ 33.044578418885521, 0.227733974691546 ], [ 33.046611418887323, 0.230504974694213 ], [ 33.060478418900402, 0.237957974701203 ], [ 33.064331418903976, 0.241660974704473 ], [ 33.069385418908496, 0.237337974700495 ], [ 33.072757418911806, 0.244021974706811 ], [ 33.071365418910545, 0.246995974709534 ], [ 33.063568418903287, 0.251756974713999 ], [ 33.066715418906142, 0.258209974719875 ], [ 33.072647418911629, 0.258714974720533 ], [ 33.075859418914661, 0.256901974718858 ], [ 33.081302418919677, 0.261076974722528 ], [ 33.084053418922167, 0.259949974721621 ], [ 33.084884418923139, 0.258256974720098 ], [ 33.087993418925862, 0.251944974714206 ], [ 33.095302418932761, 0.251081974713316 ], [ 33.099670418936739, 0.246982974709454 ], [ 33.103965418940788, 0.25275497471489 ], [ 33.108516418945101, 0.254396974716428 ], [ 33.113086418949251, 0.253972974715907 ], [ 33.113559418949762, 0.251450974713634 ], [ 33.110641418947125, 0.245229974707854 ], [ 33.111572418947844, 0.242711974705571 ], [ 33.114326418950441, 0.240666974703572 ], [ 33.121391418957046, 0.242097974704848 ], [ 33.121871418957426, 0.239116974702256 ], [ 33.119621418955376, 0.234737974698191 ], [ 33.110317418946806, 0.227549974691328 ], [ 33.108547418945136, 0.220189974684445 ], [ 33.109249418945637, 0.217439974682065 ], [ 33.120914418956545, 0.214544974679256 ], [ 33.131633418966658, 0.21577397468036 ], [ 33.137489418972109, 0.226378974690306 ], [ 33.137783418972276, 0.227344974691277 ], [ 33.140159418974463, 0.235123974698354 ], [ 33.139442418973886, 0.239709974702691 ], [ 33.132988418967898, 0.248154974710587 ], [ 33.1350214189697, 0.251154974713472 ], [ 33.144184418978284, 0.2466329747092 ], [ 33.14829241898201, 0.246434974709018 ], [ 33.151477418984996, 0.2482959747108 ], [ 33.15667341898984, 0.255222974717071 ], [ 33.159351418992401, 0.263507974724916 ], [ 33.157939418990964, 0.269466974730449 ], [ 33.147979418981777, 0.288676974748341 ], [ 33.145854418979752, 0.298303974757346 ], [ 33.147628418981412, 0.305205974763794 ], [ 33.162319418995139, 0.316941974774636 ], [ 33.165328418997888, 0.319345974776979 ], [ 33.168769419001137, 0.317075974774752 ], [ 33.175388419007277, 0.317125974774854 ], [ 33.18745041901866, 0.322267974779606 ], [ 33.190399419021333, 0.324585974781712 ], [ 33.191238419022056, 0.334694974791091 ], [ 33.19808141902854, 0.335435974791835 ], [ 33.204036419034082, 0.332724974789471 ], [ 33.207687419037484, 0.33321197478972 ], [ 33.211094419040592, 0.335532974791931 ], [ 33.217876419046888, 0.344309974800126 ], [ 33.2246974190532, 0.348263974803785 ], [ 33.240642419068081, 0.352745974807931 ], [ 33.246097419073067, 0.356000974810968 ], [ 33.252880419079474, 0.365236974819709 ], [ 33.260376419086469, 0.370573974824538 ], [ 33.264183419089932, 0.372341974826213 ], [ 33.272434419097635, 0.376173974829726 ], [ 33.273307419098501, 0.38169097483501 ], [ 33.271228419096587, 0.385119974838062 ], [ 33.263202419089112, 0.38965297484242 ], [ 33.247634419074529, 0.395736974847978 ], [ 33.239872419067297, 0.395907974848114 ], [ 33.230087419058236, 0.391242974843863 ], [ 33.224777419053225, 0.399468974851516 ], [ 33.214706419043978, 0.403067974854821 ], [ 33.210869419040364, 0.39706897484939 ], [ 33.199848419030104, 0.40571197485724 ], [ 33.196182419026627, 0.407061974858607 ], [ 33.19411041902481, 0.409341974860808 ], [ 33.196754419027229, 0.422680974873174 ], [ 33.182830419014181, 0.453116974901377 ], [ 33.177284419009084, 0.462030974909794 ], [ 33.168098419000444, 0.468850974916222 ], [ 33.162086418994932, 0.479368974926047 ], [ 33.159099418992128, 0.481872974928365 ], [ 33.153629418987066, 0.480682974927049 ], [ 33.151767418985401, 0.485031974931189 ], [ 33.152870418986367, 0.490322974936134 ], [ 33.172168419004265, 0.474392974921329 ], [ 33.183006419014418, 0.460236974908184 ], [ 33.197105419027594, 0.436690974886233 ], [ 33.199203419029573, 0.430965974880792 ], [ 33.199714419029988, 0.423391974873766 ], [ 33.206379419036239, 0.417471974868249 ], [ 33.21276441904206, 0.418437974869221 ], [ 33.219410419048245, 0.415502974866513 ], [ 33.221859419050588, 0.423558974873913 ], [ 33.228481419056834, 0.423607974873903 ], [ 33.228351419056708, 0.419359974870076 ], [ 33.2282984190565, 0.417635974868517 ], [ 33.230834419058965, 0.414210974865227 ], [ 33.234027419061931, 0.414463974865384 ], [ 33.236053419063865, 0.418382974869246 ], [ 33.238239419065849, 0.431717974881622 ], [ 33.240489419067899, 0.435867974885468 ], [ 33.248218419075101, 0.440977974890075 ], [ 33.253742419080254, 0.465819974913302 ], [ 33.256240419082587, 0.467675974914982 ], [ 33.260120419086206, 0.46793397491524 ], [ 33.265838419091551, 0.466369974913732 ], [ 33.273548419098688, 0.473774974920616 ], [ 33.278576419103501, 0.473123974920099 ], [ 33.282840419107288, 0.483029974929423 ], [ 33.286491419110689, 0.483745974930116 ], [ 33.289058419113189, 0.47572797492262 ], [ 33.295017419118722, 0.473015974919917 ], [ 33.295215419118904, 0.471774974918844 ], [ 33.295494419119223, 0.470033974917214 ], [ 33.292095419116094, 0.466563974913925 ], [ 33.290763419114683, 0.461042974908878 ], [ 33.286903419111241, 0.458488974906459 ], [ 33.286239419110643, 0.455268974903447 ], [ 33.28740341911157, 0.452291974900618 ], [ 33.301677419124871, 0.435863974885478 ], [ 33.309230419132064, 0.433393974883074 ], [ 33.311580419134089, 0.423995974874288 ], [ 33.314563419136903, 0.4219519748724 ], [ 33.323410419145148, 0.430053974879911 ], [ 33.322650419144566, 0.440381974889533 ], [ 33.324234419146023, 0.442459974891563 ], [ 33.328804419150174, 0.441804974891056 ], [ 33.332023419153302, 0.438613974888085 ], [ 33.334301419155281, 0.439548974888794 ], [ 33.337913419158667, 0.445086974893911 ], [ 33.351123419171017, 0.449317974897895 ], [ 33.353229419172976, 0.450483974899043 ], [ 33.362041419181196, 0.455367974903538 ], [ 33.364749419183681, 0.459750974907593 ], [ 33.363113419182127, 0.465249974912695 ], [ 33.354850419174454, 0.471160974918348 ], [ 33.35707041917658, 0.4796739749263 ], [ 33.367580419186424, 0.479061974925571 ], [ 33.363876419182816, 0.486153974932222 ], [ 33.364292419183357, 0.4916679749374 ], [ 33.359920419179161, 0.496458974941788 ], [ 33.362632419181637, 0.500152974945195 ], [ 33.36766041918645, 0.499729974945012 ], [ 33.369956419188611, 0.497909974943241 ], [ 33.370681419189168, 0.491943974937612 ], [ 33.373432419191658, 0.490356974936276 ], [ 33.38485741920249, 0.489521974935315 ], [ 33.389412419206565, 0.491162974936969 ], [ 33.393524419210507, 0.490503974936246 ], [ 33.402717419219016, 0.482073974928426 ], [ 33.402427419218839, 0.481449974927955 ], [ 33.400245419216844, 0.476773974923617 ], [ 33.396381419213185, 0.474219974921198 ], [ 33.389305419206494, 0.473938974920884 ], [ 33.38749341920493, 0.472317974919406 ], [ 33.386825419204342, 0.469556974916713 ], [ 33.393039419210027, 0.462712974910346 ], [ 33.393055419209986, 0.460646974908514 ], [ 33.378894419196968, 0.461231974908969 ], [ 33.375476419193774, 0.460058974907952 ], [ 33.363544419182517, 0.437007974886455 ], [ 33.363609419182694, 0.427593974877709 ], [ 33.361820419180958, 0.422528974873103 ], [ 33.35841341917785, 0.420207974870891 ], [ 33.356128419175548, 0.420419974871038 ], [ 33.354934419174469, 0.427759974877972 ], [ 33.352630419172328, 0.430497974880382 ], [ 33.349685419169646, 0.42726197487741 ], [ 33.348575419168583, 0.423120974873655 ], [ 33.349289419169281, 0.418992974869752 ], [ 33.34789641916791, 0.415582974866538 ], [ 33.346370419166533, 0.411852974862995 ], [ 33.357391419176793, 0.403207974854922 ], [ 33.365848419184658, 0.402120974853915 ], [ 33.366329419185149, 0.398680974850777 ], [ 33.364982419183889, 0.395685974847993 ], [ 33.367763419186531, 0.389965974842653 ], [ 33.365959419184719, 0.38650797483956 ], [ 33.359798419179015, 0.386003974839014 ], [ 33.35267641917244, 0.392380974844855 ], [ 33.346153419166285, 0.379014974832444 ], [ 33.342727419163111, 0.379218974832611 ], [ 33.342174419162575, 0.392303974844936 ], [ 33.33718441915812, 0.387674974840593 ], [ 33.336319419157235, 0.381467974834777 ], [ 33.330879419152097, 0.375687974829361 ], [ 33.325832419147446, 0.379324974832798 ], [ 33.324207419145978, 0.382756974835956 ], [ 33.324623419146292, 0.386922974839763 ], [ 33.32484841914652, 0.389190974841995 ], [ 33.323238419145127, 0.390556974843321 ], [ 33.319820419141934, 0.390072974842724 ], [ 33.308094419130839, 0.369779974823814 ], [ 33.311763419134422, 0.367280974821597 ], [ 33.319267419141397, 0.371468974825348 ], [ 33.321979419143872, 0.375392974829083 ], [ 33.325420419147122, 0.373121974826972 ], [ 33.325897419147395, 0.370369974824371 ], [ 33.319130419141175, 0.35929897481401 ], [ 33.318698419140901, 0.355621974810674 ], [ 33.323291419145107, 0.351981974807359 ], [ 33.328250419149754, 0.360743974815477 ], [ 33.339386419160064, 0.367713974821982 ], [ 33.344169419164473, 0.369126974823303 ], [ 33.349891419169808, 0.36710197482148 ], [ 33.361763419180988, 0.3725379748264 ], [ 33.362632419181637, 0.37293597482676 ], [ 33.3660624191848, 0.372042974825945 ], [ 33.37163141919018, 0.359683974814516 ], [ 33.363945419182983, 0.349065974804489 ], [ 33.360157419179359, 0.336179974792685 ], [ 33.361793419180913, 0.331140974787786 ], [ 33.366142419185053, 0.329335974786318 ], [ 33.380718419198502, 0.334263974790701 ], [ 33.383861419201594, 0.34163397479756 ], [ 33.388435419205734, 0.340059974796304 ], [ 33.398315419214896, 0.331177974788034 ], [ 33.40307641921936, 0.336263974792701 ], [ 33.407661419223587, 0.333541974790023 ], [ 33.414112419229696, 0.325322974782466 ], [ 33.419155419234357, 0.321914974779247 ], [ 33.420066419235127, 0.321895974779181 ], [ 33.427375419242026, 0.321744974779222 ], [ 33.429641419244035, 0.324057974781226 ], [ 33.431873419246131, 0.331191974787998 ], [ 33.429023419243549, 0.347013974802621 ], [ 33.430145419244582, 0.349777974805193 ], [ 33.43535941924938, 0.354636974809864 ], [ 33.444721419258258, 0.354474974809591 ], [ 33.44674641926008, 0.35885197481366 ], [ 33.443035419256603, 0.367091974821278 ], [ 33.445068419258405, 0.369861974824062 ], [ 33.448036419261143, 0.370112974824224 ], [ 33.454467419267303, 0.364188974818717 ], [ 33.456459419269095, 0.364443974818869 ], [ 33.460170419272572, 0.364918974819375 ], [ 33.463607419275831, 0.363106974817583 ], [ 33.470439419282002, 0.365681974820063 ], [ 33.470459419282179, 0.362696974817254 ], [ 33.467529419279344, 0.357624974812552 ], [ 33.464157419276262, 0.356512974811494 ], [ 33.461834419274055, 0.3557469748107 ], [ 33.461170419273458, 0.352756974808017 ], [ 33.462574419274688, 0.34771597480335 ], [ 33.460781419273189, 0.343339974799164 ], [ 33.457351419270026, 0.343774974799544 ], [ 33.454364419267222, 0.346507974802307 ], [ 33.452312419265127, 0.346263974802014 ], [ 33.451190419264094, 0.343270974799225 ], [ 33.455372419268087, 0.333197974789755 ], [ 33.463836419276049, 0.330733974787563 ], [ 33.465908419277866, 0.328681974785695 ], [ 33.46712141927901, 0.318358974775947 ], [ 33.47011541928191, 0.314476974772333 ], [ 33.472847419284335, 0.315414974773148 ], [ 33.475330419286593, 0.319565974777106 ], [ 33.47641341928761, 0.327609974784536 ], [ 33.478008419289154, 0.32830997478527 ], [ 33.481937419292763, 0.321449974778943 ], [ 33.485145419295804, 0.319635974777157 ], [ 33.494030419304181, 0.321995974779384 ], [ 33.500660419310179, 0.320894974778412 ], [ 33.501125419310711, 0.319750974777207 ], [ 33.500370419310002, 0.319077974776746 ], [ 33.497493419307375, 0.316509974774362 ], [ 33.490898419301175, 0.313018974771012 ], [ 33.488418419298796, 0.308638974766836 ], [ 33.493503419303579, 0.299720974758657 ], [ 33.505374419314649, 0.299345974758353 ], [ 33.507896419316921, 0.297756974756794 ], [ 33.503841419313176, 0.290380974749951 ], [ 33.504772419314122, 0.287861974747557 ], [ 33.512119419320925, 0.281715974741928 ], [ 33.505527419314831, 0.277765974738259 ], [ 33.501468419311095, 0.270848974731734 ], [ 33.495082419305163, 0.269884974730758 ], [ 33.490768419301048, 0.266638974727812 ], [ 33.486415419296918, 0.268673974729609 ], [ 33.483383419294114, 0.277836974738193 ], [ 33.478908419290065, 0.278579974738932 ], [ 33.476757419288106, 0.278936974739281 ], [ 33.474674419285975, 0.28282497474288 ], [ 33.476703419288015, 0.286512974746302 ], [ 33.481716419292525, 0.287926974747734 ], [ 33.482761419293638, 0.287655974747395 ], [ 33.489490419299955, 0.285915974745876 ], [ 33.492904419302931, 0.287547974747213 ], [ 33.489666419299965, 0.293723974752993 ], [ 33.485088419295835, 0.295067974754375 ], [ 33.467525419279355, 0.293334974752725 ], [ 33.454967419267632, 0.293703974753043 ], [ 33.452236419265091, 0.2925359747519 ], [ 33.450004419262996, 0.285402974745239 ], [ 33.447956419261118, 0.284468974744414 ], [ 33.446052419259331, 0.29570597475481 ], [ 33.443306419256942, 0.296374974755508 ], [ 33.436504419250468, 0.289896974749581 ], [ 33.426700419241342, 0.288218974747906 ], [ 33.420303419235324, 0.288860974748559 ], [ 33.418407419233745, 0.289870974749419 ], [ 33.414348419229782, 0.292031974751353 ], [ 33.410469419226274, 0.291544974751105 ], [ 33.406150419222286, 0.288757974748478 ], [ 33.405254419221365, 0.286685974746433 ], [ 33.406864419222984, 0.285089974745006 ], [ 33.40870241922471, 0.283266974743356 ], [ 33.418075419233446, 0.281497974741569 ], [ 33.420372419235491, 0.279218974739479 ], [ 33.41811341923335, 0.275987974736609 ], [ 33.421814419236853, 0.269356974730272 ], [ 33.424106419239024, 0.267765974728945 ], [ 33.42955741924402, 0.271937974732737 ], [ 33.431842419246095, 0.271495974732261 ], [ 33.432094419246368, 0.268053974729128 ], [ 33.429847419244197, 0.262756974724198 ], [ 33.431015419245341, 0.259550974721151 ], [ 33.437904419251709, 0.253401974715416 ], [ 33.448867419262115, 0.252562974714692 ], [ 33.450027419263051, 0.249815974712192 ], [ 33.44889841926215, 0.2484309747108 ], [ 33.445259419258718, 0.246567974709023 ], [ 33.44137541925511, 0.246768974709312 ], [ 33.440258419253951, 0.243316974706204 ], [ 33.437069419250975, 0.2426049747055 ], [ 33.433384419247659, 0.247170974709661 ], [ 33.430885419245215, 0.245544974708082 ], [ 33.427959419242598, 0.239784974702843 ], [ 33.434002419248145, 0.224216974688261 ], [ 33.435752419249866, 0.222482974686727 ], [ 33.441589419255251, 0.216694974681332 ], [ 33.447032419260267, 0.221555974685771 ], [ 33.462799419274916, 0.218914974683457 ], [ 33.463092419275199, 0.209962974675136 ], [ 33.469974419281698, 0.204961974670368 ], [ 33.474311419285641, 0.204992974670404 ], [ 33.476615419287782, 0.202025974667549 ], [ 33.478050419289275, 0.192393974658671 ], [ 33.487022419297546, 0.182586974649439 ], [ 33.489528419299859, 0.183292974650158 ], [ 33.490863419301149, 0.18835297465489 ], [ 33.487583419298062, 0.200267974666076 ], [ 33.492282419302455, 0.213616974678416 ], [ 33.492923419302997, 0.219819974684242 ], [ 33.496589419306474, 0.223561974687755 ], [ 33.497455419307244, 0.224443974688484 ], [ 33.499927419309643, 0.229970974693742 ], [ 33.502254419311839, 0.22355997468776 ], [ 33.501384419310853, 0.217354974681939 ], [ 33.50284141931229, 0.204967974670353 ], [ 33.501735419311217, 0.199909974665616 ], [ 33.503353419312816, 0.196936974663004 ], [ 33.510894419319811, 0.1958429746619 ], [ 33.514305419322909, 0.197703974663682 ], [ 33.517227419325764, 0.204152974669569 ], [ 33.527252419335127, 0.206519974671892 ], [ 33.52842741933614, 0.20193697466766 ], [ 33.524833419332708, 0.193416974659613 ], [ 33.524662419332572, 0.185610974652263 ], [ 33.520618419328912, 0.17593997464337 ], [ 33.521320419329413, 0.173878974641411 ], [ 33.52884241933657, 0.175079974642586 ], [ 33.53342841934068, 0.187916974654399 ], [ 33.535335419342573, 0.193261974659436 ], [ 33.542568419349209, 0.203184974668829 ], [ 33.548507419354792, 0.202768974668288 ], [ 33.54920941935552, 0.200247974665899 ], [ 33.54695941935347, 0.195410974661399 ], [ 33.545021419351542, 0.178867974645982 ], [ 33.547771419354149, 0.177509974644863 ], [ 33.558715419364262, 0.178735974645861 ], [ 33.566734419371869, 0.174659974642054 ], [ 33.572845419377472, 0.18204997464909 ], [ 33.573272419377872, 0.186414974653189 ], [ 33.568428419373276, 0.193496974659638 ], [ 33.567714419372805, 0.197853974663758 ], [ 33.574955419379421, 0.206628974671958 ], [ 33.579277419383516, 0.209184974674372 ], [ 33.58635341938998, 0.209004974674144 ], [ 33.589847419393209, 0.207436974672646 ], [ 33.593906419397172, 0.20561497467088 ], [ 33.598472419401332, 0.205875974671244 ], [ 33.602104419404668, 0.208426974673557 ], [ 33.608642419410899, 0.220640974685011 ], [ 33.613426419415191, 0.221592974685791 ], [ 33.616596419418329, 0.225516974689526 ], [ 33.625721419426782, 0.226040974690022 ], [ 33.627311419428224, 0.227428974691293 ], [ 33.622345419423482, 0.252648974714702 ], [ 33.622535419423684, 0.258159974720002 ], [ 33.62572841942665, 0.258181974719946 ], [ 33.62776541942867, 0.260951974722502 ], [ 33.624530419425582, 0.266438974727635 ], [ 33.624248419425385, 0.274242974734989 ], [ 33.623230419424317, 0.276855974737373 ], [ 33.621925419423178, 0.280195974740536 ], [ 33.622352419423578, 0.284790974744737 ], [ 33.626205419427151, 0.288720974748458 ], [ 33.628223419429105, 0.294015974753393 ], [ 33.627132419428108, 0.297096974756187 ], [ 33.62636141942744, 0.299283974758282 ], [ 33.616970419418521, 0.304039974762645 ], [ 33.616043419417792, 0.305869974764391 ], [ 33.618057419419529, 0.311853974769974 ], [ 33.614349419416158, 0.319863974777491 ], [ 33.614780419416547, 0.323310974780497 ], [ 33.619583419420906, 0.322425974779662 ], [ 33.626228419427207, 0.318339974775881 ], [ 33.631462419432182, 0.32090197477828 ], [ 33.636215419436439, 0.327134974784258 ], [ 33.640331419440372, 0.326244974783322 ], [ 33.644069419443895, 0.313412974771381 ], [ 33.64636641944594, 0.31113297476918 ], [ 33.650245419449675, 0.311618974769772 ], [ 33.654079419453183, 0.318533974776074 ], [ 33.656448419455273, 0.319252974776873 ], [ 33.657951419456822, 0.319708974777313 ], [ 33.666683419464789, 0.311044974769175 ], [ 33.671493419469471, 0.309011974767373 ], [ 33.674915419472654, 0.309265974767413 ], [ 33.676498419474001, 0.31111297476923 ], [ 33.677585419475008, 0.319156974776661 ], [ 33.681446419478561, 0.322397974779733 ], [ 33.690139419486741, 0.319473974777111 ], [ 33.692844419489347, 0.324543974781818 ], [ 33.711544419506708, 0.327657974784643 ], [ 33.716400419511274, 0.318047974775709 ], [ 33.724308419518593, 0.317439974775198 ], [ 33.727363419521453, 0.317204974774995 ], [ 33.730327419524201, 0.317913974775593 ], [ 33.734180419527775, 0.322302974779632 ], [ 33.737854419531232, 0.318653974776225 ], [ 33.746513419539269, 0.321239974778564 ], [ 33.74974041954215, 0.316668974774302 ], [ 33.762291419554003, 0.317443974775188 ], [ 33.764370419555917, 0.31332597477126 ], [ 33.751846419544108, 0.308647974766927 ], [ 33.734050419527648, 0.307147974765485 ], [ 33.72362941951792, 0.295596974754744 ], [ 33.716781419511562, 0.295778974754967 ], [ 33.713859419508708, 0.289100974748635 ], [ 33.708362419503601, 0.291817974751211 ], [ 33.705860419501278, 0.290422974750072 ], [ 33.704765419500291, 0.283527974743492 ], [ 33.69976441949575, 0.28027897474044 ], [ 33.699112419495123, 0.275452974736027 ], [ 33.69616741949244, 0.272217974732939 ], [ 33.690918419487389, 0.27218197473303 ], [ 33.689842419486467, 0.26253197472397 ], [ 33.693306419489772, 0.256585974718519 ], [ 33.697391419493442, 0.260287974721905 ], [ 33.700092419496059, 0.26558697472683 ], [ 33.713535419508617, 0.269352974730282 ], [ 33.719944419514377, 0.266642974727802 ], [ 33.728679419522678, 0.257518974719233 ], [ 33.736435419529926, 0.258260974720088 ], [ 33.740123419533347, 0.253005974715052 ], [ 33.73764441953108, 0.248626974710987 ], [ 33.731487419525138, 0.247206974709798 ], [ 33.721805419516159, 0.227625974691591 ], [ 33.724578419518821, 0.22236497468657 ], [ 33.723461419517662, 0.218912974683462 ], [ 33.720741419515207, 0.216368974681018 ], [ 33.710727419505929, 0.211937974676857 ], [ 33.704837419500336, 0.205469974670905 ], [ 33.711681419506704, 0.195293974661354 ], [ 33.717746419512423, 0.186274974652861 ], [ 33.721405419515804, 0.185840974652592 ], [ 33.728214419522146, 0.191167974657446 ], [ 33.740310419533444, 0.191250974657578 ], [ 33.743255419536126, 0.194714974660883 ], [ 33.747368419539953, 0.194283974660493 ], [ 33.756130419548072, 0.180568974647713 ], [ 33.759540419551286, 0.182658974649712 ], [ 33.763111419554662, 0.194620974660666 ], [ 33.767192419558569, 0.198550974664386 ], [ 33.770610419561763, 0.199492974665191 ], [ 33.773136419564025, 0.197443974663429 ], [ 33.774795419565635, 0.188501974655082 ], [ 33.778225419568798, 0.187606974654273 ], [ 33.785450419575454, 0.199364974665059 ], [ 33.783821419573997, 0.203944974669412 ], [ 33.779606419569973, 0.207260974672408 ], [ 33.777164419567725, 0.209179974674271 ], [ 33.776237419566996, 0.211468974676336 ], [ 33.777130419567811, 0.214688974679348 ], [ 33.790325419580086, 0.221206974685401 ], [ 33.791862419581548, 0.229941974693702 ], [ 33.788868419578648, 0.234282974697635 ], [ 33.789527419579372, 0.238190974701411 ], [ 33.791786419581285, 0.241649974704615 ], [ 33.795887419585142, 0.242825974705738 ], [ 33.798187419587293, 0.240315974703208 ], [ 33.8000834195891, 0.229538974693241 ], [ 33.805320419593954, 0.231410974695109 ], [ 33.807159419595791, 0.229815974693565 ], [ 33.80834941959688, 0.222017974686196 ], [ 33.812702419600782, 0.219751974684186 ], [ 33.814548419602488, 0.217009974681559 ], [ 33.811855419600079, 0.210103974675121 ], [ 33.806388419594896, 0.208000974673269 ], [ 33.80571741959443, 0.206159974671436 ], [ 33.806427419595138, 0.202491974667964 ], [ 33.815609419603561, 0.194747974660913 ], [ 33.817470419605343, 0.189480974655908 ], [ 33.81733341960512, 0.188711974655234 ], [ 33.816589419604497, 0.184423974651281 ], [ 33.812038419600185, 0.182326974649186 ], [ 33.813522419601668, 0.165119974633171 ], [ 33.81287041960104, 0.160294974628869 ], [ 33.809040419597522, 0.152922974622015 ], [ 33.809059419597588, 0.149708974618989 ], [ 33.811130419599294, 0.147197974616574 ], [ 33.818454419606269, 0.144033974613649 ], [ 33.821876419609453, 0.144286974613806 ], [ 33.825279419612571, 0.147522974616777 ], [ 33.834693419621317, 0.173297974640946 ], [ 33.831665419618503, 0.18268997464952 ], [ 33.833217419620041, 0.189357974655877 ], [ 33.831821419618791, 0.193479974659795 ], [ 33.825374419612672, 0.201700974667347 ], [ 33.827178419614256, 0.205386974670773 ], [ 33.827762419614828, 0.205390974670763 ], [ 33.8287734196158, 0.205396974670748 ], [ 33.831764419618594, 0.201973974667681 ], [ 33.839275419625665, 0.205238974670692 ], [ 33.842025419628271, 0.203420974668916 ], [ 33.839111419625397, 0.195595974661728 ], [ 33.840278419626657, 0.191700974658033 ], [ 33.851005419636522, 0.192002974658408 ], [ 33.857875419643051, 0.188375974654946 ], [ 33.87696841966067, 0.165317974633354 ], [ 33.880161419663636, 0.166027974634062 ], [ 33.885383419668642, 0.17019497463798 ], [ 33.891323419674109, 0.169545974637458 ], [ 33.895420419677976, 0.171179974639017 ], [ 33.899498419681777, 0.175338974642727 ], [ 33.900436419682592, 0.197089974662958 ], [ 33.900489419682572, 0.198302974664102 ], [ 33.901844419683812, 0.200836974666572 ], [ 33.910041419691424, 0.203646974669255 ], [ 33.914158419695468, 0.202755974668435 ], [ 33.923114419703779, 0.194090974660185 ], [ 33.926090419706497, 0.192962974659167 ], [ 33.928585419708725, 0.195275974661399 ], [ 33.920440419701208, 0.219096974683453 ], [ 33.921341419702003, 0.221168974685497 ], [ 33.9272694197075, 0.222126974686262 ], [ 33.931747419711655, 0.23371497469725 ], [ 33.936325419716013, 0.233435974696931 ], [ 33.944808419723813, 0.227293974691065 ], [ 33.947548419726445, 0.227770974691566 ], [ 33.953426419731841, 0.236533974699796 ], [ 33.966884419744474, 0.237540974700778 ], [ 33.971187419748503, 0.242848974705566 ], [ 33.968643419746058, 0.248112974710466 ], [ 33.973861419751074, 0.25273897471493 ], [ 33.977443419754309, 0.263782974725245 ], [ 33.979946419756743, 0.265176974726501 ], [ 33.987716419763956, 0.263620974724972 ], [ 33.990249419766315, 0.259963974721586 ], [ 33.990028419766077, 0.259309974720964 ], [ 33.988460419764579, 0.254671974716757 ], [ 33.99124541976721, 0.247342974709909 ], [ 33.993770419769589, 0.245063974707818 ], [ 34.000629419775805, 0.243042974705759 ], [ 34.004058419779085, 0.240189974703071 ], [ 34.008342419783048, 0.236627974699786 ] ], [ [ 33.569564419374501, 0.161365974629689 ], [ 33.564552419369875, 0.160182974628697 ], [ 33.56388841936905, 0.156963974625569 ], [ 33.570106419374952, 0.149202974618447 ], [ 33.570362419375215, 0.144842974614448 ], [ 33.568794419373717, 0.14069997461047 ], [ 33.566974419371945, 0.139768974609751 ], [ 33.560775419366337, 0.145233974614712 ], [ 33.554165419360061, 0.143809974613532 ], [ 33.550731419356907, 0.145621974615096 ], [ 33.548126419354503, 0.144288974613801 ], [ 33.541179419348055, 0.140733974610612 ], [ 33.540058419346906, 0.137741974607707 ], [ 33.548984419355293, 0.133902974604098 ], [ 33.560184419365669, 0.131686974602189 ], [ 33.576427419380934, 0.126061974596951 ], [ 33.5782894193826, 0.121024974592274 ], [ 33.575840419380256, 0.112055974583882 ], [ 33.576999419381309, 0.109538974581483 ], [ 33.580192419384275, 0.109560974581427 ], [ 33.587440419390987, 0.117875974589197 ], [ 33.588764419392419, 0.124312974595341 ], [ 33.584285419388152, 0.144940974614428 ], [ 33.58671941939042, 0.155747974624546 ], [ 33.585331419389149, 0.158492974627052 ], [ 33.581913419385955, 0.157779974626465 ], [ 33.578067419382251, 0.152702974621661 ], [ 33.569564419374501, 0.161365974629689 ] ], [ [ 33.811943419600084, 0.127920974598737 ], [ 33.807369419595943, 0.129266974599886 ], [ 33.803901419592648, 0.135900974606102 ], [ 33.796375419585729, 0.134931974605252 ], [ 33.795833419585051, 0.123711974594698 ], [ 33.795776419585081, 0.122531974593585 ], [ 33.791458419580977, 0.119517974590735 ], [ 33.788723419578446, 0.119269974590679 ], [ 33.784790419574847, 0.126817974597543 ], [ 33.778839419569294, 0.129761974600342 ], [ 33.771766419562709, 0.129254974599917 ], [ 33.768142419559354, 0.125327974596303 ], [ 33.763637419555153, 0.116343974587835 ], [ 33.764583419555947, 0.111529974583391 ], [ 33.75984241955166, 0.103922974576335 ], [ 33.758747419550673, 0.097028974569866 ], [ 33.761039419552844, 0.094978974567994 ], [ 33.76424041955579, 0.094541974567619 ], [ 33.765876419557344, 0.088813974562299 ], [ 33.769771419560811, 0.086315974559966 ], [ 33.784389419574609, 0.084808974558428 ], [ 33.789425419579175, 0.08231797455619 ], [ 33.795360419584767, 0.082128974555872 ], [ 33.802166419591003, 0.088142974561606 ], [ 33.808017419596581, 0.088392974561884 ], [ 33.808555419597042, 0.08841597456194 ], [ 33.806762419595316, 0.083123974556884 ], [ 33.808841419597229, 0.079235974553285 ], [ 33.820736419608465, 0.075643974549848 ], [ 33.823692419611007, 0.07704097455121 ], [ 33.828430419615415, 0.085336974558913 ], [ 33.832981419619728, 0.08720397456068 ], [ 33.839157419625508, 0.08494997455864 ], [ 33.847351419633242, 0.088218974561642 ], [ 33.852829419638283, 0.088484974561879 ], [ 33.875713419659633, 0.078767974552875 ], [ 33.884151419667432, 0.079513974553493 ], [ 33.892795419675394, 0.083702974557355 ], [ 33.895740419678305, 0.087165974560776 ], [ 33.895713419678259, 0.091067974564339 ], [ 33.891826419674544, 0.092418974565589 ], [ 33.88180541966517, 0.08936797456272 ], [ 33.879963419663454, 0.091880974565129 ], [ 33.874939419658858, 0.092305974565534 ], [ 33.878772419662482, 0.099217974571957 ], [ 33.877616419661308, 0.101505974574138 ], [ 33.87520641965898, 0.101315974573936 ], [ 33.871231419655487, 0.101003974573587 ], [ 33.863956419648503, 0.096822974569704 ], [ 33.854828419640171, 0.0965329745693 ], [ 33.847244419632943, 0.104744974576988 ], [ 33.841533419627694, 0.105165974577403 ], [ 33.836982419623382, 0.103068974575535 ], [ 33.83897741962528, 0.11226497458415 ], [ 33.837825419624323, 0.113863974585456 ], [ 33.834861419621575, 0.113384974585188 ], [ 33.830101419616994, 0.10876197458083 ], [ 33.825538419612712, 0.108500974580465 ], [ 33.825725419613036, 0.114240974585982 ], [ 33.822509419610014, 0.117432974588837 ], [ 33.819309419606952, 0.118329974589642 ], [ 33.811943419600084, 0.127920974598737 ] ], [ [ 33.478420419289478, 0.075093974549418 ], [ 33.477031419288323, 0.078296974552359 ], [ 33.47018041928186, 0.078706974552688 ], [ 33.468380419280265, 0.07525097454959 ], [ 33.470920419282493, 0.070907974545435 ], [ 33.475715419287098, 0.070253974544812 ], [ 33.478420419289478, 0.075093974549418 ] ], [ [ 33.286289419110517, 0.072313974546887 ], [ 33.283538419108027, 0.073900974548224 ], [ 33.275116419100186, 0.070853974545571 ], [ 33.270290419095772, 0.070650974545288 ], [ 33.268501419094036, 0.070574974545252 ], [ 33.264194419090018, 0.066640974541542 ], [ 33.255271419081737, 0.069787974544397 ], [ 33.251854419078654, 0.069073974543926 ], [ 33.245796419072803, 0.0545679745303 ], [ 33.242180419069427, 0.049720974525826 ], [ 33.247959419074959, 0.039893974516644 ], [ 33.254383419080796, 0.034892974511877 ], [ 33.255321419081838, 0.031456974508728 ], [ 33.253303419079884, 0.026621974504224 ], [ 33.257473419083681, 0.018159974496484 ], [ 33.262050419087927, 0.01612897449445 ], [ 33.265926419091556, 0.017074974495472 ], [ 33.279483419104281, 0.035078974512089 ], [ 33.289482419113483, 0.041120974517753 ], [ 33.292411419116206, 0.045962974522354 ], [ 33.29743541912103, 0.045540974521828 ], [ 33.302261419125443, 0.040985974517753 ], [ 33.306133419129083, 0.041932974518431 ], [ 33.307033419129993, 0.043775974520258 ], [ 33.308590419131406, 0.049525974525523 ], [ 33.306961419129948, 0.053874974529663 ], [ 33.304439419127448, 0.055232974531009 ], [ 33.295326419118965, 0.053099974529005 ], [ 33.289386419113498, 0.054203974530083 ], [ 33.286289419110517, 0.072313974546887 ] ], [ [ 33.481121419292094, 0.048257974524404 ], [ 33.478550419289604, 0.05673197453234 ], [ 33.476032419287321, 0.05809097453357 ], [ 33.472396419283996, 0.055769974531358 ], [ 33.472202419283803, 0.050718974526717 ], [ 33.474544419285849, 0.042242974518786 ], [ 33.477523419288673, 0.040656974517333 ], [ 33.481121419292094, 0.048257974524404 ] ], [ [ 33.61191541941389, 0.04344797451995 ], [ 33.612739419414538, 0.056077974531718 ], [ 33.608181419410357, 0.055586974531252 ], [ 33.598892419401636, 0.045651974522116 ], [ 33.600273419403038, 0.044054974520577 ], [ 33.608726419410914, 0.042277974518811 ], [ 33.61191541941389, 0.04344797451995 ] ], [ [ 33.652729419451816, 0.014812974493225 ], [ 33.650867419450151, 0.020307974498337 ], [ 33.655368419454362, 0.029290974506694 ], [ 33.653976419453102, 0.032724974510074 ], [ 33.649864419449159, 0.033383974510571 ], [ 33.645774419445388, 0.030601974508045 ], [ 33.643074419442883, 0.025303974503004 ], [ 33.63534541943568, 0.02088897449903 ], [ 33.633548419433964, 0.016744974495168 ], [ 33.635643419436065, 0.010791974489621 ], [ 33.640667419440661, 0.010137974488998 ], [ 33.646129419445742, 0.012241974490962 ], [ 33.650695419449903, 0.011814974490562 ], [ 33.652729419451816, 0.014812974493225 ] ], [ [ 32.949886418797405, 0.028605974506036 ], [ 32.946437418794176, 0.031562974508915 ], [ 32.938705418786867, 0.028288974505813 ], [ 32.929798418778546, 0.029365974506845 ], [ 32.922989418772204, 0.024492974502209 ], [ 32.916366418766074, 0.025128974502877 ], [ 32.914108418764044, 0.02189797449978 ], [ 32.903392418754038, 0.020665974498797 ], [ 32.905723418756224, 0.014486974492911 ], [ 32.90415241875462, 0.011031974489697 ], [ 32.899166418750156, 0.002919974482211 ], [ 32.914665418764571, 0.002919974482211 ], [ 32.928890418777655, 0.002919974482211 ], [ 32.931083418779735, 0.010784974489525 ], [ 32.949493418796919, 0.020339974498484 ], [ 32.947864418795461, 0.024228974501966 ], [ 32.949886418797405, 0.028605974506036 ] ], [ [ 33.045722418886498, 0.046392974522632 ], [ 33.049091418889702, 0.053763974529602 ], [ 33.044761418885628, 0.052812974528706 ], [ 33.037952418879286, 0.047710974523852 ], [ 33.039337418880677, 0.045654974521995 ], [ 33.045722418886498, 0.046392974522632 ] ], [ [ 32.993434418837978, 0.050119974526069 ], [ 32.987690418832472, 0.055583974531146 ], [ 32.982437418827658, 0.056001974531682 ], [ 32.981544418826843, 0.05324097452899 ], [ 32.989341418834101, 0.048251974524419 ], [ 32.992313418836829, 0.047815974523928 ], [ 32.993434418837978, 0.050119974526069 ] ], [ [ 33.012039418855238, 0.064265974539239 ], [ 33.013393418856367, 0.066341974541274 ], [ 33.01224141885541, 0.067939974542696 ], [ 33.008583418851913, 0.068599974543304 ], [ 33.005405418849023, 0.066509974541532 ], [ 33.002479418846406, 0.060977974536172 ], [ 33.005680418849352, 0.060314974535686 ], [ 33.012039418855238, 0.064265974539239 ] ], [ [ 33.095764418933186, 0.068123974542914 ], [ 33.089317418927067, 0.075649974549833 ], [ 33.086380418924364, 0.071724974546214 ], [ 33.085720418923756, 0.068276974543096 ], [ 33.087562418925472, 0.06645497454133 ], [ 33.093952418931394, 0.066044974541001 ], [ 33.095764418933186, 0.068123974542914 ] ], [ [ 33.496646419306444, 0.079585974553538 ], [ 33.497993419307704, 0.082808974556656 ], [ 33.496116419305963, 0.089910974563281 ], [ 33.493133419303149, 0.092644974565701 ], [ 33.489967419300228, 0.08848997456198 ], [ 33.489540419299828, 0.084125974557764 ], [ 33.49140141930161, 0.079088974553088 ], [ 33.496646419306444, 0.079585974553538 ] ], [ [ 33.304599419127726, 0.316254974773983 ], [ 33.294353419118124, 0.312734974770819 ], [ 33.287487419111812, 0.315438974773315 ], [ 33.277916419102894, 0.31284197477089 ], [ 33.261245419087345, 0.313866974771827 ], [ 33.252616419079231, 0.307832974766143 ], [ 33.241531419068906, 0.30523297476384 ], [ 33.236434419064153, 0.30403797476265 ], [ 33.227806419056151, 0.298233974757295 ], [ 33.225341419053848, 0.291556974751074 ], [ 33.20787441903758, 0.276960974737449 ], [ 33.2061084190359, 0.268452974729598 ], [ 33.201595419031719, 0.261530974722973 ], [ 33.203678419033622, 0.257643974719485 ], [ 33.230255419058494, 0.244297974707024 ], [ 33.252040419078639, 0.230455974694223 ], [ 33.254486419081104, 0.228173974692027 ], [ 33.259853419086085, 0.223167974687385 ], [ 33.264236419090139, 0.21700197468158 ], [ 33.266582419092174, 0.208524974673765 ], [ 33.265480419091318, 0.203006974668597 ], [ 33.267814419093384, 0.195677974661749 ], [ 33.265346419091202, 0.189919974656277 ], [ 33.255298419081782, 0.190763974657102 ], [ 33.249164419076124, 0.186814974653544 ], [ 33.244098419071406, 0.192975974659248 ], [ 33.23113241905935, 0.187138974653863 ], [ 33.226783419055209, 0.188483974655128 ], [ 33.221962419050669, 0.192350974658666 ], [ 33.223033419051717, 0.202000974667726 ], [ 33.2202874190491, 0.202898974668415 ], [ 33.215507419044798, 0.201255974666992 ], [ 33.208400419038071, 0.205563974670895 ], [ 33.205997419035839, 0.199753974665555 ], [ 33.205261419035196, 0.197964974663819 ], [ 33.207569419037327, 0.194538974660645 ], [ 33.224773419053236, 0.182729974649646 ], [ 33.226406419054911, 0.177920974645303 ], [ 33.222587419051251, 0.169627974637478 ], [ 33.227611419056075, 0.168976974636962 ], [ 33.230163419058272, 0.163256974631622 ], [ 33.233375419061304, 0.161214974629729 ], [ 33.235431419063161, 0.160771974629142 ], [ 33.246032419073117, 0.178067974645273 ], [ 33.250824419077617, 0.178562974645729 ], [ 33.259319419085386, 0.171279974638992 ], [ 33.277309419102266, 0.145932974615334 ], [ 33.284259419108821, 0.131521974602038 ], [ 33.283878419108305, 0.121418974592643 ], [ 33.286197419110522, 0.116155974587627 ], [ 33.288719419112795, 0.11456797458618 ], [ 33.292366419116206, 0.115513974586975 ], [ 33.295085419118777, 0.11805897458953 ], [ 33.298008419121516, 0.124048974595098 ], [ 33.303550419126623, 0.146585974616073 ], [ 33.306045419129077, 0.148670974617971 ], [ 33.309921419132706, 0.149387974618548 ], [ 33.313976419136452, 0.15653397462529 ], [ 33.315811419138072, 0.155399974624288 ], [ 33.316516419138679, 0.152191974621246 ], [ 33.310493419133081, 0.133322974603743 ], [ 33.311687419134159, 0.120085974591348 ], [ 33.311733419134271, 0.119558974590745 ], [ 33.308143419131056, 0.111268974583027 ], [ 33.308860419131634, 0.106453974578699 ], [ 33.312103419134701, 0.100279974572913 ], [ 33.313301419135769, 0.092483974565539 ], [ 33.316059419138355, 0.089749974563119 ], [ 33.322899419144733, 0.09071897456397 ], [ 33.326568419148089, 0.087761974561317 ], [ 33.330032419151394, 0.082277974556064 ], [ 33.337745419158637, 0.088532974561986 ], [ 33.339309419159918, 0.093134974566283 ], [ 33.337905419158687, 0.098403974571056 ], [ 33.335380419156309, 0.10045097457305 ], [ 33.323963419145684, 0.101285974573784 ], [ 33.321662419143649, 0.103793974576092 ], [ 33.320922419142789, 0.111362974583244 ], [ 33.322246419143994, 0.117800974589272 ], [ 33.325401419147056, 0.123332974594405 ], [ 33.323276419145031, 0.132958974603298 ], [ 33.327552419149015, 0.141253974611118 ], [ 33.324317419145927, 0.146509974616038 ], [ 33.325656419147208, 0.150881974620006 ], [ 33.33683041915765, 0.152340974621438 ], [ 33.339328419159983, 0.15396697462279 ], [ 33.340416419161102, 0.161549974629907 ], [ 33.3394624191601, 0.167052974634998 ], [ 33.336486419157382, 0.168177974636137 ], [ 33.332073419153176, 0.163519974631754 ], [ 33.329917419151343, 0.161242974629658 ], [ 33.326957419148584, 0.160302974628848 ], [ 33.325328419146899, 0.164652974632872 ], [ 33.326637419148256, 0.173156974640733 ], [ 33.321048419142926, 0.188495974655098 ], [ 33.321693419143685, 0.194010974660159 ], [ 33.315738419138142, 0.196950974662968 ], [ 33.313663419135992, 0.19991997466559 ], [ 33.314559419136913, 0.201763974667301 ], [ 33.320705419142769, 0.204563974670009 ], [ 33.325039419146606, 0.205054974670475 ], [ 33.324779419146353, 0.209184974674372 ], [ 33.322933419144647, 0.211926974676771 ], [ 33.323814419145492, 0.216524974681079 ], [ 33.321701419143665, 0.224314974688468 ], [ 33.324855419146616, 0.230077974693813 ], [ 33.326679419148149, 0.230779974694315 ], [ 33.331245419152538, 0.230353974694026 ], [ 33.335609419156526, 0.226483974690382 ], [ 33.338153419158971, 0.221910974686125 ], [ 33.339592419160226, 0.212508974677348 ], [ 33.34301041916342, 0.212992974677945 ], [ 33.344970419165293, 0.216271974680922 ], [ 33.345493419165678, 0.217142974681792 ], [ 33.353229419172976, 0.220184974684571 ], [ 33.355529419175127, 0.217905974682481 ], [ 33.357803419177117, 0.219069974683407 ], [ 33.35847441917781, 0.220911974685123 ], [ 33.356380419175821, 0.226865974690782 ], [ 33.358402419177764, 0.23101297469475 ], [ 33.362957419182067, 0.232652974696066 ], [ 33.370498419189062, 0.231100974694755 ], [ 33.372158419190555, 0.22284897468694 ], [ 33.375816419194052, 0.221956974686236 ], [ 33.378749419196765, 0.226339974690291 ], [ 33.381340419199205, 0.247480974710015 ], [ 33.384269419201928, 0.252552974714717 ], [ 33.394722419211575, 0.259286974720908 ], [ 33.396068419212952, 0.262281974723692 ], [ 33.393985419210821, 0.266398974727508 ], [ 33.38802341920541, 0.270028974731076 ], [ 33.386623419203943, 0.274380974735095 ], [ 33.387710419205177, 0.281965974741979 ], [ 33.386844419204181, 0.282823974742996 ], [ 33.381504419199246, 0.288119974747815 ], [ 33.384624419202282, 0.298473974757371 ], [ 33.385253419202854, 0.306514974764923 ], [ 33.38362541920128, 0.310864974768947 ], [ 33.380191419198127, 0.312217974770192 ], [ 33.354171419173781, 0.311567974769559 ], [ 33.349170419169241, 0.308775974767059 ], [ 33.34782741916797, 0.30486297476341 ], [ 33.351040419170886, 0.302820974761516 ], [ 33.358104419177607, 0.304020974762579 ], [ 33.361084419180315, 0.302664974761456 ], [ 33.364048419183064, 0.303145974761719 ], [ 33.368213419186986, 0.295369974754522 ], [ 33.37303541919141, 0.291501974750872 ], [ 33.375385419193663, 0.282105974742308 ], [ 33.374488419192858, 0.279343974739731 ], [ 33.368991419187523, 0.282058974742085 ], [ 33.365913419184835, 0.284929974744955 ], [ 33.361179419180417, 0.289348974748918 ], [ 33.356849419176342, 0.288397974748023 ], [ 33.35503741917455, 0.286318974746109 ], [ 33.356658419176256, 0.283115974743168 ], [ 33.362625419181768, 0.278797974739064 ], [ 33.361496419180639, 0.277181974737687 ], [ 33.359218419178433, 0.276476974737079 ], [ 33.355323419174965, 0.278284974738654 ], [ 33.352600419172404, 0.275968974736543 ], [ 33.351490419171341, 0.271598974732342 ], [ 33.343517419163845, 0.269473974730545 ], [ 33.341484419162043, 0.26647397472766 ], [ 33.343791419164063, 0.263276974724704 ], [ 33.35225341917203, 0.261042974722614 ], [ 33.355945419175441, 0.255559974717471 ], [ 33.362579419181657, 0.2533129747153 ], [ 33.350525419170481, 0.247254974709676 ], [ 33.347755419167925, 0.251826974714049 ], [ 33.341350419161927, 0.253386974715568 ], [ 33.338356419159027, 0.257037974718969 ], [ 33.336990419157928, 0.256798974718549 ], [ 33.335239419156096, 0.246453974709084 ], [ 33.332511419153661, 0.244826974707394 ], [ 33.331512419152659, 0.245050974707738 ], [ 33.329536419150827, 0.245493974708097 ], [ 33.327869419149238, 0.25512397471698 ], [ 33.324222419145826, 0.254637974716616 ], [ 33.318332419140461, 0.248395974710775 ], [ 33.315101419137363, 0.253422974715477 ], [ 33.318946419140957, 0.258042974719729 ], [ 33.321140419143148, 0.270686974731689 ], [ 33.326362419147927, 0.274168974734721 ], [ 33.324520419146211, 0.276451974737029 ], [ 33.31559341913794, 0.279829974740096 ], [ 33.313579419135976, 0.274074974734731 ], [ 33.306507419129503, 0.273792974734533 ], [ 33.300155419123485, 0.26823597472935 ], [ 33.299015419122497, 0.268227974729371 ], [ 33.297367419120974, 0.274873974735556 ], [ 33.291908419115771, 0.272306974733056 ], [ 33.289852419113913, 0.272750974733526 ], [ 33.288463419112531, 0.275495974736032 ], [ 33.29093941911492, 0.279876974740091 ], [ 33.29479941911859, 0.282659974742728 ], [ 33.295681419119319, 0.287258974746919 ], [ 33.295059419118843, 0.290159974749713 ], [ 33.294498419118327, 0.292760974752127 ], [ 33.296714419120235, 0.302190974760833 ], [ 33.317672419139853, 0.307855974766198 ], [ 33.320625419142516, 0.309943974768203 ], [ 33.321521419143437, 0.31247597477045 ], [ 33.319221419141286, 0.314984974772869 ], [ 33.308727419131401, 0.314218974772075 ], [ 33.304599419127726, 0.316254974773983 ] ], [ [ 33.345245419165622, 0.314946974772738 ], [ 33.350925419170835, 0.318661974776205 ], [ 33.354961419174515, 0.32879397478564 ], [ 33.353573419173244, 0.331538974788373 ], [ 33.347423419167626, 0.329427974786313 ], [ 33.336067419156961, 0.321078974778629 ], [ 33.33541441915645, 0.316710974774423 ], [ 33.337486419158267, 0.314430974772222 ], [ 33.345245419165622, 0.314946974772738 ] ], [ [ 33.416027419231341, 0.248421974710936 ], [ 33.412815419228536, 0.25092397471326 ], [ 33.398223419214901, 0.248292974710694 ], [ 33.397106419213742, 0.244840974707586 ], [ 33.398963419215534, 0.240491974703446 ], [ 33.408107419224052, 0.238721974701775 ], [ 33.416027419231341, 0.248421974710936 ] ], [ [ 33.424320419239166, 0.205550974670814 ], [ 33.425655419240456, 0.210610974675546 ], [ 33.423126419238088, 0.212888974677753 ], [ 33.415145419230612, 0.212141974677024 ], [ 33.411960419227626, 0.210511974675455 ], [ 33.41152241922714, 0.208212974673415 ], [ 33.418167419233441, 0.204128974669629 ], [ 33.422508419237374, 0.203930974669447 ], [ 33.424320419239166, 0.205550974670814 ] ], [ [ 33.771240419562218, 0.174014974641523 ], [ 33.767540419558827, 0.181106974648173 ], [ 33.765254419556641, 0.181549974648533 ], [ 33.762310419553842, 0.178315974645557 ], [ 33.76301241955457, 0.175795974643279 ], [ 33.770565419561535, 0.172173974639918 ], [ 33.771240419562218, 0.174014974641523 ] ], [ [ 33.504863419314233, 0.111780974583553 ], [ 33.503940419313267, 0.113380974585198 ], [ 33.4998434193094, 0.111744974583644 ], [ 33.497817419307694, 0.107827974580005 ], [ 33.499008419308666, 0.100720974573278 ], [ 33.501750419311293, 0.100280974572797 ], [ 33.504863419314233, 0.111780974583553 ] ], [ [ 33.606903419409264, 0.108601974580552 ], [ 33.607326419409674, 0.112965974584768 ], [ 33.605934419408413, 0.116628974588139 ], [ 33.600917419403686, 0.116134974587567 ], [ 33.595008419398027, 0.1124199745841 ], [ 33.59548241939865, 0.110127974582156 ], [ 33.597774419400594, 0.108536974580602 ], [ 33.603031419405625, 0.107196974579438 ], [ 33.606903419409264, 0.108601974580552 ] ], [ [ 33.106365418943142, 0.115261974586929 ], [ 33.102085418939168, 0.107883974579863 ], [ 33.094554418932148, 0.107366974579463 ], [ 33.08859241892651, 0.111452974583244 ], [ 33.083580418921883, 0.110496974582475 ], [ 33.075168418914018, 0.105840974578086 ], [ 33.075416418914301, 0.103087974575601 ], [ 33.079643418918067, 0.098693974571461 ], [ 33.080017418918487, 0.09830297457097 ], [ 33.089164418927112, 0.096077974568971 ], [ 33.09079341892857, 0.091958974565159 ], [ 33.089458418927279, 0.087357974560746 ], [ 33.094284418931693, 0.083032974556772 ], [ 33.098842418936101, 0.083756974557446 ], [ 33.103378418940338, 0.087463974560933 ], [ 33.106060418942661, 0.095058974568019 ], [ 33.110397418946832, 0.094633974567614 ], [ 33.116295418952404, 0.099498974572043 ], [ 33.122436418957932, 0.102299974574862 ], [ 33.129734418964745, 0.103273974575586 ], [ 33.131080418966121, 0.106038974578269 ], [ 33.130157418965155, 0.107638974579686 ], [ 33.12216141895783, 0.108495974580592 ], [ 33.119388418955168, 0.11329497458496 ], [ 33.116218418952258, 0.110057974581878 ], [ 33.106365418943142, 0.115261974586929 ] ], [ [ 33.149303418982981, 0.110767974582586 ], [ 33.151573418985208, 0.11239197458417 ], [ 33.151550418985153, 0.115835974587299 ], [ 33.14389041897789, 0.132993974603323 ], [ 33.131519418966491, 0.139097974609058 ], [ 33.128101418963297, 0.138382974608476 ], [ 33.127986418963246, 0.123231974594319 ], [ 33.131199418966162, 0.120730974591879 ], [ 33.141952418976189, 0.117369974588883 ], [ 33.143375418977485, 0.110034974582049 ], [ 33.149303418982981, 0.110767974582586 ] ], [ [ 33.183666419015026, 0.154872974623686 ], [ 33.188869419019966, 0.161110974629537 ], [ 33.190868419021854, 0.168930974636851 ], [ 33.189022419019921, 0.171212974639047 ], [ 33.184677419015998, 0.172556974640202 ], [ 33.177154419008957, 0.171581974639366 ], [ 33.171253419003506, 0.16671697463471 ], [ 33.165439418997948, 0.150602974619687 ], [ 33.160411418993363, 0.151483974620533 ], [ 33.156765418990062, 0.150766974619955 ], [ 33.154274418987598, 0.14845297461784 ], [ 33.154533418987967, 0.144092974613613 ], [ 33.158077418991297, 0.141107974610804 ], [ 33.159126418992173, 0.140225974610075 ], [ 33.160358418993383, 0.128067974598707 ], [ 33.166538418999153, 0.125589974596551 ], [ 33.16681241899937, 0.119164974590376 ], [ 33.169128419001481, 0.115049974586555 ], [ 33.172569419004731, 0.112780974584439 ], [ 33.175987419007924, 0.113494974585137 ], [ 33.1742894190063, 0.126566974597381 ], [ 33.176528419008491, 0.132781974603176 ], [ 33.174419419006426, 0.139881974609807 ], [ 33.175312419007241, 0.142643974612383 ], [ 33.179847419011367, 0.14680997461619 ], [ 33.183666419015026, 0.154872974623686 ] ], [ [ 33.143234418977272, 0.15961797462819 ], [ 33.136333418970935, 0.166681974634685 ], [ 33.133827418968622, 0.1662039746343 ], [ 33.132713418967569, 0.162750974631081 ], [ 33.135257418970014, 0.158179974626819 ], [ 33.14120141897547, 0.156846974625523 ], [ 33.143234418977272, 0.15961797462819 ] ], [ [ 33.165542418998257, 0.16759197463557 ], [ 33.161609418994431, 0.174907974642338 ], [ 33.157493418990725, 0.17556597464295 ], [ 33.152969418986459, 0.170480974638167 ], [ 33.153679418987167, 0.166812974634922 ], [ 33.158744418991773, 0.16088297462943 ], [ 33.161033418994066, 0.159981974628408 ], [ 33.165542418998257, 0.16759197463557 ] ], [ [ 33.043529418884418, 0.094808974567741 ], [ 33.047863418888483, 0.0950719745681 ], [ 33.04851541888911, 0.099667974572412 ], [ 33.047344418888088, 0.103331974575667 ], [ 33.04093141888211, 0.106265974578491 ], [ 33.035690418877266, 0.105307974577499 ], [ 33.029781418871607, 0.102047974574589 ], [ 33.028213418870337, 0.098362974571046 ], [ 33.030071418872012, 0.09378697456691 ], [ 33.039215418880531, 0.092250974565331 ], [ 33.043529418884418, 0.094808974567741 ] ], [ [ 33.169532419001825, 0.183691974650628 ], [ 33.172927419004964, 0.187390974653908 ], [ 33.174911419006776, 0.196587974662634 ], [ 33.177394419009261, 0.200509974666147 ], [ 33.170948419003253, 0.208036974673178 ], [ 33.168201419000525, 0.209163974674311 ], [ 33.164325418997123, 0.208445974673623 ], [ 33.162532418995397, 0.204070974669548 ], [ 33.168277419000788, 0.199063974664796 ], [ 33.169212419001497, 0.195856974661865 ], [ 33.164947418997599, 0.186411974653083 ], [ 33.166114418998632, 0.1825179746495 ], [ 33.169532419001825, 0.183691974650628 ] ], [ [ 33.188980419020027, 0.207943974673071 ], [ 33.192154419022927, 0.210951974675936 ], [ 33.196670419027214, 0.217413974681904 ], [ 33.194366419025073, 0.22061097468486 ], [ 33.189128419020108, 0.218504974682901 ], [ 33.181186419012647, 0.2122469746771 ], [ 33.181674419013234, 0.208347974673416 ], [ 33.183284419014626, 0.206752974672099 ], [ 33.188980419020027, 0.207943974673071 ] ], [ [ 32.745433418606808, 0.071565974546047 ], [ 32.744499418605983, 0.074542974548876 ], [ 32.738296418600157, 0.079312974553432 ], [ 32.734188418596432, 0.079508974553619 ], [ 32.733287418595637, 0.077894974552009 ], [ 32.742240418603842, 0.071310974545895 ], [ 32.745433418606808, 0.071565974546047 ] ], [ [ 32.659847418527079, 0.157869974626465 ], [ 32.65591041852349, 0.164953974633136 ], [ 32.650196418518135, 0.166055974634219 ], [ 32.647235418515493, 0.164882974632974 ], [ 32.647712418515994, 0.162591974630914 ], [ 32.658722418526168, 0.155565974624324 ], [ 32.659847418527079, 0.157869974626465 ] ] ] } },
{ "type": "Feature", "properties": { "ISO": "UGA", "COUNTRY": "Uganda", "F_CODE_DES": "Inland Water", "HYC_DESCRI": "Perennial/Permanent", "NAME": "LAKE GEORGE" }, "geometry": { "type": "Polygon", "coordinates": [ [ [ 30.295356416325149, -0.000000025520421 ], [ 30.137516416178187, -0.000000025520421 ], [ 30.142845416183036, 0.012411974490988 ], [ 30.137010416177645, 0.024051974501845 ], [ 30.134244416175079, 0.026545974504188 ], [ 30.131042416172022, 0.027198974504927 ], [ 30.108415416151047, 0.009727974488442 ], [ 30.103403416146421, 0.008982974487935 ], [ 30.092168416135792, 0.013674974492233 ], [ 30.090719416134561, 0.021003974499081 ], [ 30.086824416130867, 0.022336974500377 ], [ 30.079380416123968, 0.035105974512135 ], [ 30.075277416120116, 0.034600974511704 ], [ 30.053077416099541, 0.019887974498033 ], [ 30.047157416094024, 0.018672974496894 ], [ 30.042799416089792, 0.020688974498853 ], [ 30.038868416086189, 0.025234974503064 ], [ 30.038604416085946, 0.028444974505874 ], [ 30.055967416102249, 0.047235974523574 ], [ 30.060886416106769, 0.056243974531981 ], [ 30.061725416107492, 0.062909974538115 ], [ 30.063976416109654, 0.065689974540646 ], [ 30.06627441611181, 0.06520697454016 ], [ 30.079530416124044, 0.062423974537523 ], [ 30.083210416127486, 0.059939974535382 ], [ 30.090963416134628, 0.060486974535934 ], [ 30.092458416136196, 0.049256974525406 ], [ 30.087278416131312, 0.042999974519489 ], [ 30.085052416129201, 0.037924974514908 ], [ 30.089466416133291, 0.031088974508521 ], [ 30.093111416136708, 0.031589974508961 ], [ 30.099187416142286, 0.039232974515926 ], [ 30.104169416146988, 0.042732974519367 ], [ 30.110525416152996, 0.045788974522111 ], [ 30.123041416164597, 0.048913974525021 ], [ 30.140285416180632, 0.058060974533646 ], [ 30.147792416187713, 0.060210974535494 ], [ 30.148408416188204, 0.060373974535651 ], [ 30.154163416193569, 0.061889974537053 ], [ 30.170263416208627, 0.071252974545814 ], [ 30.176399416214281, 0.073616974548031 ], [ 30.181648416219105, 0.073675974547996 ], [ 30.195425416231956, 0.086684974560285 ], [ 30.213234416248497, 0.085966974559597 ], [ 30.21742041625248, 0.07889697455289 ], [ 30.222393416257091, 0.083313974557086 ], [ 30.229023416263317, 0.082240974556044 ], [ 30.234098416268125, 0.077247974551483 ], [ 30.241453416274908, 0.078564974552592 ], [ 30.242298416275617, 0.078715974552779 ], [ 30.247564416280511, 0.077167974551458 ], [ 30.250568416283386, 0.073757974548244 ], [ 30.248090416281002, 0.070746974545273 ], [ 30.247251416280278, 0.070538974545116 ], [ 30.237394416271172, 0.068101974542969 ], [ 30.23627641627013, 0.06602397454094 ], [ 30.244302416277606, 0.062440974537594 ], [ 30.251154416283953, 0.062057974537311 ], [ 30.255094416287648, 0.056362974532021 ], [ 30.25715641628949, 0.055697974531313 ], [ 30.260524416292583, 0.060784974536091 ], [ 30.266971416298702, 0.055576974531277 ], [ 30.278610416309448, 0.055476974531075 ], [ 30.282060416312788, 0.052989974528828 ], [ 30.284162416314757, 0.048652974524884 ], [ 30.291372416321337, 0.045581974521838 ], [ 30.293571416323402, 0.04393697452042 ], [ 30.295366416325123, 0.044156974520547 ], [ 30.303825416332984, 0.04519797452167 ], [ 30.305902416334902, 0.043154974519666 ], [ 30.306396416335474, 0.039716974516523 ], [ 30.300853416330256, 0.024735974502619 ], [ 30.301513416330863, 0.020285974498393 ], [ 30.302824416331987, 0.011444974490132 ], [ 30.295356416325149, -0.000000025520421 ] ], [ [ 30.108783416151255, 0.017765974496115 ], [ 30.118486416160295, 0.02751597450515 ], [ 30.123249416164754, 0.030323974507837 ], [ 30.12637341616778, 0.036556974513587 ], [ 30.12428241616567, 0.039975974516665 ], [ 30.12107241616286, 0.04131697451794 ], [ 30.114006416156144, 0.040548974517151 ], [ 30.107460416150161, 0.034047974511168 ], [ 30.100179416143419, 0.032128974509305 ], [ 30.094543416138094, 0.025867974503626 ], [ 30.1007994161439, 0.017445974495786 ], [ 30.104009416146937, 0.01610497449451 ], [ 30.108783416151255, 0.017765974496115 ] ] ] } },
{ "type": "Feature", "properties": { "ISO": "UGA", "COUNTRY": "Uganda", "F_CODE_DES": "Inland Water", "HYC_DESCRI": "Perennial/Permanent", "NAME": "LAKE VICTORIA" }, "geometry": { "type": "Polygon", "coordinates": [ [ [ 32.367466418254935, -0.000000025520421 ], [ 32.296791418189059, -0.000000025520421 ], [ 32.309635418200969, 0.007331974486306 ], [ 32.304107418195827, 0.013481974492151 ], [ 32.298618418190699, 0.014811974493341 ], [ 32.273723418167492, 0.035036974512195 ], [ 32.26507141815955, 0.042064974518553 ], [ 32.260208418154889, 0.050285974526332 ], [ 32.261562418156245, 0.051903974527931 ], [ 32.269558418163797, 0.051055974527117 ], [ 32.272083418165948, 0.049765974525826 ], [ 32.275745418169436, 0.047895974524181 ], [ 32.28625541817928, 0.046838974523098 ], [ 32.296371418188755, 0.037744974514681 ], [ 32.308284418199719, 0.032338974509685 ], [ 32.31445741820562, 0.030784974508151 ], [ 32.319236418210039, 0.032203974509457 ], [ 32.32380641821419, 0.031783974509153 ], [ 32.324962418215364, 0.029957974507397 ], [ 32.324085418214509, 0.025818974503636 ], [ 32.327324418217586, 0.020566974498706 ], [ 32.333515418223215, 0.017177974495553 ], [ 32.337848418227395, 0.017214974495573 ], [ 32.34556941823439, 0.021641974499744 ], [ 32.350616418239269, 0.018471974496606 ], [ 32.356556418244736, 0.01783397449617 ], [ 32.35905041824708, 0.019461974497517 ], [ 32.362190418250066, 0.02614497450395 ], [ 32.364475418252141, 0.025934974503571 ], [ 32.371158418258347, 0.018188974496525 ], [ 32.37237141825949, 0.009705974488497 ], [ 32.367466418254935, -0.000000025520421 ] ] ] } },
{ "type": "Feature", "properties": { "ISO": "UGA", "COUNTRY": "Uganda", "F_CODE_DES": "Inland Water", "HYC_DESCRI": "Perennial/Permanent", "NAME": "LAKE VICTORIA" }, "geometry": { "type": "Polygon", "coordinates": [ [ [ 32.243404418139335, -0.000000025520421 ], [ 32.204711418103216, -0.000000025520421 ], [ 32.208683418107057, 0.005301974484382 ], [ 32.210594418108712, 0.007849974486817 ], [ 32.211597418109704, 0.024154974501926 ], [ 32.213603418111688, 0.029680974507073 ], [ 32.22102741811841, 0.015285974493736 ], [ 32.226337418123421, 0.008216974487141 ], [ 32.228748418125633, 0.007054974485982 ], [ 32.243404418139335, -0.000000025520421 ] ] ] } },
{ "type": "Feature", "properties": { "ISO": "UGA", "COUNTRY": "Uganda", "F_CODE_DES": "Inland Water", "HYC_DESCRI": "Perennial/Permanent", "NAME": "LAKE GEORGE" }, "geometry": { "type": "Polygon", "coordinates": [ [ [ 30.000000416049943, -0.15752702566715 ], [ 30.000000416049943, -0.149189025659552 ], [ 30.007886416057318, -0.146922025657432 ], [ 30.017868416066676, -0.138592025649587 ], [ 30.030410416078439, -0.137822025648802 ], [ 30.044069416091133, -0.133142025644474 ], [ 30.046783416093604, -0.129910025641493 ], [ 30.050367416096833, -0.120014025632372 ], [ 30.05535141610153, -0.114931025627584 ], [ 30.063087416108829, -0.111896025624674 ], [ 30.072227416117357, -0.113902025626658 ], [ 30.079506416124104, -0.110641025623636 ], [ 30.081287416125633, -0.104201025617613 ], [ 30.082273416126554, -0.10263102561612 ], [ 30.085350416129586, -0.09774502561163 ], [ 30.089666416133468, -0.095191025609211 ], [ 30.098375416141607, -0.101104025614632 ], [ 30.105671416148425, -0.100367025613878 ], [ 30.116581416158624, -0.094556025608654 ], [ 30.123348416164845, -0.08326202559806 ], [ 30.128805416170053, -0.080471025595443 ], [ 30.14317141618335, -0.079687025594694 ], [ 30.146354416186341, -0.078289025593449 ], [ 30.147249416187151, -0.075528025590756 ], [ 30.145149416185177, -0.068655025584349 ], [ 30.147409416187202, -0.065885025581792 ], [ 30.151075416190679, -0.067927025583685 ], [ 30.152381416191929, -0.058964025575506 ], [ 30.147731416187526, -0.046369025563763 ], [ 30.146070416186149, -0.039243025556971 ], [ 30.145381416185501, -0.036283025554212 ], [ 30.145790416185719, -0.029393025547961 ], [ 30.143932416184043, -0.024585025543502 ], [ 30.130201416171303, -0.018018025537231 ], [ 30.131067416172073, -0.011355025530975 ], [ 30.137516416178187, -0.000000025520421 ], [ 30.295356416325149, -0.000000025520421 ], [ 30.290037416320047, -0.008225025528191 ], [ 30.277774416308603, -0.015884025535343 ], [ 30.274606416305687, -0.019578025538749 ], [ 30.271682416303065, -0.025567025544433 ], [ 30.269250416300792, -0.036602025554657 ], [ 30.262483416294572, -0.047209025564371 ], [ 30.252708416285259, -0.052325025569189 ], [ 30.240026416273622, -0.065496025581524 ], [ 30.239673416273263, -0.06831902558406 ], [ 30.238298416271846, -0.079282025594239 ], [ 30.236024416269856, -0.080931025595874 ], [ 30.22967341626395, -0.085540025600267 ], [ 30.215055416250379, -0.082882025597655 ], [ 30.197727416234102, -0.083860025598597 ], [ 30.196582416233014, -0.083924025598662 ], [ 30.187027416224282, -0.087432025601856 ], [ 30.18112541621872, -0.091833025606093 ], [ 30.179058416216776, -0.090010025604442 ], [ 30.170164416208536, -0.090299025604509 ], [ 30.167860416206395, -0.087100025601558 ], [ 30.171718416209842, -0.084090025598925 ], [ 30.180175416217708, -0.086559025601218 ], [ 30.18290341622037, -0.085164025599852 ], [ 30.185388416222622, -0.081703025596653 ], [ 30.183996416221362, -0.078269025593499 ], [ 30.18078841621832, -0.0762240255915 ], [ 30.171896416210075, -0.076641025591925 ], [ 30.163684416202386, -0.077027025592315 ], [ 30.156629416195983, -0.079598025594578 ], [ 30.154386416193802, -0.085123025599842 ], [ 30.135944416176699, -0.09029602560463 ], [ 30.127986416169279, -0.094251025608401 ], [ 30.12232441616402, -0.100258025613812 ], [ 30.106422416149144, -0.110005025622968 ], [ 30.098671416141997, -0.110974025623818 ], [ 30.092075416135685, -0.114002025626633 ], [ 30.08618941613031, -0.120698025632919 ], [ 30.079374416123983, -0.124876025636922 ], [ 30.067514416112999, -0.125412025637388 ], [ 30.063198416108889, -0.128195025639798 ], [ 30.048202416094909, -0.137248025648432 ], [ 30.041177416088431, -0.144181025654689 ], [ 30.017725416066469, -0.151221025661243 ], [ 30.012058416061336, -0.156768025666452 ], [ 30.008192416057682, -0.158629025668233 ], [ 30.002704416052438, -0.156828025666528 ], [ 30.000000416049943, -0.15752702566715 ] ], [ [ 30.16624841620478, -0.018927025538233 ], [ 30.160350416199435, -0.023788025542672 ], [ 30.15675941619611, -0.032305025550613 ], [ 30.161070416200118, -0.061891025578234 ], [ 30.160263416199314, -0.070152025585912 ], [ 30.165691416204254, -0.070355025585968 ], [ 30.168903416207286, -0.073088025588504 ], [ 30.172287416210565, -0.067327025583154 ], [ 30.176155416213987, -0.065923025581924 ], [ 30.178396416216174, -0.060169025576442 ], [ 30.172842416211097, -0.048727025565995 ], [ 30.174411416212479, -0.044814025562346 ], [ 30.178272416216032, -0.042263025559805 ], [ 30.179575416217176, -0.032843025551074 ], [ 30.178146416215895, -0.02412802554295 ], [ 30.175619416213522, -0.021620025540642 ], [ 30.171062416209224, -0.022339025541214 ], [ 30.16624841620478, -0.018927025538233 ] ], [ [ 30.15506741619447, -0.018313025537509 ], [ 30.162555416201485, -0.012754025532331 ], [ 30.16390041620275, -0.009301025529112 ], [ 30.162506416201268, -0.005408025525639 ], [ 30.156322416195508, -0.002006025522405 ], [ 30.151767416191433, -0.002954025523195 ], [ 30.141105416181517, -0.01174802553146 ], [ 30.140663416181042, -0.01358702553307 ], [ 30.144334416184392, -0.016777025536157 ], [ 30.146879416186721, -0.022040025540946 ], [ 30.151453416191089, -0.023617025542535 ], [ 30.15506741619447, -0.018313025537509 ] ] ] } },
{ "type": "Feature", "properties": { "ISO": "UGA", "COUNTRY": "Uganda", "F_CODE_DES": "Inland Water", "HYC_DESCRI": "Perennial/Permanent", "NAME": "LAKE VICTORIA" }, "geometry": { "type": "Polygon", "coordinates": [ [ [ 33.925010419705359, -0.983338026436286 ], [ 33.91667941969763, -0.983338026436286 ], [ 33.91667941969763, -0.99167102644401 ], [ 33.908344419689911, -0.99167102644401 ], [ 33.900013419682182, -0.99167102644401 ], [ 33.891677419674352, -0.99167102644401 ], [ 33.883342419666633, -0.99167102644401 ], [ 33.875011419658904, -0.99167102644401 ], [ 33.866676419651185, -0.99167102644401 ], [ 33.858345419643456, -0.99167102644401 ], [ 33.850009419635626, -0.99167102644401 ], [ 33.841678419627897, -0.99167102644401 ], [ 33.833343419620178, -0.99167102644401 ], [ 33.825012419612449, -0.99167102644401 ], [ 33.816677419604503, -0.99167102644401 ], [ 33.80834541959689, -0.99167102644401 ], [ 33.800010419588943, -0.99167102644401 ], [ 33.791679419581214, -0.99167102644401 ], [ 33.783344419573496, -0.99167102644401 ], [ 33.775012419565883, -0.99167102644401 ], [ 33.766677419557936, -0.99167102644401 ], [ 33.758342419550218, -0.99167102644401 ], [ 33.750011419542489, -0.99167102644401 ], [ 33.74167641953477, -0.99167102644401 ], [ 33.733345419527041, -0.99167102644401 ], [ 33.725010419519094, -0.99167102644401 ], [ 33.716678419511481, -0.99167102644401 ], [ 33.708343419503763, -0.99167102644401 ], [ 33.700012419496034, -0.99167102644401 ], [ 33.691677419488087, -0.99167102644401 ], [ 33.683345419480474, -0.99167102644401 ], [ 33.675010419472528, -0.99167102644401 ], [ 33.666679419464799, -0.99167102644401 ], [ 33.666679419464799, -1.000005026451845 ], [ 33.65834441945708, -1.000005026451845 ], [ 33.650013419449351, -1.000005026451845 ], [ 33.650013419449351, -0.99167102644401 ], [ 33.641677419441521, -0.99167102644401 ], [ 33.633342419433802, -0.99167102644401 ], [ 33.625011419426073, -0.99167102644401 ], [ 33.616676419418354, -0.99167102644401 ], [ 33.608345419410625, -0.99167102644401 ], [ 33.600009419402795, -0.99167102644401 ], [ 33.591678419395066, -0.99167102644401 ], [ 33.583343419387347, -0.99167102644401 ], [ 33.575012419379618, -0.99167102644401 ], [ 33.566677419371672, -0.99167102644401 ], [ 33.558345419364059, -0.99167102644401 ], [ 33.550010419356113, -0.99167102644401 ], [ 33.541679419348384, -0.99167102644401 ], [ 33.533344419340665, -0.99167102644401 ], [ 33.525013419332936, -0.99167102644401 ], [ 33.516677419325106, -0.99167102644401 ], [ 33.508342419317387, -0.99167102644401 ], [ 33.500011419309658, -0.99167102644401 ], [ 33.491676419301939, -0.99167102644401 ], [ 33.48334541929421, -0.99167102644401 ], [ 33.475010419286264, -0.99167102644401 ], [ 33.466678419278651, -0.99167102644401 ], [ 33.458343419270932, -0.99167102644401 ], [ 33.450012419263203, -0.99167102644401 ], [ 33.441677419255257, -0.99167102644401 ], [ 33.433345419247644, -0.99167102644401 ], [ 33.425010419239698, -0.99167102644401 ], [ 33.416679419231968, -0.99167102644401 ], [ 33.40834441922425, -0.99167102644401 ], [ 33.400013419216521, -0.99167102644401 ], [ 33.39167741920869, -0.99167102644401 ], [ 33.383342419200972, -0.99167102644401 ], [ 33.375011419193243, -0.99167102644401 ], [ 33.366676419185524, -0.99167102644401 ], [ 33.358345419177795, -0.99167102644401 ], [ 33.350010419169848, -0.99167102644401 ], [ 33.341678419162236, -0.99167102644401 ], [ 33.333343419154517, -0.99167102644401 ], [ 33.325012419146788, -0.99167102644401 ], [ 33.316677419138841, -0.99167102644401 ], [ 33.308345419131228, -0.99167102644401 ], [ 33.300010419123282, -0.99167102644401 ], [ 33.291679419115553, -0.99167102644401 ], [ 33.283344419107834, -0.99167102644401 ], [ 33.275013419100105, -0.99167102644401 ], [ 33.266678419092386, -0.99167102644401 ], [ 33.258342419084556, -0.99167102644401 ], [ 33.250011419076827, -0.99167102644401 ], [ 33.241676419069108, -0.99167102644401 ], [ 33.233345419061379, -0.99167102644401 ], [ 33.225009419053549, -0.99167102644401 ], [ 33.21667841904582, -0.99167102644401 ], [ 33.208343419038101, -0.99167102644401 ], [ 33.200012419030372, -0.99167102644401 ], [ 33.191677419022426, -0.99167102644401 ], [ 33.183345419014813, -0.99167102644401 ], [ 33.175010419006867, -0.99167102644401 ], [ 33.166679418999138, -0.99167102644401 ], [ 33.158344418991419, -0.99167102644401 ], [ 33.150012418983806, -0.99167102644401 ], [ 33.14167741897586, -0.99167102644401 ], [ 33.133342418968141, -0.99167102644401 ], [ 33.125011418960412, -0.99167102644401 ], [ 33.116676418952693, -0.99167102644401 ], [ 33.108345418944964, -0.99167102644401 ], [ 33.100010418937018, -0.99167102644401 ], [ 33.091678418929405, -0.99167102644401 ], [ 33.083343418921686, -0.99167102644401 ], [ 33.075012418913957, -0.99167102644401 ], [ 33.066677418906011, -0.99167102644401 ], [ 33.058345418898398, -0.99167102644401 ], [ 33.050010418890452, -0.99167102644401 ], [ 33.041679418882723, -0.99167102644401 ], [ 33.033344418875004, -0.99167102644401 ], [ 33.025013418867275, -0.99167102644401 ], [ 33.016677418859445, -0.99167102644401 ], [ 33.008342418851726, -0.99167102644401 ], [ 33.000011418843997, -0.99167102644401 ], [ 32.991676418836278, -0.99167102644401 ], [ 32.983345418828549, -0.99167102644401 ], [ 32.975009418820719, -0.99167102644401 ], [ 32.96667841881299, -0.99167102644401 ], [ 32.958343418805271, -0.99167102644401 ], [ 32.950012418797542, -0.99167102644401 ], [ 32.941677418789595, -0.99167102644401 ], [ 32.933345418781983, -0.99167102644401 ], [ 32.925010418774036, -0.99167102644401 ], [ 32.916679418766307, -0.99167102644401 ], [ 32.908344418758588, -0.99167102644401 ], [ 32.900013418750859, -0.99167102644401 ], [ 32.891677418743029, -0.99167102644401 ], [ 32.88334241873531, -0.99167102644401 ], [ 32.875011418727581, -0.99167102644401 ], [ 32.866676418719862, -0.99167102644401 ], [ 32.858345418712133, -0.99167102644401 ], [ 32.850010418704187, -0.99167102644401 ], [ 32.841678418696574, -0.99167102644401 ], [ 32.833343418688855, -0.99167102644401 ], [ 32.825012418681126, -0.99167102644401 ], [ 32.81667741867318, -0.99167102644401 ], [ 32.808345418665567, -0.99167102644401 ], [ 32.800010418657621, -0.99167102644401 ], [ 32.791679418649892, -0.99167102644401 ], [ 32.783344418642173, -0.99167102644401 ], [ 32.775013418634444, -0.99167102644401 ], [ 32.766677418626614, -0.99167102644401 ], [ 32.758342418618895, -0.99167102644401 ], [ 32.750011418611166, -0.99167102644401 ], [ 32.741676418603447, -0.99167102644401 ], [ 32.733345418595718, -0.99167102644401 ], [ 32.725009418587888, -0.99167102644401 ], [ 32.716678418580159, -0.99167102644401 ], [ 32.70834341857244, -0.99167102644401 ], [ 32.700012418564711, -0.99167102644401 ], [ 32.691677418556765, -0.99167102644401 ], [ 32.683345418549152, -0.99167102644401 ], [ 32.675010418541206, -0.99167102644401 ], [ 32.666679418533477, -0.99167102644401 ], [ 32.658344418525758, -0.99167102644401 ], [ 32.650013418518029, -0.99167102644401 ], [ 32.64167841851031, -0.99167102644401 ], [ 32.63334241850248, -0.99167102644401 ], [ 32.625011418494751, -0.99167102644401 ], [ 32.616676418487032, -0.99167102644401 ], [ 32.608345418479303, -0.99167102644401 ], [ 32.600009418471473, -0.99167102644401 ], [ 32.591678418463744, -0.99167102644401 ], [ 32.583343418456025, -0.99167102644401 ], [ 32.575012418448296, -0.99167102644401 ], [ 32.566677418440349, -0.99167102644401 ], [ 32.558345418432737, -0.99167102644401 ], [ 32.55001041842479, -0.99167102644401 ], [ 32.541679418417061, -0.99167102644401 ], [ 32.533344418409342, -0.99167102644401 ], [ 32.52501241840173, -0.99167102644401 ], [ 32.516677418393783, -0.99167102644401 ], [ 32.508342418386064, -0.99167102644401 ], [ 32.500011418378335, -0.99167102644401 ], [ 32.491676418370616, -0.99167102644401 ], [ 32.483345418362887, -0.99167102644401 ], [ 32.475010418354941, -0.99167102644401 ], [ 32.466678418347328, -0.99167102644401 ], [ 32.458343418339609, -0.99167102644401 ], [ 32.45001241833188, -0.99167102644401 ], [ 32.441677418323934, -0.99167102644401 ], [ 32.433345418316321, -0.99167102644401 ], [ 32.425010418308375, -0.99167102644401 ], [ 32.416679418300646, -0.99167102644401 ], [ 32.408344418292927, -0.99167102644401 ], [ 32.400013418285198, -0.99167102644401 ], [ 32.391677418277368, -0.99167102644401 ], [ 32.383342418269649, -0.99167102644401 ], [ 32.37501141826192, -0.99167102644401 ], [ 32.366676418254201, -0.99167102644401 ], [ 32.358345418246472, -0.99167102644401 ], [ 32.350009418238642, -0.99167102644401 ], [ 32.341678418230913, -0.99167102644401 ], [ 32.333343418223194, -0.99167102644401 ], [ 32.325012418215465, -0.99167102644401 ], [ 32.316677418207519, -0.99167102644401 ], [ 32.308345418199906, -0.99167102644401 ], [ 32.30001041819196, -0.99167102644401 ], [ 32.291679418184231, -0.99167102644401 ], [ 32.283344418176512, -0.99167102644401 ], [ 32.275013418168783, -0.99167102644401 ], [ 32.266677418160953, -0.99167102644401 ], [ 32.258342418153234, -0.99167102644401 ], [ 32.250011418145505, -0.99167102644401 ], [ 32.241676418137786, -0.99167102644401 ], [ 32.233345418130057, -0.99167102644401 ], [ 32.22501041812211, -0.99167102644401 ], [ 32.216678418114498, -0.99167102644401 ], [ 32.208343418106779, -0.99167102644401 ], [ 32.20001241809905, -0.99167102644401 ], [ 32.191677418091103, -0.99167102644401 ], [ 32.183345418083491, -0.99167102644401 ], [ 32.175010418075544, -0.99167102644401 ], [ 32.166679418067815, -0.99167102644401 ], [ 32.158344418060096, -0.99167102644401 ], [ 32.150013418052367, -0.99167102644401 ], [ 32.141677418044537, -0.99167102644401 ], [ 32.133342418036818, -0.99167102644401 ], [ 32.125011418029089, -0.99167102644401 ], [ 32.11667641802137, -0.99167102644401 ], [ 32.108345418013641, -0.99167102644401 ], [ 32.100009418005811, -0.99167102644401 ], [ 32.091678417998082, -0.99167102644401 ], [ 32.083343417990363, -0.99167102644401 ], [ 32.075012417982634, -0.99167102644401 ], [ 32.066677417974688, -0.99167102644401 ], [ 32.058345417967075, -0.99167102644401 ], [ 32.050010417959129, -0.99167102644401 ], [ 32.0416794179514, -0.99167102644401 ], [ 32.033344417943681, -0.99167102644401 ], [ 32.025009417935962, -0.99167102644401 ], [ 32.016677417928122, -0.99167102644401 ], [ 32.008342417920403, -0.99167102644401 ], [ 32.000011417912674, -0.99167102644401 ], [ 31.99167841790495, -0.99167102644401 ], [ 31.983345417897226, -0.99167102644401 ], [ 31.975011417889391, -0.99167102644401 ], [ 31.966678417881667, -0.99167102644401 ], [ 31.958343417873948, -0.99167102644401 ], [ 31.950010417865997, -0.99167102644401 ], [ 31.941677417858273, -0.99167102644401 ], [ 31.933343417850665, -0.99167102644401 ], [ 31.925010417842714, -0.99167102644401 ], [ 31.91667741783499, -0.99167102644401 ], [ 31.908344417827266, -0.99167102644401 ], [ 31.900011417819542, -0.99167102644401 ], [ 31.891677417811707, -0.99167102644401 ], [ 31.883344417803983, -0.99167102644401 ], [ 31.875011417796259, -0.99167102644401 ], [ 31.866678417788535, -0.99167102644401 ], [ 31.858345417780811, -0.99167102644401 ], [ 31.850011417772976, -0.99167102644401 ], [ 31.841678417765252, -0.99167102644401 ], [ 31.840181417763915, -0.99167102644401 ], [ 31.839475417763197, -0.985584026438346 ], [ 31.837423417761329, -0.983513026436412 ], [ 31.832168417756293, -0.983966026436974 ], [ 31.828739417753241, -0.986489026439358 ], [ 31.827673417752067, -0.99167102644401 ], [ 31.825010417749581, -0.99167102644401 ], [ 31.816677417741857, -0.99167102644401 ], [ 31.808344417734133, -0.99167102644401 ], [ 31.800010417726298, -0.99167102644401 ], [ 31.791677417718574, -0.99167102644401 ], [ 31.790305417717263, -0.99167102644401 ], [ 31.790590417717567, -0.991028026443473 ], [ 31.790823417717775, -0.987811026440568 ], [ 31.782388417710081, -0.972400026426158 ], [ 31.781757417709514, -0.970119026424072 ], [ 31.780796417708416, -0.966652026420888 ], [ 31.781498417709145, -0.96299702641727 ], [ 31.78194441770961, -0.960679026415164 ], [ 31.780576417708289, -0.957229026412051 ], [ 31.770757417699087, -0.955606026410578 ], [ 31.77831441770627, -0.936772026392873 ], [ 31.777181417705151, -0.929187026385989 ], [ 31.769432417697999, -0.914697026372323 ], [ 31.767845417696435, -0.904813026363172 ], [ 31.774045417702155, -0.873110026333734 ], [ 31.772453417700717, -0.866903026327918 ], [ 31.766067417694785, -0.859080026320498 ], [ 31.757379417686707, -0.851894026313857 ], [ 31.752149417681721, -0.847569026309884 ], [ 31.7443884176746, -0.843880026306351 ], [ 31.734798417665615, -0.843176026305855 ], [ 31.71446641764669, -0.848887026311104 ], [ 31.710586417643071, -0.847503026309823 ], [ 31.703514417636597, -0.840598026303269 ], [ 31.699869417633181, -0.833468026296714 ], [ 31.698280417631622, -0.825653026289501 ], [ 31.700138417633298, -0.799001026264705 ], [ 31.704036417637099, -0.784991026251646 ], [ 31.708273417641067, -0.77744902624454 ], [ 31.720283417652126, -0.756065026224633 ], [ 31.723240417655006, -0.75329602622196 ], [ 31.72371341765529, -0.752853026221601 ], [ 31.72453541765617, -0.749180026218255 ], [ 31.727615417659081, -0.735397026205419 ], [ 31.731048417662123, -0.728969026199366 ], [ 31.75321741768289, -0.710163026181817 ], [ 31.766487417695089, -0.686289026159557 ], [ 31.77576841770383, -0.67411602614834 ], [ 31.786609417713862, -0.659898026135124 ], [ 31.80580541773179, -0.644303026120497 ], [ 31.805351417731345, -0.641546026118021 ], [ 31.800556417726966, -0.641539026117925 ], [ 31.798052417724648, -0.634642026111578 ], [ 31.787555417714884, -0.630261026107519 ], [ 31.783910417711468, -0.621985026099765 ], [ 31.788728417715902, -0.600857026080121 ], [ 31.787828417714991, -0.588219026068373 ], [ 31.79035341771737, -0.574669026055744 ], [ 31.794014417720746, -0.56893102605045 ], [ 31.804754417730919, -0.558840026041025 ], [ 31.810697417736264, -0.551038026033666 ], [ 31.818697417743806, -0.542320026025664 ], [ 31.820535417745532, -0.530836026014867 ], [ 31.830597417754916, -0.514082025999187 ], [ 31.834949417758935, -0.500305025986563 ], [ 31.840660417764184, -0.495719025982226 ], [ 31.841154417764756, -0.494277025980864 ], [ 31.843408417766796, -0.487683025974775 ], [ 31.851413417774211, -0.480910025968342 ], [ 31.863857417785766, -0.470382025958543 ], [ 31.870031417791552, -0.465159025953653 ], [ 31.891384417811423, -0.447093025936965 ], [ 31.891828417811894, -0.446791025936591 ], [ 31.911256417829918, -0.433568025924387 ], [ 31.920394417838452, -0.424852025916152 ], [ 31.927482417845113, -0.411999025904151 ], [ 31.955276417871119, -0.385411025879421 ], [ 31.956495417872247, -0.384245025878272 ], [ 31.965179417880336, -0.372083025867141 ], [ 31.973865417888419, -0.356017025851997 ], [ 31.977903417892094, -0.345159025841895 ], [ 31.978769417892863, -0.342831025839814 ], [ 31.985990417899529, -0.32341902582175 ], [ 31.990560417903907, -0.316305025815154 ], [ 32.012485417924381, -0.298188025798254 ], [ 32.019561417930845, -0.29658902579672 ], [ 32.023895417934909, -0.297513025797571 ], [ 32.029510417940173, -0.302807025802622 ], [ 32.034385417944577, -0.307402025806823 ], [ 32.035297417945458, -0.310618025809845 ], [ 32.03323741794361, -0.315210025814167 ], [ 32.033920417944273, -0.319114025817726 ], [ 32.037117417947229, -0.319807025818363 ], [ 32.040542417950519, -0.316596025815443 ], [ 32.042141417951825, -0.312464025811551 ], [ 32.042373417952149, -0.307871025807344 ], [ 32.029152417939713, -0.287645025788379 ], [ 32.029617417940244, -0.27800002577942 ], [ 32.02346441793452, -0.2688060257708 ], [ 32.016620417928152, -0.264434025766832 ], [ 32.013435417925166, -0.249044025752482 ], [ 32.008648417920767, -0.24490402574861 ], [ 31.993755417906868, -0.244316025748049 ], [ 31.990619417903872, -0.244192025747907 ], [ 31.986057417899701, -0.242578025746525 ], [ 31.982181417896072, -0.237981025742101 ], [ 31.979904417893977, -0.232697025737252 ], [ 31.981968417895814, -0.221676025726993 ], [ 31.988369417901822, -0.208594025714774 ], [ 31.989971417903234, -0.201708025708285 ], [ 31.989750417903224, -0.194588025701705 ], [ 31.986105417899807, -0.185858025693506 ], [ 31.981546417895515, -0.179881025688019 ], [ 31.963893417879035, -0.163126025672454 ], [ 31.962165417877486, -0.161486025670911 ], [ 31.957601417873093, -0.163547025672869 ], [ 31.949144417865227, -0.179380025687578 ], [ 31.944580417861062, -0.180982025688991 ], [ 31.93704441785394, -0.187172025694736 ], [ 31.93429741785144, -0.196124025703057 ], [ 31.929727417847289, -0.203007025709667 ], [ 31.926761417844546, -0.2020840257087 ], [ 31.931116417848443, -0.181653025689684 ], [ 31.941166417857858, -0.170644025679394 ], [ 31.936607417853565, -0.164438025673689 ], [ 31.929306417846874, -0.163051025672303 ], [ 31.92725541784489, -0.159373025668856 ], [ 31.928856417846418, -0.156620025666371 ], [ 31.938673417855625, -0.150892025661051 ], [ 31.941644417858242, -0.144926025655423 ], [ 31.949182417865359, -0.13575202564698 ], [ 31.949537417865713, -0.133747025645107 ], [ 31.949871417866007, -0.131849025643305 ], [ 31.941200417857999, -0.131607025643007 ], [ 31.933212417850427, -0.133434025644874 ], [ 31.929733417847274, -0.13537402564657 ], [ 31.927049417844728, -0.136870025648022 ], [ 31.924312417842202, -0.133882025645107 ], [ 31.923175417841094, -0.129747025641336 ], [ 31.924478417842238, -0.127013025638689 ], [ 31.925691417843382, -0.124469025636472 ], [ 31.930027417847441, -0.123097025635161 ], [ 31.940750417857544, -0.124489025636422 ], [ 31.945316417861704, -0.122198025634361 ], [ 31.955598417871215, -0.105450025618666 ], [ 31.97500641788929, -0.09032102560468 ], [ 31.991212417904535, -0.080928025595767 ], [ 31.993394417906529, -0.080492025595504 ], [ 31.996917417909799, -0.079787025594896 ], [ 32.010376417922316, -0.08508502559971 ], [ 32.025436417936362, -0.082578025597513 ], [ 32.042320417952169, -0.083287025598111 ], [ 32.048252417957656, -0.085131025599821 ], [ 32.054176417963163, -0.092715025606822 ], [ 32.057827417966564, -0.094786025608755 ], [ 32.063301417971616, -0.094333025608421 ], [ 32.070606417978524, -0.090438025604726 ], [ 32.078369417985641, -0.084018025598652 ], [ 32.076320417983652, -0.079195025594345 ], [ 32.069477417977396, -0.076202025591556 ], [ 32.058376417967111, -0.060981025577348 ], [ 32.058078417966726, -0.060575025577009 ], [ 32.055118417963968, -0.060147025576498 ], [ 32.052669417961624, -0.059794025576139 ], [ 32.050399417959625, -0.054606025571275 ], [ 32.048545417957939, -0.055228025571978 ], [ 32.050605417959787, -0.060209025576569 ], [ 32.043476417953116, -0.063313025579419 ], [ 32.036857417946976, -0.063305025579439 ], [ 32.031154417941707, -0.065134025581074 ], [ 32.026138417937091, -0.058700025575263 ], [ 32.026378417937167, -0.047680025564887 ], [ 32.022274417933431, -0.041016025558747 ], [ 32.023418417934408, -0.038492025556252 ], [ 32.030719417941327, -0.036664025554728 ], [ 32.04166741795143, -0.041269025558904 ], [ 32.060611417969085, -0.033027025551291 ], [ 32.061824417970229, -0.031696025549991 ], [ 32.063121417971388, -0.03027502554869 ], [ 32.074302417981926, -0.029140025547576 ], [ 32.075450417982893, -0.028106025546776 ], [ 32.07864041798598, -0.025241025544119 ], [ 32.082519417989488, -0.025017025543775 ], [ 32.086170417992889, -0.021807025540738 ], [ 32.087799417994347, -0.021717025540738 ], [ 32.090278417996842, -0.021581025540627 ], [ 32.091762417998098, -0.02236202554127 ], [ 32.095523418001676, -0.024343025543203 ], [ 32.101677418007284, -0.033992025552152 ], [ 32.104675418010174, -0.036300025554283 ], [ 32.110340418015312, -0.040660025558282 ], [ 32.114673418019493, -0.04709402556432 ], [ 32.11969041802422, -0.047788025565069 ], [ 32.12333641802752, -0.053303025570131 ], [ 32.135658418038929, -0.052856025569781 ], [ 32.141815418044644, -0.055848025572459 ], [ 32.145465418048161, -0.060215025576554 ], [ 32.150253418052671, -0.062056025578386 ], [ 32.157093418059048, -0.06872202558452 ], [ 32.160514418062121, -0.069873025585593 ], [ 32.170787418071768, -0.064374025580491 ], [ 32.175121418075832, -0.064149025580264 ], [ 32.176559418077204, -0.064971025580917 ], [ 32.19040341809, -0.072890025588322 ], [ 32.194511418093725, -0.069450025585184 ], [ 32.19656741809581, -0.069452025585178 ], [ 32.198616418097572, -0.073587025588949 ], [ 32.200443418099439, -0.073358025588732 ], [ 32.201358418100199, -0.068998025584733 ], [ 32.199081418098103, -0.059351025575779 ], [ 32.200683418099516, -0.053614025570369 ], [ 32.205932418104339, -0.046272025563667 ], [ 32.217346418115085, -0.039855025557699 ], [ 32.218944418116507, -0.037790025555751 ], [ 32.21963141811716, -0.032280025550563 ], [ 32.217807418115399, -0.025161025543866 ], [ 32.217014418114786, -0.024114025542985 ], [ 32.211883418109892, -0.01734902553676 ], [ 32.20845441810684, -0.010090025529962 ], [ 32.206138418104729, -0.00519002552528 ], [ 32.205047418103732, -0.002879025523271 ], [ 32.204711418103216, -0.000000025520421 ], [ 32.243404418139335, -0.000000025520421 ], [ 32.245884418141713, -0.00200002552242 ], [ 32.253406418148643, -0.012568025532119 ], [ 32.25841941815338, -0.028873025547455 ], [ 32.261837418156574, -0.031402025549824 ], [ 32.266174418160517, -0.030947025549267 ], [ 32.271423418165341, -0.027049025545693 ], [ 32.277355418171055, -0.028431025546979 ], [ 32.282146418175444, -0.022007025540915 ], [ 32.289676418182353, -0.025917025544686 ], [ 32.28990541818257, -0.018341025537666 ], [ 32.295158418187611, -0.012607025532361 ], [ 32.292423418185081, -0.006864025526966 ], [ 32.292652418185298, -0.002732025523073 ], [ 32.296989418189241, -0.000899025521448 ], [ 32.296791418189059, -0.000000025520421 ], [ 32.367466418254935, -0.000000025520421 ], [ 32.367481418255011, -0.000728025521084 ], [ 32.366340418253913, -0.003483025523792 ], [ 32.357212418245354, -0.01265902553223 ], [ 32.356067418244265, -0.018168025537534 ], [ 32.358577418246568, -0.019089025538278 ], [ 32.361545418249307, -0.015417025534816 ], [ 32.364738418252273, -0.017946025537185 ], [ 32.369075418256443, -0.011061025530807 ], [ 32.374549418261495, -0.011295025531126 ], [ 32.377746418264451, -0.00946102552939 ], [ 32.382991418269285, -0.014057025533702 ], [ 32.384590418270818, -0.012221025531971 ], [ 32.384132418270383, -0.008777025528616 ], [ 32.376835418263681, -0.00464002552485 ], [ 32.37501141826192, -0.001653025522046 ], [ 32.375877418262689, -0.000000025520421 ], [ 32.430255418313436, -0.000000025520421 ], [ 32.43067941831373, -0.000547025520973 ], [ 32.433872418316696, -0.001238025521616 ], [ 32.434692418317582, -0.000000025520421 ], [ 32.748119418609349, -0.000000025520421 ], [ 32.756279418616941, -0.016814025536178 ], [ 32.757602418618262, -0.019545025538719 ], [ 32.759887418620337, -0.030795025549196 ], [ 32.763992418624184, -0.036995025554916 ], [ 32.769470418629226, -0.039752025557618 ], [ 32.773574418633189, -0.038146025555989 ], [ 32.77562741863494, -0.033555025551777 ], [ 32.772888418632419, -0.023452025542383 ], [ 32.774486418634069, -0.018631025537843 ], [ 32.776767418636155, -0.017943025537306 ], [ 32.786804418645488, -0.019783025539027 ], [ 32.790458418648768, -0.023458025542368 ], [ 32.792964418651081, -0.022311025541285 ], [ 32.793876418651962, -0.014964025534482 ], [ 32.797069418654928, -0.011521025531238 ], [ 32.795929418653941, -0.006929025526915 ], [ 32.797298418655146, -0.003945025524217 ], [ 32.799808418657449, -0.004634025524865 ], [ 32.802276418659858, -0.000000025520421 ], [ 33.933345419713305, -0.000000025520421 ], [ 33.933345419713305, -0.000005025520522 ], [ 33.933345419713305, -0.008338025528246 ], [ 33.941677419720918, -0.008338025528246 ], [ 33.941677419720918, -0.01667102553597 ], [ 33.941677419720918, -0.025005025543805 ], [ 33.941677419720918, -0.033338025551529 ], [ 33.941677419720918, -0.041671025559253 ], [ 33.950012419728864, -0.041671025559253 ], [ 33.950012419728864, -0.050005025567089 ], [ 33.950012419728864, -0.058338025574812 ], [ 33.950012419728864, -0.066671025582536 ], [ 33.958343419736593, -0.066671025582536 ], [ 33.958343419736593, -0.075005025590372 ], [ 33.958343419736593, -0.083338025598096 ], [ 33.958343419736593, -0.09167102560582 ], [ 33.958343419736593, -0.100005025613655 ], [ 33.966678419744312, -0.100005025613655 ], [ 33.966678419744312, -0.108338025621379 ], [ 33.966678419744312, -0.116671025629103 ], [ 33.966678419744312, -0.125005025636938 ], [ 33.975010419751925, -0.125005025636938 ], [ 33.975010419751925, -0.133338025644662 ], [ 33.966678419744312, -0.133338025644662 ], [ 33.966678419744312, -0.141671025652386 ], [ 33.966678419744312, -0.150005025660221 ], [ 33.966678419744312, -0.158338025667945 ], [ 33.966678419744312, -0.166671025675669 ], [ 33.966678419744312, -0.175005025683504 ], [ 33.966678419744312, -0.183338025691228 ], [ 33.966678419744312, -0.191671025698952 ], [ 33.958343419736593, -0.191671025698952 ], [ 33.958343419736593, -0.200005025706787 ], [ 33.958343419736593, -0.208338025714511 ], [ 33.958343419736593, -0.216671025722235 ], [ 33.958343419736593, -0.22500502573007 ], [ 33.958343419736593, -0.233338025737794 ], [ 33.958343419736593, -0.241671025745518 ], [ 33.958343419736593, -0.250005025753353 ], [ 33.950012419728864, -0.250005025753353 ], [ 33.950012419728864, -0.258338025761077 ], [ 33.950012419728864, -0.266671025768801 ], [ 33.950012419728864, -0.275005025776636 ], [ 33.950012419728864, -0.28333802578436 ], [ 33.950012419728864, -0.291671025792084 ], [ 33.950012419728864, -0.300005025799919 ], [ 33.950012419728864, -0.308338025807643 ], [ 33.941677419720918, -0.308338025807643 ], [ 33.941677419720918, -0.316671025815367 ], [ 33.941677419720918, -0.325005025823202 ], [ 33.941677419720918, -0.333338025830926 ], [ 33.941677419720918, -0.34167102583865 ], [ 33.941677419720918, -0.350005025846485 ], [ 33.941677419720918, -0.358338025854209 ], [ 33.933345419713305, -0.358338025854209 ], [ 33.933345419713305, -0.366671025861933 ], [ 33.933345419713305, -0.375005025869768 ], [ 33.933345419713305, -0.383338025877492 ], [ 33.933345419713305, -0.391671025885216 ], [ 33.933345419713305, -0.400005025893051 ], [ 33.933345419713305, -0.408338025900775 ], [ 33.925010419705359, -0.408338025900775 ], [ 33.925010419705359, -0.416671025908499 ], [ 33.925010419705359, -0.425005025916334 ], [ 33.925010419705359, -0.433338025924058 ], [ 33.925010419705359, -0.441671025931782 ], [ 33.925010419705359, -0.450005025939618 ], [ 33.925010419705359, -0.458338025947342 ], [ 33.91667941969763, -0.458338025947342 ], [ 33.91667941969763, -0.466671025955065 ], [ 33.91667941969763, -0.475005025962901 ], [ 33.91667941969763, -0.483338025970625 ], [ 33.91667941969763, -0.491671025978349 ], [ 33.91667941969763, -0.500005025986184 ], [ 33.91667941969763, -0.508338025993908 ], [ 33.91667941969763, -0.516671026001632 ], [ 33.91667941969763, -0.525005026009467 ], [ 33.91667941969763, -0.533338026017191 ], [ 33.91667941969763, -0.541671026024915 ], [ 33.91667941969763, -0.55000502603275 ], [ 33.91667941969763, -0.558338026040474 ], [ 33.91667941969763, -0.566671026048198 ], [ 33.91667941969763, -0.575005026056033 ], [ 33.91667941969763, -0.583338026063757 ], [ 33.91667941969763, -0.591671026071481 ], [ 33.91667941969763, -0.600005026079316 ], [ 33.91667941969763, -0.60833802608704 ], [ 33.91667941969763, -0.616671026094764 ], [ 33.91667941969763, -0.625005026102599 ], [ 33.91667941969763, -0.633338026110323 ], [ 33.91667941969763, -0.641671026118047 ], [ 33.91667941969763, -0.650005026125882 ], [ 33.91667941969763, -0.658338026133606 ], [ 33.91667941969763, -0.66667102614133 ], [ 33.91667941969763, -0.675005026149165 ], [ 33.91667941969763, -0.683338026156889 ], [ 33.91667941969763, -0.691671026164613 ], [ 33.91667941969763, -0.700005026172448 ], [ 33.91667941969763, -0.708338026180172 ], [ 33.91667941969763, -0.716671026187896 ], [ 33.91667941969763, -0.725005026195731 ], [ 33.91667941969763, -0.733338026203455 ], [ 33.91667941969763, -0.741671026211179 ], [ 33.91667941969763, -0.750005026219014 ], [ 33.91667941969763, -0.758338026226738 ], [ 33.91667941969763, -0.766671026234462 ], [ 33.91667941969763, -0.775005026242297 ], [ 33.91667941969763, -0.783338026250021 ], [ 33.91667941969763, -0.791671026257745 ], [ 33.91667941969763, -0.80000502626558 ], [ 33.91667941969763, -0.808338026273304 ], [ 33.91667941969763, -0.816671026281028 ], [ 33.91667941969763, -0.825005026288864 ], [ 33.91667941969763, -0.833338026296587 ], [ 33.91667941969763, -0.841671026304311 ], [ 33.91667941969763, -0.850005026312147 ], [ 33.91667941969763, -0.858338026319871 ], [ 33.91667941969763, -0.866671026327595 ], [ 33.91667941969763, -0.87500502633543 ], [ 33.925010419705359, -0.87500502633543 ], [ 33.925010419705359, -0.883338026343154 ], [ 33.925010419705359, -0.891671026350878 ], [ 33.925010419705359, -0.900005026358713 ], [ 33.925010419705359, -0.908338026366437 ], [ 33.925010419705359, -0.916671026374161 ], [ 33.925010419705359, -0.925005026381996 ], [ 33.925010419705359, -0.93333802638972 ], [ 33.925010419705359, -0.941671026397444 ], [ 33.925010419705359, -0.950005026405279 ], [ 33.925010419705359, -0.958338026413003 ], [ 33.925010419705359, -0.966671026420727 ], [ 33.925010419705359, -0.975005026428562 ], [ 33.925010419705359, -0.983338026436286 ] ], [ [ 31.790870417717997, -0.942767026398542 ], [ 31.785619417712951, -0.941150026397054 ], [ 31.785387417712855, -0.94528702640082 ], [ 31.787662417714955, -0.951955026407177 ], [ 31.790632417717688, -0.951959026407167 ], [ 31.790870417717997, -0.942767026398542 ] ], [ [ 32.295505418187759, -0.73150502620183 ], [ 32.30167441819367, -0.725306026195994 ], [ 32.307842418199471, -0.716350026187683 ], [ 32.308986418200448, -0.713365026184874 ], [ 32.307617418199243, -0.710147026181858 ], [ 32.304191418196069, -0.710833026182627 ], [ 32.300079418192126, -0.714736026186074 ], [ 32.297340418189606, -0.715423026186727 ], [ 32.295967418188411, -0.722084026192988 ], [ 32.28888341818174, -0.728053026198495 ], [ 32.289112418181958, -0.731039026201415 ], [ 32.292080418184696, -0.732650026202919 ], [ 32.295505418187759, -0.73150502620183 ] ], [ [ 32.327041418217277, -0.672254026146675 ], [ 32.331836418221656, -0.670880026145369 ], [ 32.334579418224166, -0.666516026141153 ], [ 32.337326418226894, -0.652964026128529 ], [ 32.342121418231272, -0.646305026122491 ], [ 32.339611418228969, -0.642627026119044 ], [ 32.336643418226231, -0.643314026119697 ], [ 32.32955941821956, -0.655484026131035 ], [ 32.326816418217049, -0.666739026141386 ], [ 32.322933418213324, -0.670872026145389 ], [ 32.322246418212671, -0.674317026148628 ], [ 32.323841418214215, -0.678684026152496 ], [ 32.327041418217277, -0.672254026146675 ] ], [ [ 32.310623418201885, -0.627439026104867 ], [ 32.308570418200134, -0.62284202610067 ], [ 32.306057418197724, -0.623299026100995 ], [ 32.304687418196409, -0.626974026104335 ], [ 32.306739418198276, -0.634098026111133 ], [ 32.304451418196095, -0.639380026115987 ], [ 32.299198418191281, -0.643511026119768 ], [ 32.296913418189206, -0.654077026129698 ], [ 32.299877418191954, -0.656607026131951 ], [ 32.305133418196874, -0.646043026122243 ], [ 32.313812418204861, -0.642145026118442 ], [ 32.312900418203981, -0.637319026114028 ], [ 32.319526418210216, -0.62951402610679 ], [ 32.316787418207696, -0.625376026102913 ], [ 32.313591418204624, -0.627900026105181 ], [ 32.310623418201885, -0.627439026104867 ] ], [ [ 32.356506418244635, -0.644708026120952 ], [ 32.355140418243309, -0.637814026114484 ], [ 32.359943418247894, -0.615074026093453 ], [ 32.35857441824669, -0.61093802608957 ], [ 32.353550418241866, -0.611622026090117 ], [ 32.350124418238693, -0.614376026092714 ], [ 32.348755418237488, -0.618971026096915 ], [ 32.351032418239583, -0.629771026106937 ], [ 32.34577541823478, -0.645388026121509 ], [ 32.348056418236865, -0.649526026125386 ], [ 32.356506418244635, -0.644708026120952 ] ], [ [ 32.255149418150268, -0.610847026089459 ], [ 32.253555418148835, -0.606250026085036 ], [ 32.248760418144229, -0.609463026088179 ], [ 32.248756418144239, -0.612220026090654 ], [ 32.244419418140296, -0.612445026090882 ], [ 32.240993418137123, -0.617956026095953 ], [ 32.242359418138449, -0.620024026098008 ], [ 32.244644418140524, -0.620257026098216 ], [ 32.248985418144457, -0.614057026092496 ], [ 32.25126641814677, -0.614519026092921 ], [ 32.255149418150268, -0.610847026089459 ] ], [ [ 32.195800418094905, -0.59103102607105 ], [ 32.193065418092374, -0.583907026064253 ], [ 32.192840418092146, -0.578623026059404 ], [ 32.191242418090724, -0.580000026060588 ], [ 32.189182418088876, -0.587579026067715 ], [ 32.191921418091397, -0.592177026072022 ], [ 32.195800418094905, -0.59103102607105 ] ], [ [ 32.224128418121381, -0.563722026045525 ], [ 32.221386418118755, -0.564179026045849 ], [ 32.217960418115581, -0.569689026051037 ], [ 32.21430541811219, -0.570374026051695 ], [ 32.212936418110985, -0.573130026054287 ], [ 32.21521741811307, -0.574740026055679 ], [ 32.219326418116907, -0.574055026055248 ], [ 32.22183641811921, -0.580031026060624 ], [ 32.22525741812251, -0.580493026061049 ], [ 32.231659418128402, -0.570162026051548 ], [ 32.237823418134212, -0.569938026051204 ], [ 32.238735418135093, -0.568560026050136 ], [ 32.237594418133995, -0.56626202604798 ], [ 32.229602418126433, -0.567632026049068 ], [ 32.224128418121381, -0.563722026045525 ] ], [ [ 32.084201417991153, -0.219733025725191 ], [ 32.077156417984497, -0.216830025722402 ], [ 32.073024417980605, -0.215127025720903 ], [ 32.069374417977315, -0.215123025720914 ], [ 32.067317417975346, -0.218335025723945 ], [ 32.067997417975903, -0.226374025731275 ], [ 32.070274417977998, -0.22936202573419 ], [ 32.075981417983485, -0.231206025735901 ], [ 32.077800417985145, -0.235112025739454 ], [ 32.076889417984376, -0.238096025742152 ], [ 32.070037417977801, -0.244059025747902 ], [ 32.064102417972435, -0.245430025749101 ], [ 32.05269241796168, -0.244498025748271 ], [ 32.051090417960268, -0.24977802575313 ], [ 32.058159417966863, -0.25690602575969 ], [ 32.067058417975204, -0.258294025760961 ], [ 32.074356417982017, -0.267489025769692 ], [ 32.078235417985525, -0.268182025770329 ], [ 32.084171417991001, -0.263137025765673 ], [ 32.097389418003331, -0.267516025769737 ], [ 32.098774418004723, -0.267976025770167 ], [ 32.101966418007578, -0.273262025775011 ], [ 32.099224418005178, -0.27762202577901 ], [ 32.099220418004961, -0.281756025782897 ], [ 32.10469441801024, -0.287733025788384 ], [ 32.113594418018465, -0.29049902579095 ], [ 32.115642418020343, -0.293257025793537 ], [ 32.115184418019908, -0.296472025796675 ], [ 32.112445418017387, -0.300373025800354 ], [ 32.104450418009947, -0.306565025806094 ], [ 32.101024418006773, -0.31115402581031 ], [ 32.10512941801062, -0.314834025813752 ], [ 32.116313418021036, -0.315765025814699 ], [ 32.125438418029489, -0.319680025818343 ], [ 32.153736418055814, -0.323155025821507 ], [ 32.157844418059767, -0.327982025826032 ], [ 32.160266418061838, -0.328901025826781 ], [ 32.161495418063168, -0.329365025827201 ], [ 32.171764418072598, -0.327767025825779 ], [ 32.177013418077422, -0.329151025827059 ], [ 32.180206418080388, -0.333518025831154 ], [ 32.182716418082919, -0.334440025832009 ], [ 32.185913418085875, -0.333983025831458 ], [ 32.188880418088502, -0.330541025828325 ], [ 32.190712418090243, -0.323193025821411 ], [ 32.194591418093978, -0.321590025820115 ], [ 32.200752418099682, -0.325960025824088 ], [ 32.203945418102649, -0.326423025824624 ], [ 32.209652418107908, -0.324591025822883 ], [ 32.217411418115034, -0.327814025825774 ], [ 32.226997418124029, -0.327134025825217 ], [ 32.229736418126549, -0.329663025827585 ], [ 32.229274418126124, -0.337701025835031 ], [ 32.231784418128427, -0.340001025837182 ], [ 32.237716418134141, -0.341843025838898 ], [ 32.239540418135675, -0.346898025843529 ], [ 32.234058418130644, -0.353554025849689 ], [ 32.233036418129586, -0.364376025859883 ], [ 32.232910418129677, -0.365726025861022 ], [ 32.23450441813111, -0.368254025863507 ], [ 32.237014418133413, -0.369174025864368 ], [ 32.242267418138226, -0.36366802585917 ], [ 32.245464418141182, -0.362981025858517 ], [ 32.248657418144148, -0.365740025861214 ], [ 32.251621418146897, -0.372864025867784 ], [ 32.249107418144604, -0.382967025877178 ], [ 32.251384418146699, -0.389859025883652 ], [ 32.257091418152186, -0.392392025886011 ], [ 32.253891418149124, -0.398819025891953 ], [ 32.254116418149351, -0.404562025897349 ], [ 32.257537418152424, -0.411456025903817 ], [ 32.255023418150131, -0.413980025906085 ], [ 32.250579418146117, -0.409501025901818 ], [ 32.250003418145525, -0.408922025901347 ], [ 32.245903418141779, -0.396745025889913 ], [ 32.243621418139583, -0.394905025888193 ], [ 32.242481418138595, -0.39513402588841 ], [ 32.239963418136085, -0.404319025897166 ], [ 32.237682418134, -0.40477602589749 ], [ 32.237655418133954, -0.402954025895724 ], [ 32.237499418133893, -0.392552025886062 ], [ 32.237461418133762, -0.3900760258839 ], [ 32.234035418130588, -0.392369025885955 ], [ 32.231464418128326, -0.39107302588468 ], [ 32.229015418125982, -0.389838025883591 ], [ 32.221714418119063, -0.391210025884902 ], [ 32.214866418112706, -0.389135025882979 ], [ 32.211898418109968, -0.389591025883419 ], [ 32.210983418109208, -0.394414025887727 ], [ 32.21645741811426, -0.400621025893543 ], [ 32.212955418111051, -0.40425902589709 ], [ 32.209835418108014, -0.407505025900036 ], [ 32.192936418092359, -0.419202025910863 ], [ 32.183956418083881, -0.421690025913222 ], [ 32.1784094180789, -0.423227025914684 ], [ 32.175586418076136, -0.424009025915439 ], [ 32.172844418073737, -0.429288025920414 ], [ 32.174892418075615, -0.435952025926554 ], [ 32.174205418074962, -0.438478025928816 ], [ 32.172382418073312, -0.43824602592872 ], [ 32.16873141806991, -0.434108025924843 ], [ 32.165992418067162, -0.433875025924635 ], [ 32.164165418065522, -0.438927025929388 ], [ 32.164737418066125, -0.442589025932648 ], [ 32.164844418066195, -0.44329202593326 ], [ 32.167125418068281, -0.446740025936606 ], [ 32.175571418076288, -0.449505025939061 ], [ 32.177852418078373, -0.453183025942508 ], [ 32.174423418075094, -0.456854025946086 ], [ 32.164150418065447, -0.457762025946749 ], [ 32.164604418065892, -0.462816025951497 ], [ 32.169624418070725, -0.464659025953324 ], [ 32.171676418072593, -0.468107025956442 ], [ 32.16916641807029, -0.472698025960653 ], [ 32.160492418062177, -0.471770025959813 ], [ 32.159122418060861, -0.472917025960896 ], [ 32.155918418057809, -0.482332025969754 ], [ 32.151580418053754, -0.484165025971379 ], [ 32.149753418052114, -0.487609025974734 ], [ 32.151577418053876, -0.492205025978819 ], [ 32.158199418059894, -0.487618025974598 ], [ 32.161621418063078, -0.487851025974805 ], [ 32.162078418063629, -0.489000025975884 ], [ 32.154758418056872, -0.511274025996727 ], [ 32.152210418054437, -0.510689025996044 ], [ 32.149288418051583, -0.50093202598714 ], [ 32.144264418046987, -0.500466025986498 ], [ 32.14015941804314, -0.497476025983815 ], [ 32.13650541803986, -0.497702025983926 ], [ 32.134906418038327, -0.501146025987282 ], [ 32.135360418038772, -0.505511025991382 ], [ 32.139690418042846, -0.51148902599698 ], [ 32.148365418050844, -0.516321026001378 ], [ 32.148590418051072, -0.519078026003854 ], [ 32.145851418048551, -0.520224026005053 ], [ 32.136951418040098, -0.515160026000331 ], [ 32.135578418038904, -0.518376026003352 ], [ 32.137630418040771, -0.522512026007234 ], [ 32.141281418044173, -0.523895026008404 ], [ 32.14310841804604, -0.52665302601099 ], [ 32.137168418040346, -0.532160026016072 ], [ 32.140133418043206, -0.534230026018122 ], [ 32.146984418049442, -0.529873026014002 ], [ 32.149040418051527, -0.530335026014427 ], [ 32.151092418053395, -0.535850026019489 ], [ 32.152916418055156, -0.537231026020891 ], [ 32.158626418060294, -0.535170026018932 ], [ 32.158394418060197, -0.541831026025193 ], [ 32.160675418062283, -0.541833026025188 ], [ 32.162460418064029, -0.539654026023072 ], [ 32.167072418068301, -0.534029026017834 ], [ 32.167301418068519, -0.531043026015141 ], [ 32.162513418064009, -0.523687026008247 ], [ 32.167312418068377, -0.517030026001976 ], [ 32.170284418071333, -0.508535025994206 ], [ 32.168232418069238, -0.505776025991509 ], [ 32.168235418069344, -0.499114025985364 ], [ 32.173713418074385, -0.500038025986214 ], [ 32.180564418080849, -0.496830025983172 ], [ 32.187637418087434, -0.500052025986179 ], [ 32.191062418090496, -0.49959702598585 ], [ 32.195861418095092, -0.493400025980009 ], [ 32.201339418100133, -0.494094025980758 ], [ 32.20544841810397, -0.492950025979553 ], [ 32.203853418102426, -0.489962025976865 ], [ 32.196319418095527, -0.489265025976238 ], [ 32.191757418091356, -0.484666025971819 ], [ 32.193126418092561, -0.48168102596901 ], [ 32.198608418097592, -0.478471025966201 ], [ 32.202720418101535, -0.473881025961873 ], [ 32.20066841809944, -0.471123025959287 ], [ 32.199848418098782, -0.470764025958943 ], [ 32.191764418091225, -0.467209025955526 ], [ 32.186748418086609, -0.462380025951234 ], [ 32.190174418089782, -0.458478025947443 ], [ 32.206150418104698, -0.461250025949994 ], [ 32.207294418105676, -0.459644025948592 ], [ 32.205696418104253, -0.455967025945256 ], [ 32.209125418107533, -0.451836025941247 ], [ 32.213005418110924, -0.450462025939942 ], [ 32.219165418116745, -0.455292025944573 ], [ 32.220764418118279, -0.451158025940686 ], [ 32.224643418121786, -0.453229025942619 ], [ 32.229209418126175, -0.452775025942174 ], [ 32.232181418128903, -0.447035025936884 ], [ 32.234462418130988, -0.446808025936662 ], [ 32.241306418137356, -0.453705025943009 ], [ 32.246101418141961, -0.453939025943328 ], [ 32.252262418147666, -0.456931025946005 ], [ 32.24906541814471, -0.459225025948172 ], [ 32.24267541813856, -0.459679025948617 ], [ 32.237423418133858, -0.46174102595046 ], [ 32.23445541813112, -0.465413025953922 ], [ 32.235027418131494, -0.466246025954661 ], [ 32.236507418132987, -0.468401025956837 ], [ 32.239700418135953, -0.469324025957576 ], [ 32.243354418139234, -0.467949025956386 ], [ 32.24746341814307, -0.468641025956913 ], [ 32.250202418145591, -0.466577025955075 ], [ 32.251571418147023, -0.468875025957232 ], [ 32.251114418146472, -0.471171025959393 ], [ 32.247917418143516, -0.475073025962956 ], [ 32.252021418147478, -0.479672025967147 ], [ 32.249965418145393, -0.483345025970721 ], [ 32.252475418147696, -0.485875025972973 ], [ 32.257728418152738, -0.485190025972315 ], [ 32.266403418160735, -0.479915025967557 ], [ 32.262069418156671, -0.47531702596325 ], [ 32.262298418156888, -0.472330025960446 ], [ 32.265266418159626, -0.468888025957085 ], [ 32.269607418163787, -0.468203025956655 ], [ 32.268924418163124, -0.464068025952656 ], [ 32.270065418164222, -0.460853025949746 ], [ 32.272804418166743, -0.460625025949412 ], [ 32.280105418173434, -0.470739025958892 ], [ 32.283985418177053, -0.473040025961154 ], [ 32.286041418179138, -0.470744025958993 ], [ 32.285358418178475, -0.467069025955425 ], [ 32.287185418180115, -0.462935025951765 ], [ 32.289466418182201, -0.467532025955961 ], [ 32.292205418184722, -0.467993025956275 ], [ 32.294033418186473, -0.464261025952965 ], [ 32.294036418186579, -0.458348025947316 ], [ 32.291755418184266, -0.455589025944846 ], [ 32.286502418179452, -0.456274025945504 ], [ 32.285362418178465, -0.453746025943019 ], [ 32.286964418179878, -0.447086025936869 ], [ 32.286281418179215, -0.441113025931372 ], [ 32.283088418176249, -0.438124025928573 ], [ 32.277381418170989, -0.440416025930745 ], [ 32.276241418170002, -0.435591025926215 ], [ 32.278987418172392, -0.42456802591596 ], [ 32.278987418172392, -0.416989025908833 ], [ 32.284011418177215, -0.412169025904404 ], [ 32.286071418179063, -0.405740025898467 ], [ 32.280822418174239, -0.398844025892004 ], [ 32.272163418166201, -0.377246025871955 ], [ 32.271480418165538, -0.36851802586375 ], [ 32.272632418166495, -0.361723025857373 ], [ 32.273311418167168, -0.357724025853713 ], [ 32.279480418172852, -0.345557025842254 ], [ 32.284275418177458, -0.340509025837719 ], [ 32.294090418186443, -0.337991025835208 ], [ 32.302539418194328, -0.329501025827312 ], [ 32.308246418199815, -0.328588025826548 ], [ 32.316459418207387, -0.333417025831068 ], [ 32.325817418216047, -0.333655025831149 ], [ 32.327873418217905, -0.331819025829645 ], [ 32.327644418217915, -0.329522025827373 ], [ 32.320118418210768, -0.321018025819512 ], [ 32.306881418198373, -0.321696025820074 ], [ 32.305282418197066, -0.318938025817488 ], [ 32.309619418201009, -0.315038025813919 ], [ 32.305744418197492, -0.308375025807663 ], [ 32.307346418198904, -0.303783025803341 ], [ 32.304569418196252, -0.302383025802101 ], [ 32.303695418195502, -0.301942025801736 ], [ 32.300498418192547, -0.304006025803574 ], [ 32.29547841818794, -0.303542025803154 ], [ 32.295711418188148, -0.293207025793663 ], [ 32.299820418191985, -0.289077025789766 ], [ 32.300277418192309, -0.28494402578599 ], [ 32.291374418183977, -0.288840025789568 ], [ 32.28452641817762, -0.294575025794757 ], [ 32.281559418174993, -0.299855025799843 ], [ 32.283153418176425, -0.30261302580243 ], [ 32.287719418180586, -0.303076025802739 ], [ 32.289997418182793, -0.306063025805543 ], [ 32.287029418180055, -0.310425025809536 ], [ 32.271278418165366, -0.317071025815721 ], [ 32.264888418159444, -0.317065025815737 ], [ 32.261238418155926, -0.313616025812507 ], [ 32.258960418153947, -0.303739025803452 ], [ 32.255767418150754, -0.298224025798163 ], [ 32.258739418153709, -0.29133702579179 ], [ 32.258552418153386, -0.289643025790156 ], [ 32.258285418153264, -0.287202025788019 ], [ 32.256233418151396, -0.286511025787377 ], [ 32.253036418148213, -0.287886025788566 ], [ 32.250293418145702, -0.292247025792676 ], [ 32.252575418147899, -0.29661302579666 ], [ 32.244354418140347, -0.304184025803806 ], [ 32.235225418131677, -0.304405025804044 ], [ 32.220852418118284, -0.299339025799327 ], [ 32.21559941811347, -0.305304025804844 ], [ 32.212860418110949, -0.306221025805598 ], [ 32.207611418106126, -0.303460025803133 ], [ 32.202362418101075, -0.302995025802602 ], [ 32.200080418099105, -0.30460002580412 ], [ 32.197105418096271, -0.313094025812006 ], [ 32.194824418094186, -0.313781025812659 ], [ 32.189579418089124, -0.30573802580534 ], [ 32.187297418087155, -0.305965025805563 ], [ 32.179535418079922, -0.311699025810867 ], [ 32.16880841806983, -0.312147025811328 ], [ 32.165409418066702, -0.31121102581028 ], [ 32.163787418065112, -0.310764025809931 ], [ 32.155803418057758, -0.302946025802612 ], [ 32.154666418056649, -0.29651502579668 ], [ 32.155128418057075, -0.288707025789336 ], [ 32.159702418061443, -0.276999025778423 ], [ 32.154914418056933, -0.268727025770886 ], [ 32.156742418058684, -0.262069025764504 ], [ 32.159942418061519, -0.258857025761699 ], [ 32.171352418072274, -0.25542402575843 ], [ 32.175239418075762, -0.247849025751293 ], [ 32.180030418080378, -0.246477025749982 ], [ 32.182541418082565, -0.243953025747714 ], [ 32.181408418081674, -0.236374025740588 ], [ 32.183918418083977, -0.233620025737991 ], [ 32.189624418089352, -0.231789025736362 ], [ 32.193504418092971, -0.228578025733441 ], [ 32.192367418091862, -0.226740025731715 ], [ 32.184837418084726, -0.22236902572763 ], [ 32.181942418082144, -0.222366025727524 ], [ 32.180957418081107, -0.222364025727529 ], [ 32.176620418077164, -0.224656025729701 ], [ 32.169086418070037, -0.233146025737597 ], [ 32.165660418066864, -0.233142025737607 ], [ 32.158817418060607, -0.232216025736761 ], [ 32.149463418051937, -0.22853202573333 ], [ 32.146465418049047, -0.224301025729346 ], [ 32.143764418046658, -0.220488025725899 ], [ 32.141250418044137, -0.222323025727519 ], [ 32.136459418039749, -0.220021025725373 ], [ 32.131897418035578, -0.220705025726147 ], [ 32.123218418027363, -0.22758402573254 ], [ 32.11135441801639, -0.22458602572965 ], [ 32.105655418011111, -0.219298025724811 ], [ 32.102001418007603, -0.219294025724821 ], [ 32.092868417999171, -0.225713025730784 ], [ 32.089218417995653, -0.225939025730895 ], [ 32.084201417991153, -0.219733025725191 ] ], [ [ 32.329303418219297, -0.191273025698592 ], [ 32.320861418211507, -0.184607025692458 ], [ 32.320377418211137, -0.183631025691511 ], [ 32.318126418208976, -0.17909302568728 ], [ 32.307399418198884, -0.184365025692159 ], [ 32.298271418190552, -0.184587025692508 ], [ 32.296215418188467, -0.187799025695313 ], [ 32.297809418190127, -0.19537902570255 ], [ 32.301002418193093, -0.196530025703623 ], [ 32.313556418204598, -0.192867025700025 ], [ 32.316066418207129, -0.193558025700668 ], [ 32.318573418209326, -0.20022002570704 ], [ 32.325191418215582, -0.196781025703785 ], [ 32.328380418218558, -0.210562025716627 ], [ 32.329979418220091, -0.211482025717487 ], [ 32.334087418223817, -0.210337025716399 ], [ 32.339786418229096, -0.221135025726426 ], [ 32.338646418228109, -0.222971025728157 ], [ 32.318947418209746, -0.22097302572638 ], [ 32.31354541820474, -0.220424025725833 ], [ 32.312858418204087, -0.222719025727883 ], [ 32.31536841820639, -0.22547702573047 ], [ 32.321754418212322, -0.227090025731968 ], [ 32.326770418216938, -0.239955025743939 ], [ 32.33042141822034, -0.242484025746307 ], [ 32.33316041822286, -0.242027025745983 ], [ 32.337501418227021, -0.231927025736468 ], [ 32.341835418231085, -0.232389025736893 ], [ 32.345256418234158, -0.236525025740775 ], [ 32.345481418234385, -0.248238025751789 ], [ 32.354148418242403, -0.259268025761912 ], [ 32.357799418245804, -0.260649025763314 ], [ 32.368980418256342, -0.259281025761993 ], [ 32.374000418260948, -0.268241025770294 ], [ 32.376964418263697, -0.269391025771483 ], [ 32.378338418265002, -0.263192025765647 ], [ 32.376743418263459, -0.256071025758956 ], [ 32.381309418267847, -0.250793025754092 ], [ 32.380851418267412, -0.247807025751399 ], [ 32.376289418263013, -0.243899025747623 ], [ 32.374694418261697, -0.239306025743417 ], [ 32.372413418259384, -0.238615025742774 ], [ 32.366249418253801, -0.242283025746246 ], [ 32.362140418249965, -0.242510025746469 ], [ 32.357349418245576, -0.240210025744318 ], [ 32.351421418239852, -0.234234025738715 ], [ 32.347999418236668, -0.227112025731913 ], [ 32.349826418238536, -0.221144025726517 ], [ 32.338649418227988, -0.206896025713149 ], [ 32.332035418221949, -0.203446025710036 ], [ 32.329303418219297, -0.191273025698592 ] ], [ [ 32.564109418437965, -0.214173025719901 ], [ 32.561371418435556, -0.215089025720772 ], [ 32.557945418432382, -0.221288025726608 ], [ 32.552925418427549, -0.223122025728344 ], [ 32.552467418427113, -0.227026025731902 ], [ 32.554977418429417, -0.229554025734387 ], [ 32.562965418436988, -0.224965025729944 ], [ 32.566162418439944, -0.225656025730586 ], [ 32.572322418445765, -0.232089025736741 ], [ 32.578937418451915, -0.231634025736184 ], [ 32.583046418455751, -0.233932025738341 ], [ 32.586242418458596, -0.23209602573661 ], [ 32.584873418457391, -0.228881025733699 ], [ 32.580993418453772, -0.225434025730465 ], [ 32.57939941845234, -0.215559025721177 ], [ 32.576202418449384, -0.214408025720104 ], [ 32.570724418444115, -0.21670202572227 ], [ 32.564109418437965, -0.214173025719901 ] ], [ [ 32.445892418327958, -0.2510710257543 ], [ 32.441555418323787, -0.246475025749987 ], [ 32.436080418318852, -0.247160025750645 ], [ 32.434253418316985, -0.250373025753788 ], [ 32.437446418320178, -0.252902025756157 ], [ 32.445892418327958, -0.2510710257543 ] ], [ [ 32.403900418288913, -0.252647025755778 ], [ 32.4016194182866, -0.249890025753302 ], [ 32.397968418283199, -0.249428025752877 ], [ 32.394317418279797, -0.251032025754284 ], [ 32.38860741827466, -0.258147025760991 ], [ 32.391803418277505, -0.259299025761948 ], [ 32.403900418288913, -0.252647025755778 ] ], [ [ 32.306011418197613, -0.223632025728875 ], [ 32.303504418195416, -0.220415025725742 ], [ 32.299850418191909, -0.220182025725535 ], [ 32.292545418185227, -0.227524025732464 ], [ 32.297565418189834, -0.229136025733851 ], [ 32.306011418197613, -0.223632025728875 ] ], [ [ 32.265407418159839, -0.19282402570002 ], [ 32.274997418168823, -0.182958025690823 ], [ 32.28275641817595, -0.178372025686713 ], [ 32.290058418182753, -0.177231025685614 ], [ 32.291885418184393, -0.17378802568237 ], [ 32.290062418182742, -0.171261025679996 ], [ 32.282306418175494, -0.169646025678503 ], [ 32.276146418169901, -0.162063025671387 ], [ 32.27249941816649, -0.161141025670531 ], [ 32.267475418161666, -0.164351025673568 ], [ 32.259944418154646, -0.164804025673902 ], [ 32.258117418153006, -0.168247025677147 ], [ 32.260852418155537, -0.171923025680599 ], [ 32.262218418156863, -0.179043025687179 ], [ 32.25970841815456, -0.183174025691187 ], [ 32.252861418148086, -0.183627025691521 ], [ 32.251033418146562, -0.186151025693789 ], [ 32.258792418153689, -0.187536025695181 ], [ 32.26061641815545, -0.189145025696689 ], [ 32.26061641815545, -0.193737025701012 ], [ 32.265407418159839, -0.19282402570002 ] ], [ [ 33.893985419676483, -0.16928402567828 ], [ 33.895576419678036, -0.164230025673533 ], [ 33.89442841967707, -0.160787025670288 ], [ 33.889404419672246, -0.15826702566801 ], [ 33.886665419669725, -0.158499025668107 ], [ 33.88621541966927, -0.162404025671776 ], [ 33.8878214196709, -0.166765025675886 ], [ 33.89238741967506, -0.169745025678594 ], [ 33.893985419676483, -0.16928402567828 ] ], [ [ 33.722984419517388, -0.099645025613199 ], [ 33.718631419513258, -0.085643025600348 ], [ 33.716804419511618, -0.083118025597969 ], [ 33.71223841950723, -0.081974025596764 ], [ 33.710876419506121, -0.087256025601846 ], [ 33.712024419507088, -0.093455025607454 ], [ 33.709751419504983, -0.099885025613503 ], [ 33.707016419502452, -0.102414025615872 ], [ 33.706195419501682, -0.102358025615786 ], [ 33.700401419496302, -0.101960025615426 ], [ 33.693550419489839, -0.09921002561282 ], [ 33.681926419479169, -0.109553025622517 ], [ 33.66892641946697, -0.111859025624653 ], [ 33.66801441946609, -0.113697025626379 ], [ 33.671669419469481, -0.118286025630596 ], [ 33.667347419465386, -0.128163025639878 ], [ 33.668945419467036, -0.129999025641609 ], [ 33.673278419470989, -0.129076025640643 ], [ 33.679889419477149, -0.12287102563505 ], [ 33.683082419480115, -0.122640025634837 ], [ 33.687652419484493, -0.125851025637758 ], [ 33.694519419490916, -0.143066025653752 ], [ 33.699081419495087, -0.143292025653864 ], [ 33.704334419499901, -0.146732025657229 ], [ 33.708438419503864, -0.146040025656475 ], [ 33.710495419505605, -0.148105025658424 ], [ 33.71180741950684, -0.151831025661977 ], [ 33.713245419508212, -0.155909025665778 ], [ 33.71781541951259, -0.160957025670314 ], [ 33.719410419513906, -0.16049602567 ], [ 33.716888419511633, -0.15131402566135 ], [ 33.723720419518031, -0.138449025649379 ], [ 33.718013419512772, -0.136846025647856 ], [ 33.717098419511785, -0.135240025646453 ], [ 33.722568419516847, -0.130643025642257 ], [ 33.723476419517738, -0.125590025637393 ], [ 33.731910419525548, -0.12122002563342 ], [ 33.733047419526656, -0.118923025631375 ], [ 33.730304419524145, -0.114563025627149 ], [ 33.729385419523169, -0.106987025620128 ], [ 33.722984419517388, -0.099645025613199 ] ], [ [ 33.877983419661632, -0.148635025658905 ], [ 33.872264419656403, -0.139685025650579 ], [ 33.870208419654318, -0.13808002564906 ], [ 33.867927419652233, -0.138312025649384 ], [ 33.867023419651559, -0.143594025654238 ], [ 33.868625419652972, -0.147956025658232 ], [ 33.876842419660534, -0.149554025659882 ], [ 33.877983419661632, -0.148635025658905 ] ], [ [ 33.218303419047288, -0.134825025646023 ], [ 33.225368419053893, -0.121505025633724 ], [ 33.223083419051818, -0.11989802563221 ], [ 33.22011941904907, -0.120588025632742 ], [ 33.214878419043998, -0.130692025642247 ], [ 33.214195419043563, -0.13275802564408 ], [ 33.21533541904455, -0.135055025646352 ], [ 33.218303419047288, -0.134825025646023 ] ], [ [ 32.770385418630212, -0.073733025589263 ], [ 32.775859418635264, -0.068913025584607 ], [ 32.76901641862878, -0.06868102558451 ], [ 32.767646418627692, -0.064778025580836 ], [ 32.768329418628127, -0.060415025576731 ], [ 32.765365418625379, -0.056741025573274 ], [ 32.76057441862099, -0.0542140255709 ], [ 32.758541418619188, -0.049691025566744 ], [ 32.757377418618034, -0.047096025564315 ], [ 32.755550418616394, -0.032172025550381 ], [ 32.740947418602673, -0.016784025536253 ], [ 32.739578418601468, -0.021605025540566 ], [ 32.741634418603326, -0.028264025546832 ], [ 32.749847418610898, -0.036072025554176 ], [ 32.754184418615068, -0.043880025561293 ], [ 32.751674418612765, -0.055818025572535 ], [ 32.757381418618024, -0.067300025583108 ], [ 32.757606418618252, -0.071892025587431 ], [ 32.755783418616602, -0.074188025589592 ], [ 32.749851418611115, -0.073726025589167 ], [ 32.746200418607714, -0.06109702557751 ], [ 32.746032418607456, -0.058029025574569 ], [ 32.745742418607279, -0.052602025569513 ], [ 32.740722418602445, -0.042728025560336 ], [ 32.737754418599707, -0.039972025557745 ], [ 32.734561418596741, -0.039741025557532 ], [ 32.732051418594438, -0.043184025560777 ], [ 32.734108418596406, -0.055353025572003 ], [ 32.730228418592787, -0.062011025578158 ], [ 32.735019418597176, -0.071196025586914 ], [ 32.733196418595526, -0.073721025589066 ], [ 32.729088418591573, -0.073031025588534 ], [ 32.725894418588723, -0.058565025575035 ], [ 32.715854418579283, -0.050755025567696 ], [ 32.71152141857533, -0.049375025566405 ], [ 32.709465418573473, -0.050522025567489 ], [ 32.70878241857281, -0.054425025571163 ], [ 32.714714418578296, -0.067515025583361 ], [ 32.720405418583596, -0.072426025587902 ], [ 32.724296418587301, -0.07578402559102 ], [ 32.717681418581151, -0.080144025595246 ], [ 32.718135418581369, -0.086343025600854 ], [ 32.716770418580154, -0.089558025603992 ], [ 32.702850418567323, -0.090701025605085 ], [ 32.700340418564792, -0.089092025603577 ], [ 32.699657418564357, -0.082433025597311 ], [ 32.696231418561183, -0.087024025601522 ], [ 32.695091418559969, -0.096668025610597 ], [ 32.691440418556567, -0.095288025609307 ], [ 32.689617418554917, -0.087251025601745 ], [ 32.684139418549876, -0.085412025600135 ], [ 32.682544418548332, -0.079212025594188 ], [ 32.680034418546029, -0.081048025595919 ], [ 32.67934841854526, -0.084721025599492 ], [ 32.68094641854691, -0.090002025604235 ], [ 32.675697418541858, -0.091149025605318 ], [ 32.674785418541205, -0.096659025610506 ], [ 32.672275418538675, -0.09780602561159 ], [ 32.664520418531538, -0.094588025608573 ], [ 32.661781418529017, -0.097342025611169 ], [ 32.662433418529645, -0.098527025612384 ], [ 32.662921418530004, -0.099409025613113 ], [ 32.667484418534286, -0.101018025614621 ], [ 32.668170418535055, -0.105152025618509 ], [ 32.68185841854779, -0.104468025617734 ], [ 32.688018418553384, -0.109523025622593 ], [ 32.693496418558425, -0.107229025620427 ], [ 32.699199418563921, -0.108838025621935 ], [ 32.703762418568203, -0.107004025620199 ], [ 32.706501418570724, -0.107464025620629 ], [ 32.709468418573351, -0.113664025626349 ], [ 32.715629418579056, -0.112978025625807 ], [ 32.721103418584335, -0.121476025633683 ], [ 32.724983418587954, -0.121017025633137 ], [ 32.727264418590039, -0.113441025626116 ], [ 32.73091541859344, -0.110916025623737 ], [ 32.735706418597829, -0.110000025622867 ], [ 32.739128418601013, -0.102424025615846 ], [ 32.757381418618024, -0.101741025615183 ], [ 32.7596664186201, -0.102890025616261 ], [ 32.759529418620104, -0.103858025617228 ], [ 32.759208418619664, -0.106104025619288 ], [ 32.756698418617361, -0.108859025621996 ], [ 32.747116418608357, -0.112300025625018 ], [ 32.743465418604956, -0.117810025630206 ], [ 32.737991418599904, -0.121252025633339 ], [ 32.737533418599469, -0.1235480256355 ], [ 32.741870418603639, -0.126534025638421 ], [ 32.753734418614613, -0.119420025631825 ], [ 32.758068418618677, -0.118733025631172 ], [ 32.763088418623283, -0.119423025631704 ], [ 32.769477418629322, -0.122640025634837 ], [ 32.772899418632505, -0.121723025633855 ], [ 32.778602418637774, -0.116903025629426 ], [ 32.790470418648738, -0.112313025625099 ], [ 32.797767418655667, -0.100375025614085 ], [ 32.803016418660491, -0.096015025609859 ], [ 32.80963141866664, -0.093031025607161 ], [ 32.812824418669607, -0.088899025603268 ], [ 32.812824418669607, -0.085225025599811 ], [ 32.814876418671474, -0.081782025596567 ], [ 32.811225418668073, -0.076730025592042 ], [ 32.815788418672355, -0.070990025586525 ], [ 32.815559418672137, -0.064102025580269 ], [ 32.813961418670715, -0.062495025578755 ], [ 32.806140418663517, -0.061444025577657 ], [ 32.800274418657864, -0.060655025577034 ], [ 32.798217418656122, -0.05629202557293 ], [ 32.78658341864525, -0.073508025589035 ], [ 32.787040418645574, -0.074887025590215 ], [ 32.789779418648095, -0.075576025590863 ], [ 32.790462418648758, -0.07833102559357 ], [ 32.787727418646227, -0.087285025601886 ], [ 32.784534418643261, -0.087973025602423 ], [ 32.781566418640523, -0.086135025600697 ], [ 32.779739418638883, -0.080395025595408 ], [ 32.775634418635036, -0.084297025598971 ], [ 32.774265418633831, -0.079475025594547 ], [ 32.770385418630212, -0.082688025597463 ], [ 32.767875418627909, -0.081998025596931 ], [ 32.767417418627474, -0.079473025594552 ], [ 32.770385418630212, -0.073733025589263 ] ], [ [ 32.827877418683784, -0.055840025572479 ], [ 32.826053418682022, -0.053773025570536 ], [ 32.825824418681805, -0.049641025566643 ], [ 32.822631418678839, -0.050328025567296 ], [ 32.819435418675766, -0.054001025570869 ], [ 32.81533041867192, -0.054689025571406 ], [ 32.813732418670497, -0.056755025573466 ], [ 32.816471418673018, -0.058593025575192 ], [ 32.827877418683784, -0.055840025572479 ] ], [ [ 33.155056418988352, -0.059526025575906 ], [ 33.160301418993186, -0.055391025572135 ], [ 33.156421418989567, -0.053786025570616 ], [ 33.149807418983528, -0.057000025573643 ], [ 33.150264418983852, -0.061133025577419 ], [ 33.155056418988352, -0.059526025575906 ] ], [ [ 33.14113641897552, -0.055395025572125 ], [ 33.145923418979919, -0.052180025569214 ], [ 33.149799418983548, -0.046210025563596 ], [ 33.158699418991773, -0.045978025563272 ], [ 33.17123841900343, -0.031053025549454 ], [ 33.157779418990913, -0.03427002555236 ], [ 33.155040418988392, -0.037025025555067 ], [ 33.147972418981681, -0.038863025556793 ], [ 33.142726418976963, -0.049196025566289 ], [ 33.133831418968612, -0.051723025568663 ], [ 33.132690418967513, -0.053559025570394 ], [ 33.134517418969153, -0.055855025572555 ], [ 33.14113641897552, -0.055395025572125 ] ], [ [ 32.836780418691887, -0.07834302559354 ], [ 32.830162418685859, -0.064795025580906 ], [ 32.825824418681805, -0.061809025577986 ], [ 32.822860418679056, -0.062267025578421 ], [ 32.823089418679274, -0.066630025582526 ], [ 32.831077418686618, -0.07742302559268 ], [ 32.834270418689584, -0.079490025594623 ], [ 32.836780418691887, -0.07834302559354 ] ], [ [ 33.256145419082486, -0.08636602560091 ], [ 33.255230419081727, -0.082922025597782 ], [ 33.252265419078867, -0.0820050255968 ], [ 33.249527419076458, -0.083383025598096 ], [ 33.247478419074469, -0.087058025601664 ], [ 33.249763419076544, -0.096471025610299 ], [ 33.2529604190795, -0.0978470256116 ], [ 33.256145419082486, -0.08636602560091 ] ], [ [ 33.237220419064897, -0.104281025617638 ], [ 33.234024419061825, -0.101756025615259 ], [ 33.225360419053914, -0.111402025624329 ], [ 33.226276419054784, -0.116683025629072 ], [ 33.237220419064897, -0.104281025617638 ] ], [ [ 32.652652418520574, -0.102160025615603 ], [ 32.655162418522877, -0.096421025610198 ], [ 32.65311041852101, -0.094583025608699 ], [ 32.650829418518697, -0.095500025609454 ], [ 32.645122418513438, -0.102156025615614 ], [ 32.647407418515513, -0.10353502561702 ], [ 32.652652418520574, -0.102160025615603 ] ], [ [ 32.606567418477653, -0.078259025593297 ], [ 32.599266418470734, -0.081699025596663 ], [ 32.585346418457902, -0.08008402559517 ], [ 32.582607418455154, -0.084446025599163 ], [ 32.584888418457467, -0.088809025603268 ], [ 32.590366418462509, -0.090878025605207 ], [ 32.601547418472819, -0.091114025605293 ], [ 32.607933418478751, -0.098006025611767 ], [ 32.623447418493242, -0.09434002560829 ], [ 32.625957418495545, -0.09480002560872 ], [ 32.630066418499382, -0.098934025612607 ], [ 32.632118418501477, -0.098247025611954 ], [ 32.632576418501685, -0.094803025608826 ], [ 32.630977418500379, -0.091818025606017 ], [ 32.618431418488626, -0.088138025602575 ], [ 32.611129418481823, -0.089282025603552 ], [ 32.606567418477653, -0.078259025593297 ] ], [ [ 32.650829418518697, -0.0801170255952 ], [ 32.644210418512557, -0.081491025596506 ], [ 32.638736418507506, -0.080570025595534 ], [ 32.640106418508822, -0.084704025599422 ], [ 32.646949418515078, -0.085396025599948 ], [ 32.650829418518697, -0.0801170255952 ] ], [ [ 32.663608418530657, -0.015147025534588 ], [ 32.665660418532525, -0.008719025528535 ], [ 32.664978418531973, -0.007112025527022 ], [ 32.662696418529777, -0.008029025528003 ], [ 32.661098418528354, -0.011013025530701 ], [ 32.659271418526714, -0.017900025537074 ], [ 32.656990418524629, -0.017440025536644 ], [ 32.652885418520782, -0.013535025533201 ], [ 32.649234418517381, -0.015599025535039 ], [ 32.650833418518687, -0.01835502553763 ], [ 32.662010418529235, -0.027314025546048 ], [ 32.672962418539328, -0.030763025549049 ], [ 32.674785418541205, -0.029156025547763 ], [ 32.672275418538675, -0.024105025542895 ], [ 32.663608418530657, -0.015147025534588 ] ], [ [ 32.351505418240095, -0.019082025538182 ], [ 32.350139418238768, -0.015408025534953 ], [ 32.34717141823603, -0.012880025532468 ], [ 32.341015418230199, -0.01425302553389 ], [ 32.338958418228231, -0.018613025537888 ], [ 32.340099418229329, -0.020221025539286 ], [ 32.345115418234172, -0.01930702553841 ], [ 32.350589418239224, -0.023444025542403 ], [ 32.351505418240095, -0.019082025538182 ] ], [ [ 33.915195419696374, -0.161683025670982 ], [ 33.913364419694517, -0.159389025669043 ], [ 33.901500419683543, -0.159402025668896 ], [ 33.899681419681883, -0.162619025672029 ], [ 33.901508419683523, -0.165143025674297 ], [ 33.904247419686044, -0.165829025674839 ], [ 33.915195419696374, -0.161683025670982 ] ], [ [ 33.943283419722547, -0.174741025683261 ], [ 33.939849419719394, -0.168315025677202 ], [ 33.939155419718645, -0.163494025672662 ], [ 33.937557419717223, -0.162807025672237 ], [ 33.936191419715897, -0.164186025673416 ], [ 33.935970419715659, -0.169927025678817 ], [ 33.937347419716843, -0.173599025682279 ], [ 33.942371419721667, -0.176809025685088 ], [ 33.943283419722547, -0.174741025683261 ] ], [ [ 32.306488418198114, -0.17678602568526 ], [ 32.306720418198211, -0.171964025680609 ], [ 32.300785418192845, -0.172648025681383 ], [ 32.297592418189879, -0.175860025684187 ], [ 32.299186418191312, -0.179536025687639 ], [ 32.303520418195376, -0.179998025688064 ], [ 32.306488418198114, -0.17678602568526 ] ], [ [ 32.585319418457857, -0.310638025809794 ], [ 32.57687741844984, -0.308567025807861 ], [ 32.568203418441954, -0.309252025808519 ], [ 32.567745418441518, -0.310629025809703 ], [ 32.572311418445679, -0.313157025812188 ], [ 32.572151418445628, -0.314159025813069 ], [ 32.571167418444702, -0.320277025818768 ], [ 32.564548418438335, -0.324867025823096 ], [ 32.562496418436467, -0.328081025826123 ], [ 32.563861418437909, -0.331986025829792 ], [ 32.573677418447005, -0.334748025832369 ], [ 32.577785418450731, -0.332912025830638 ], [ 32.580295418453034, -0.337967025835269 ], [ 32.582805418455337, -0.328552025826411 ], [ 32.587371418459725, -0.324649025822964 ], [ 32.590797418462898, -0.325340025823607 ], [ 32.592392418464442, -0.334528025832014 ], [ 32.597641418469266, -0.332234025829848 ], [ 32.601749418472991, -0.334992025832435 ], [ 32.604030418475304, -0.333845025831351 ], [ 32.605858418476828, -0.329712025827575 ], [ 32.611335418481985, -0.327647025825627 ], [ 32.6090544184799, -0.325120025823253 ], [ 32.613163418483737, -0.314098025813109 ], [ 32.611793418482421, -0.31065302580987 ], [ 32.596500418468167, -0.31730502581604 ], [ 32.585319418457857, -0.310638025809794 ] ], [ [ 32.724083418587043, -0.322185025820545 ], [ 32.720886418584087, -0.31896802581764 ], [ 32.71244041857608, -0.31643802581516 ], [ 32.708789418572678, -0.317126025815924 ], [ 32.70673741857081, -0.320110025818622 ], [ 32.708789418572678, -0.324016025822175 ], [ 32.721572418584628, -0.325858025823891 ], [ 32.724083418587043, -0.322185025820545 ] ], [ [ 32.532135418408188, -0.3579200258539 ], [ 32.531452418407525, -0.339087025836307 ], [ 32.529857418406209, -0.334723025832318 ], [ 32.5225524183993, -0.334029025831569 ], [ 32.519817418396769, -0.327826025825743 ], [ 32.512741418390078, -0.32162102582015 ], [ 32.50977741838733, -0.320700025819178 ], [ 32.507721418385472, -0.324144025822307 ], [ 32.513195418390524, -0.329659025827596 ], [ 32.516162418393378, -0.338619025835897 ], [ 32.51981341839678, -0.341836025838802 ], [ 32.519126418396127, -0.34551102584237 ], [ 32.521865418398647, -0.350335025846789 ], [ 32.51980941839679, -0.352172025848404 ], [ 32.514331418391748, -0.352857025849062 ], [ 32.508854418386591, -0.362041025857707 ], [ 32.503833418381873, -0.362956025858466 ], [ 32.510223418387795, -0.367784025863102 ], [ 32.517971418395064, -0.362537025858046 ], [ 32.521408418398323, -0.360211025855961 ], [ 32.530307418406437, -0.360676025856492 ], [ 32.532135418408188, -0.3579200258539 ] ], [ [ 32.548564418423439, -0.371941025866818 ], [ 32.554500418429143, -0.364594025860015 ], [ 32.553588418428262, -0.360460025856128 ], [ 32.55199041842684, -0.359540025855267 ], [ 32.546512418421571, -0.364360025859924 ], [ 32.542404418417846, -0.364817025860248 ], [ 32.539890418415553, -0.374232025869105 ], [ 32.535099418410937, -0.372163025867167 ], [ 32.529621418405895, -0.372389025867278 ], [ 32.518665418395813, -0.3769760258715 ], [ 32.513416418390761, -0.371919025866873 ], [ 32.510448418388023, -0.371000025866124 ], [ 32.506340418384298, -0.373293025868179 ], [ 32.504970418382982, -0.376278025870988 ], [ 32.506340418384298, -0.379266025873676 ], [ 32.509819418387451, -0.382365025876652 ], [ 32.512272418389784, -0.384552025878747 ], [ 32.513183418390554, -0.38753802588144 ], [ 32.510902418388469, -0.392360025885864 ], [ 32.504966418382992, -0.396491025889873 ], [ 32.494690418373466, -0.410266025902501 ], [ 32.499942418378168, -0.412566025904653 ], [ 32.499485418377844, -0.416011025907892 ], [ 32.496971418375551, -0.419225025910919 ], [ 32.490581418369629, -0.418991025910827 ], [ 32.484649418363915, -0.412556025904678 ], [ 32.475975418356029, -0.415766025907715 ], [ 32.463191418343968, -0.416446025908272 ], [ 32.456802418338157, -0.411618025903863 ], [ 32.452007418333551, -0.410237025902461 ], [ 32.45109541833267, -0.412303025904521 ], [ 32.454746418336072, -0.417819025909694 ], [ 32.459766418340905, -0.420808025912493 ], [ 32.458850418340035, -0.425401025916699 ], [ 32.462276418343208, -0.426782025917873 ], [ 32.465335418346058, -0.426451025917686 ], [ 32.479168418358995, -0.424956025916345 ], [ 32.483047418362503, -0.426796025918065 ], [ 32.483959418363384, -0.429323025920439 ], [ 32.478019418357917, -0.442641025932744 ], [ 32.478019418357917, -0.447006025936844 ], [ 32.479847418359441, -0.448845025938454 ], [ 32.483955418363394, -0.447928025937699 ], [ 32.484638418364057, -0.449996025939527 ], [ 32.482582418362199, -0.455278025944608 ], [ 32.47870241835858, -0.458491025947524 ], [ 32.473453418353529, -0.45779902594677 ], [ 32.471851418352117, -0.465608025954225 ], [ 32.461349418342252, -0.476397025964161 ], [ 32.458381418339513, -0.477313025965032 ], [ 32.45313241833469, -0.475242025963098 ], [ 32.450164418331951, -0.479834025967421 ], [ 32.443771418325923, -0.484884025972178 ], [ 32.446052418328009, -0.488790025975732 ], [ 32.449020418330747, -0.489252025976157 ], [ 32.451072418332842, -0.49361802598014 ], [ 32.454269418335798, -0.494539025981112 ], [ 32.454578418336041, -0.493630025980337 ], [ 32.456550418337883, -0.487879025974962 ], [ 32.464767418345446, -0.493627025980231 ], [ 32.472759418353007, -0.493633025980216 ], [ 32.47892341835859, -0.488353025975357 ], [ 32.484630418364077, -0.489276025976096 ], [ 32.489196418368238, -0.487212025974259 ], [ 32.486915418366152, -0.478481025966175 ], [ 32.492622418371411, -0.470216025958507 ], [ 32.490570418369543, -0.466768025955162 ], [ 32.486232418365489, -0.465617025954089 ], [ 32.483951418363404, -0.461022025949887 ], [ 32.489658418368663, -0.45895802594805 ], [ 32.501072418379408, -0.461722025950621 ], [ 32.505867418383787, -0.460576025949422 ], [ 32.508834418386641, -0.457821025946942 ], [ 32.510662418388165, -0.453229025942619 ], [ 32.509063418386859, -0.448404025938089 ], [ 32.501987418380168, -0.442427025932602 ], [ 32.503360418381362, -0.440132025930325 ], [ 32.504726418382688, -0.439903025930107 ], [ 32.508838418386631, -0.439216025929454 ], [ 32.515915418393206, -0.435775025926432 ], [ 32.517284418394411, -0.43393802592459 ], [ 32.513404418390792, -0.427964025918982 ], [ 32.514316418391672, -0.425667025916937 ], [ 32.519569418396486, -0.425900025917144 ], [ 32.523220418399887, -0.423835025915196 ], [ 32.531212418407449, -0.410748025903104 ], [ 32.530758418407004, -0.407302025899753 ], [ 32.528244418404711, -0.404774025897495 ], [ 32.520256418397139, -0.406606025899237 ], [ 32.51455341839187, -0.400861025893846 ], [ 32.513183418390554, -0.397645025890824 ], [ 32.515010418392194, -0.393741025887266 ], [ 32.521858418398779, -0.390529025884234 ], [ 32.526195418402722, -0.382033025876353 ], [ 32.52916341840546, -0.379968025874405 ], [ 32.532814418408861, -0.38043002587483 ], [ 32.538749418414454, -0.390999025884639 ], [ 32.542400418417856, -0.394216025887545 ], [ 32.545139418420376, -0.393989025887549 ], [ 32.546516418421561, -0.392681025886304 ], [ 32.549247418424102, -0.390086025883875 ], [ 32.548336418423332, -0.388248025882149 ], [ 32.541031418416424, -0.384339025878489 ], [ 32.53920741841489, -0.379744025874061 ], [ 32.540805418416312, -0.376530025871261 ], [ 32.550163418424972, -0.37860302587319 ], [ 32.551532418426405, -0.37561702587027 ], [ 32.548564418423439, -0.371941025866818 ] ], [ [ 32.317081418207863, -0.476974025964637 ], [ 32.316398418207427, -0.473987025961833 ], [ 32.312519418203692, -0.474443025962273 ], [ 32.307491418199106, -0.47972302596736 ], [ 32.303386418195259, -0.478570025966292 ], [ 32.301559418193619, -0.479717025967375 ], [ 32.301555418193402, -0.484771025971895 ], [ 32.299499418191544, -0.489592025976435 ], [ 32.292873418185309, -0.497857025984104 ], [ 32.292522418185172, -0.500325025986513 ], [ 32.292415418185101, -0.501072025987241 ], [ 32.295154418187622, -0.503831025989712 ], [ 32.299949418192, -0.502916025988952 ], [ 32.299717418191904, -0.508659025994348 ], [ 32.289672418182363, -0.508421025994039 ], [ 32.288303418181158, -0.511176025996519 ], [ 32.292182418184666, -0.515084026000295 ], [ 32.293319418185774, -0.519909026004825 ], [ 32.295604418188077, -0.521290026006 ], [ 32.29468941818709, -0.526113026010535 ], [ 32.295829418188077, -0.528871026013121 ], [ 32.300849418192911, -0.531402026015485 ], [ 32.309295418200691, -0.529113026013192 ], [ 32.311351418202548, -0.52658702601093 ], [ 32.306106418197714, -0.516475026001444 ], [ 32.307251418198803, -0.51211202599734 ], [ 32.31113041820231, -0.511196025996696 ], [ 32.313415418204613, -0.5084420259941 ], [ 32.313873418205048, -0.504766025990648 ], [ 32.315700418206688, -0.504079025989995 ], [ 32.317981418208774, -0.506608025992364 ], [ 32.319809418210525, -0.505461025991281 ], [ 32.318897418209644, -0.499717025986001 ], [ 32.324379418214676, -0.49443902598091 ], [ 32.316619418207438, -0.488229025975215 ], [ 32.315025418206005, -0.484553025971763 ], [ 32.317081418207863, -0.476974025964637 ] ], [ [ 32.333519418223204, -0.476299025964181 ], [ 32.331233418221245, -0.476757025964616 ], [ 32.329178418219271, -0.480430025967962 ], [ 32.322788418213349, -0.48019502596776 ], [ 32.321872418212479, -0.482721025970022 ], [ 32.328262418218401, -0.487091025974223 ], [ 32.334884418224647, -0.486407025973449 ], [ 32.336254418225735, -0.484571025971718 ], [ 32.337165418226732, -0.482274025969673 ], [ 32.333519418223204, -0.476299025964181 ] ], [ [ 32.239925418136181, -0.475296025963189 ], [ 32.238784418135083, -0.473916025961898 ], [ 32.235363418131783, -0.474832025962769 ], [ 32.231933418128619, -0.480801025968276 ], [ 32.229423418126316, -0.481718025969258 ], [ 32.230560418127425, -0.489299025976152 ], [ 32.234214418130705, -0.485857025973019 ], [ 32.236953418133453, -0.486090025973226 ], [ 32.239925418136181, -0.475296025963189 ] ], [ [ 32.323936418214316, -0.462049025950819 ], [ 32.321884418212449, -0.460899025949857 ], [ 32.315033418205985, -0.461582025950293 ], [ 32.312294418203464, -0.463188025951922 ], [ 32.311836418203029, -0.465484025954083 ], [ 32.31891241820972, -0.466639025955146 ], [ 32.323936418214316, -0.462049025950819 ] ], [ [ 32.354305418242575, -0.439563025929829 ], [ 32.351337418239837, -0.434968025925627 ], [ 32.339927418229308, -0.435188025925754 ], [ 32.326683418216817, -0.440689025930851 ], [ 32.321663418212211, -0.439996025930213 ], [ 32.318923418209579, -0.437008025927526 ], [ 32.315731418206724, -0.437693025928183 ], [ 32.309104418200604, -0.44986202593941 ], [ 32.305679418197315, -0.453534025942872 ], [ 32.306362418197978, -0.45468302594395 ], [ 32.327590418217824, -0.456080025945312 ], [ 32.331470418221443, -0.454935025944224 ], [ 32.332153418222106, -0.460218025949189 ], [ 32.332767418222602, -0.46031302594929 ], [ 32.335121418224844, -0.460680025949614 ], [ 32.337177418226702, -0.459534025948415 ], [ 32.339462418228777, -0.454941025944208 ], [ 32.344711418233601, -0.451959025941505 ], [ 32.346084418235023, -0.446678025936535 ], [ 32.35293241824138, -0.443467025933614 ], [ 32.354305418242575, -0.439563025929829 ] ], [ [ 32.392467418278102, -0.39189102588557 ], [ 32.390159418275971, -0.390438025884123 ], [ 32.381485418267857, -0.393647025887049 ], [ 32.373497418260513, -0.39111402588469 ], [ 32.370071418257339, -0.391800025885459 ], [ 32.365734418253169, -0.397998025891184 ], [ 32.357517418245607, -0.398681025891847 ], [ 32.350666418239143, -0.401891025894884 ], [ 32.345417418234319, -0.406710025899201 ], [ 32.345184418234112, -0.411074025903417 ], [ 32.347923418236633, -0.417967025909775 ], [ 32.351345418239816, -0.417510025909451 ], [ 32.352714418241248, -0.42371402591516 ], [ 32.354538418242782, -0.424634025916021 ], [ 32.355220418243562, -0.427620025918714 ], [ 32.358646418246735, -0.428082025919139 ], [ 32.365951418253417, -0.424643025915884 ], [ 32.36755041825495, -0.420510025912108 ], [ 32.360248418248148, -0.41751802590943 ], [ 32.359790418247712, -0.415221025907158 ], [ 32.363674418251321, -0.410859025903164 ], [ 32.363903418251539, -0.408563025901003 ], [ 32.37097941825823, -0.406731025899262 ], [ 32.373947418260968, -0.408111025900553 ], [ 32.373260418260315, -0.415461025907462 ], [ 32.375541418262401, -0.416381025908322 ], [ 32.379653418266344, -0.410872025903245 ], [ 32.384902418271167, -0.410417025902689 ], [ 32.389919418275895, -0.417771025909587 ], [ 32.394260418279828, -0.411114025903316 ], [ 32.402252418287389, -0.40698502589953 ], [ 32.405677418290452, -0.402394025895319 ], [ 32.403167418288149, -0.398257025891326 ], [ 32.397003418282338, -0.403995025896847 ], [ 32.39220841827796, -0.404221025896959 ], [ 32.3940354182796, -0.396183025889513 ], [ 32.392467418278102, -0.39189102588557 ] ], [ [ 32.42143241830513, -0.381275025875539 ], [ 32.41869341830261, -0.380583025875012 ], [ 32.413444418297786, -0.383106025877396 ], [ 32.403629418288574, -0.383328025877518 ], [ 32.404312418289237, -0.387004025880969 ], [ 32.411159418295483, -0.388846025882685 ], [ 32.412754418297027, -0.393671025887215 ], [ 32.414810418298885, -0.394821025888177 ], [ 32.414810418298885, -0.388390025882245 ], [ 32.418006418301957, -0.388622025882341 ], [ 32.420513418304381, -0.395744025889144 ], [ 32.423938418307443, -0.396206025889569 ], [ 32.425308418308759, -0.39276102588633 ], [ 32.42143241830513, -0.381275025875539 ] ], [ [ 32.304805418196565, -0.370155025865188 ], [ 32.304580418196338, -0.359360025855267 ], [ 32.297733418189864, -0.358436025854417 ], [ 32.292026418184605, -0.362105025857772 ], [ 32.289283418182094, -0.371290025866301 ], [ 32.284488418177716, -0.376109025870846 ], [ 32.284030418177281, -0.37863602587322 ], [ 32.288593418181335, -0.381625025876019 ], [ 32.283340418176522, -0.388741025882609 ], [ 32.29547841818794, -0.395152025888592 ], [ 32.297718418190016, -0.396333025889589 ], [ 32.299537418191676, -0.403915025896595 ], [ 32.302734418194632, -0.405296025897997 ], [ 32.305477418197142, -0.399326025892378 ], [ 32.308670418200109, -0.400018025893132 ], [ 32.309353418200772, -0.403464025896255 ], [ 32.305011418196727, -0.415404025907492 ], [ 32.306835418198489, -0.419540025911147 ], [ 32.310260418201551, -0.420462025912002 ], [ 32.312084418203312, -0.4188560259106 ], [ 32.31414441820516, -0.409899025902178 ], [ 32.319622418210429, -0.408296025900654 ], [ 32.325565418215774, -0.389696025883495 ], [ 32.325111418215556, -0.387629025881552 ], [ 32.316661418207559, -0.392215025885889 ], [ 32.314380418205474, -0.390606025884381 ], [ 32.314155418205246, -0.385552025879633 ], [ 32.318271418209179, -0.36993802586494 ], [ 32.316219418207083, -0.363964025859559 ], [ 32.312564418203692, -0.364650025860101 ], [ 32.308227418199749, -0.370618025865724 ], [ 32.304805418196565, -0.370155025865188 ] ], [ [ 32.381927418268333, -0.325461025823643 ], [ 32.381054418267468, -0.323824025822205 ], [ 32.378086418264729, -0.323363025821664 ], [ 32.376030418262872, -0.326806025824908 ], [ 32.376941418263641, -0.331171025829008 ], [ 32.371235418258493, -0.337368025834621 ], [ 32.373973418260903, -0.340355025837425 ], [ 32.380363418266825, -0.341968025838923 ], [ 32.383098418269356, -0.344956025841839 ], [ 32.38264041826892, -0.351157025847442 ], [ 32.387889418273971, -0.351391025847761 ], [ 32.39085741827671, -0.355986025851962 ], [ 32.388115418274083, -0.359889025855637 ], [ 32.377388418264218, -0.364474025859863 ], [ 32.370769418258078, -0.363780025859342 ], [ 32.358448418246553, -0.354353025850514 ], [ 32.355022418243379, -0.355269025851385 ], [ 32.351596418240206, -0.358712025854629 ], [ 32.351139418239654, -0.361697025857438 ], [ 32.359809418247778, -0.371120025866048 ], [ 32.368938418256221, -0.372736025867653 ], [ 32.374874418261697, -0.372052025867106 ], [ 32.381492418267953, -0.36815202586331 ], [ 32.40865341829317, -0.366335025861645 ], [ 32.422123418305773, -0.361982025857742 ], [ 32.423721418307196, -0.360375025856229 ], [ 32.419612418303359, -0.358535025854508 ], [ 32.408885418293494, -0.35783802585388 ], [ 32.405693418290412, -0.351174025847513 ], [ 32.399532418284707, -0.345888025842669 ], [ 32.399765418284915, -0.336471025833816 ], [ 32.39268841827834, -0.338532025835775 ], [ 32.391090418276917, -0.33623502583373 ], [ 32.390182418276027, -0.329114025827039 ], [ 32.38424641827055, -0.329798025827586 ], [ 32.381927418268333, -0.325461025823643 ] ], [ [ 32.479644418359385, -0.336528025834014 ], [ 32.477134418357082, -0.337215025834666 ], [ 32.475078418355224, -0.339970025837147 ], [ 32.468460418348968, -0.337439025834783 ], [ 32.466407418346989, -0.340194025837263 ], [ 32.466407418346989, -0.343638025840619 ], [ 32.450656418332301, -0.34822102584485 ], [ 32.447006418329011, -0.347990025844638 ], [ 32.445865418327912, -0.344313025841075 ], [ 32.446552418328565, -0.340409025837516 ], [ 32.444725418326925, -0.33811102583536 ], [ 32.439018418321439, -0.339715025836995 ], [ 32.43764841832035, -0.342241025839257 ], [ 32.439930418322319, -0.351889025848322 ], [ 32.427825418311159, -0.365431025860744 ], [ 32.427597418310825, -0.368646025863882 ], [ 32.438556418321014, -0.364980025860405 ], [ 32.44266541832485, -0.364752025860298 ], [ 32.446315418328368, -0.366593025861903 ], [ 32.444198418326323, -0.367718025863041 ], [ 32.434673418317516, -0.372786025867754 ], [ 32.429191418312485, -0.377834025872289 ], [ 32.428508418311822, -0.380590025874881 ], [ 32.42987841831291, -0.382659025876819 ], [ 32.432842418315886, -0.382890025877032 ], [ 32.437866418320482, -0.381056025875296 ], [ 32.451561418333313, -0.38083702587528 ], [ 32.453846418335388, -0.374407025869232 ], [ 32.458408418339559, -0.372803025867597 ], [ 32.477809418357765, -0.373504025868442 ], [ 32.478496418358191, -0.37258702586746 ], [ 32.476440418356333, -0.368910025864125 ], [ 32.467769418348325, -0.366837025862196 ], [ 32.463203418344165, -0.36729402586252 ], [ 32.461837418342839, -0.362929025858421 ], [ 32.458870418339984, -0.362238025857778 ], [ 32.457729418338886, -0.359480025855191 ], [ 32.461380418342287, -0.355579025851739 ], [ 32.466632418347217, -0.353055025849244 ], [ 32.475303418355224, -0.353061025849229 ], [ 32.477588418357527, -0.348010025844587 ], [ 32.481239418360929, -0.347094025843717 ], [ 32.483066418362569, -0.351459025847817 ], [ 32.484661418364112, -0.351230025847599 ], [ 32.489002418368045, -0.342046025838954 ], [ 32.487632418366729, -0.339060025836261 ], [ 32.482383418361906, -0.340204025837238 ], [ 32.479644418359385, -0.336528025834014 ] ], [ [ 32.368042418255527, -0.325422025823627 ], [ 32.36119841824916, -0.319215025817812 ], [ 32.358688418246629, -0.323117025821375 ], [ 32.360740418248724, -0.327253025825257 ], [ 32.365989418253548, -0.328636025826654 ], [ 32.368042418255527, -0.325422025823627 ] ], [ [ 32.475082418355214, -0.322515025820849 ], [ 32.480564418360245, -0.319533025818146 ], [ 32.476455418356409, -0.317463025816096 ], [ 32.471889418352248, -0.318838025817513 ], [ 32.467552418348077, -0.321820025820216 ], [ 32.469608418349935, -0.323430025821835 ], [ 32.475082418355214, -0.322515025820849 ] ], [ [ 32.443130418325381, -0.326167025824361 ], [ 32.431038418314074, -0.319957025818439 ], [ 32.428298418311442, -0.320415025818875 ], [ 32.430122418313204, -0.324091025822327 ], [ 32.441532418323959, -0.327544025825546 ], [ 32.443130418325381, -0.326167025824361 ] ], [ [ 32.573673418447015, -0.355648025851679 ], [ 32.576187418449308, -0.350596025846926 ], [ 32.574588418447775, -0.348069025844779 ], [ 32.570709418444267, -0.346689025843489 ], [ 32.567054418440875, -0.351739025848019 ], [ 32.560894418435055, -0.353803025850084 ], [ 32.562034418436042, -0.361383025857094 ], [ 32.573673418447015, -0.355648025851679 ] ], [ [ 32.171939418072725, -0.41619502590811 ], [ 32.171260418072052, -0.407466025900021 ], [ 32.168975418069977, -0.40654502589905 ], [ 32.167377418068554, -0.410448025902724 ], [ 32.167602418068782, -0.415042025907042 ], [ 32.164405418065826, -0.415268025907153 ], [ 32.164859418066271, -0.419174025910934 ], [ 32.166458418067577, -0.419865025911577 ], [ 32.171939418072725, -0.41619502590811 ] ], [ [ 33.672268419470129, -0.013794025533343 ], [ 33.674083419471799, -0.007134025527193 ], [ 33.677528419475038, -0.002503025522856 ], [ 33.66478341946322, -0.002503025522856 ], [ 33.65436541945337, -0.002503025522856 ], [ 33.648761419448192, -0.008303025528221 ], [ 33.647895419447423, -0.00859402552851 ], [ 33.644657419444457, -0.009683025529512 ], [ 33.6405564194406, -0.013819025533394 ], [ 33.637142419437396, -0.020249025539442 ], [ 33.632354419432886, -0.024156025543107 ], [ 33.632129419432658, -0.026682025545369 ], [ 33.636238419436495, -0.028057025546559 ], [ 33.640342419440458, -0.027135025545704 ], [ 33.649917419449366, -0.020699025539898 ], [ 33.656536419455506, -0.022531025541412 ], [ 33.657901419456721, -0.020923025540014 ], [ 33.656070419455091, -0.015873025535257 ], [ 33.656982419455744, -0.014265025533859 ], [ 33.669311419467249, -0.022061025541007 ], [ 33.67296241947065, -0.022747025541776 ], [ 33.674099419471759, -0.020910025539933 ], [ 33.672268419470129, -0.013794025533343 ] ] ] } },
{ "type": "Feature", "properties": { "ISO": "UGA", "COUNTRY": "Uganda", "F_CODE_DES": "Inland Water", "HYC_DESCRI": "Perennial/Permanent", "NAME": "LAKE VICTORIA" }, "geometry": { "type": "Polygon", "coordinates": [ [ [ 32.75783141861848, -0.000000025520421 ], [ 32.767055418627024, -0.000000025520421 ], [ 32.766498418626497, -0.003247025523478 ], [ 32.764675418624847, -0.005542025525756 ], [ 32.75874341861936, -0.005310025525432 ], [ 32.75783141861848, -0.000000025520421 ] ] ] } },
{ "type": "Feature", "properties": { "ISO": "UGA", "COUNTRY": "Uganda", "F_CODE_DES": "Inland Water", "HYC_DESCRI": "Perennial/Permanent", "NAME": "UNK" }, "geometry": { "type": "Polygon", "coordinates": [ [ [ 29.976095416027647, -0.067000025582956 ], [ 29.973602416025415, -0.069541025585295 ], [ 29.965845416018283, -0.069362025585178 ], [ 29.963094416015565, -0.067313025583189 ], [ 29.963302416015949, -0.064327025580496 ], [ 29.969200416021295, -0.059468025575825 ], [ 29.972854416024802, -0.060134025576417 ], [ 29.976095416027647, -0.067000025582956 ] ] ] } },
{ "type": "Feature", "properties": { "ISO": "UGA", "COUNTRY": "Uganda", "F_CODE_DES": "Inland Water", "HYC_DESCRI": "Perennial/Permanent", "NAME": "LAKE EDWARD" }, "geometry": { "type": "Polygon", "coordinates": [ [ [ 29.882364415940401, -0.206056025712314 ], [ 29.880537415938761, -0.212455025718327 ], [ 29.879869415938174, -0.212716025718692 ], [ 29.875810415934438, -0.219859025725327 ], [ 29.876266415934879, -0.227038025731872 ], [ 29.876319415934859, -0.227893025732783 ], [ 29.882362415940406, -0.244618025748423 ], [ 29.884483415942441, -0.254937025757954 ], [ 29.876848415935228, -0.273585025775219 ], [ 29.871727415930536, -0.293136025793501 ], [ 29.866081415925237, -0.302128025801949 ], [ 29.857666415917492, -0.306314025805705 ], [ 29.854723415914805, -0.309777025809126 ], [ 29.855419415915321, -0.311840025810852 ], [ 29.860731415920327, -0.321451025819897 ], [ 29.860763415920246, -0.326273025824321 ], [ 29.854902415914921, -0.337333025834596 ], [ 29.852398415912603, -0.338267025835648 ], [ 29.850591415910912, -0.34103502583821 ], [ 29.846714415907172, -0.341288025838367 ], [ 29.843311415904054, -0.344524025841338 ], [ 29.838743415899899, -0.34386402584073 ], [ 29.832618415894103, -0.349643025846035 ], [ 29.831058415892585, -0.355165025851193 ], [ 29.827415415889391, -0.35656502585266 ], [ 29.824512415886602, -0.366458025861903 ], [ 29.821853415884107, -0.370103025865092 ], [ 29.817274415879865, -0.376379025871074 ], [ 29.821617415883793, -0.377271025871778 ], [ 29.81813841588064, -0.381810025876121 ], [ 29.81595841587864, -0.384654025878717 ], [ 29.805727415869114, -0.390230025883966 ], [ 29.803703415867176, -0.393119025886563 ], [ 29.801202415864964, -0.396688025889944 ], [ 29.7959694158601, -0.398788025891918 ], [ 29.788414415852912, -0.397316025890632 ], [ 29.786827415851576, -0.397007025890161 ], [ 29.783193415848018, -0.399556025892707 ], [ 29.777244415842461, -0.397296025890455 ], [ 29.772697415838365, -0.400080025893203 ], [ 29.765625415831664, -0.408355025900846 ], [ 29.764949415831097, -0.40914502590158 ], [ 29.759222415825661, -0.412768025904825 ], [ 29.758945415825565, -0.409698025902117 ], [ 29.764879415831047, -0.403529025896432 ], [ 29.761949415828212, -0.403352025896083 ], [ 29.751785415818858, -0.413070025905199 ], [ 29.749298415816611, -0.416759025908732 ], [ 29.749767415816905, -0.418594025910352 ], [ 29.747759415815153, -0.425726025916902 ], [ 29.737772415805694, -0.434285025924964 ], [ 29.739391415807404, -0.43795002592833 ], [ 29.732561415801001, -0.440518025930714 ], [ 29.729599415798248, -0.441225025931544 ], [ 29.727504415796147, -0.434807025925465 ], [ 29.701570415772039, -0.448057025937715 ], [ 29.684244415755984, -0.450917025940498 ], [ 29.676471415748665, -0.449127025938878 ], [ 29.658729415732296, -0.458650025947691 ], [ 29.65834441573179, -0.459321025948384 ], [ 29.65834441573179, -0.458338025947342 ], [ 29.65834441573179, -0.450005025939618 ], [ 29.65834441573179, -0.441671025931782 ], [ 29.65834441573179, -0.433338025924058 ], [ 29.65834441573179, -0.425005025916334 ], [ 29.65834441573179, -0.416671025908499 ], [ 29.666677415739514, -0.416671025908499 ], [ 29.666677415739514, -0.408338025900775 ], [ 29.666677415739514, -0.400005025893051 ], [ 29.666677415739514, -0.391671025885216 ], [ 29.666677415739514, -0.383338025877492 ], [ 29.666677415739514, -0.375005025869768 ], [ 29.675010415747238, -0.375005025869768 ], [ 29.675010415747238, -0.366671025861933 ], [ 29.675010415747238, -0.358338025854209 ], [ 29.675010415747238, -0.350005025846485 ], [ 29.675010415747238, -0.34167102583865 ], [ 29.675010415747238, -0.333338025830926 ], [ 29.675010415747238, -0.325005025823202 ], [ 29.683344415755073, -0.325005025823202 ], [ 29.683344415755073, -0.316671025815367 ], [ 29.683344415755073, -0.308338025807643 ], [ 29.683344415755073, -0.300005025799919 ], [ 29.683344415755073, -0.291671025792084 ], [ 29.683344415755073, -0.28333802578436 ], [ 29.691677415762797, -0.28333802578436 ], [ 29.691677415762797, -0.275005025776636 ], [ 29.691677415762797, -0.266671025768801 ], [ 29.691677415762797, -0.258338025761077 ], [ 29.691677415762797, -0.250005025753353 ], [ 29.700010415770521, -0.250005025753353 ], [ 29.700010415770521, -0.241671025745518 ], [ 29.700010415770521, -0.233338025737794 ], [ 29.700010415770521, -0.22500502573007 ], [ 29.700010415770521, -0.216671025722235 ], [ 29.700010415770521, -0.208338025714511 ], [ 29.700010415770521, -0.200005025706787 ], [ 29.708343415778472, -0.200005025706787 ], [ 29.708343415778472, -0.191671025698952 ], [ 29.708343415778472, -0.183338025691228 ], [ 29.708343415778472, -0.175005025683504 ], [ 29.708343415778472, -0.166671025675669 ], [ 29.716676415786196, -0.166671025675669 ], [ 29.716676415786196, -0.158338025667945 ], [ 29.716676415786196, -0.150005025660221 ], [ 29.716676415786196, -0.141671025652386 ], [ 29.716676415786196, -0.133338025644662 ], [ 29.725011415793915, -0.133338025644662 ], [ 29.725011415793915, -0.125005025636938 ], [ 29.725011415793915, -0.116671025629103 ], [ 29.725011415793915, -0.108338025621379 ], [ 29.725011415793915, -0.100005025613655 ], [ 29.725011415793915, -0.09167102560582 ], [ 29.725011415793915, -0.083338025598096 ], [ 29.725011415793915, -0.076420025591688 ], [ 29.73434241580253, -0.076548025591819 ], [ 29.736845415804964, -0.075384025590665 ], [ 29.738201415806088, -0.075795025591106 ], [ 29.742788415810537, -0.077185025592371 ], [ 29.748527415815715, -0.082889025597751 ], [ 29.749544415816672, -0.079965025594902 ], [ 29.74757241581483, -0.076008025591364 ], [ 29.753938415820812, -0.072755025588322 ], [ 29.755310415822123, -0.073205025588777 ], [ 29.755126415821906, -0.080324025595246 ], [ 29.756736415823525, -0.082380025597331 ], [ 29.753549415820544, -0.083318025598146 ], [ 29.756126415822791, -0.093863025608016 ], [ 29.757732415824421, -0.095230025609226 ], [ 29.762271415828536, -0.091529025605723 ], [ 29.761860415828323, -0.098649025612303 ], [ 29.763240415829614, -0.100477025614055 ], [ 29.766668415832783, -0.101374025614859 ], [ 29.764865415831082, -0.104829025618074 ], [ 29.768754415834564, -0.106412025619647 ], [ 29.768116415834129, -0.113534025626223 ], [ 29.772007415837606, -0.115346025628014 ], [ 29.775255415840775, -0.124051025635936 ], [ 29.77753641584286, -0.12380702563587 ], [ 29.780776415845821, -0.131134025642723 ], [ 29.784879415849673, -0.130420025642024 ], [ 29.788850415853403, -0.127720025639519 ], [ 29.797826415861664, -0.121616025633784 ], [ 29.802614415866174, -0.121127025633314 ], [ 29.805381415868851, -0.125931025637783 ], [ 29.807665415870815, -0.126146025638036 ], [ 29.807689415870982, -0.129820025641493 ], [ 29.812994415875892, -0.138741025649779 ], [ 29.81373241587653, -0.147002025657457 ], [ 29.812624415875462, -0.151831025661977 ], [ 29.811504415874424, -0.15528102566509 ], [ 29.815652415878276, -0.161684025671093 ], [ 29.817939415880346, -0.162359025671776 ], [ 29.82116541588357, -0.167161025676251 ], [ 29.823453415885524, -0.168295025677253 ], [ 29.824853415886992, -0.173108025681813 ], [ 29.830766415892413, -0.170316025679085 ], [ 29.834671415896082, -0.17419502568282 ], [ 29.83718341589838, -0.174408025682851 ], [ 29.840130415901058, -0.171635025680416 ], [ 29.852867415912897, -0.165585025674773 ], [ 29.857616415917391, -0.159127025668795 ], [ 29.860569415920054, -0.157271025666887 ], [ 29.864864415924103, -0.151046025661117 ], [ 29.861196415920858, -0.14854302565891 ], [ 29.860260415919811, -0.144875025655438 ], [ 29.863206415922605, -0.141872025652674 ], [ 29.870525415929478, -0.14458102565527 ], [ 29.876485415934894, -0.148906025659244 ], [ 29.884017415942026, -0.149547025659786 ], [ 29.887878415945579, -0.146768025657138 ], [ 29.895166415952417, -0.144885025655412 ], [ 29.898384415955434, -0.148309025658591 ], [ 29.900667415957514, -0.148524025658844 ], [ 29.905431415961857, -0.144591025655245 ], [ 29.908441415964717, -0.151000025661233 ], [ 29.906469415962874, -0.163412025672642 ], [ 29.899904415956826, -0.171260025680112 ], [ 29.895874415953131, -0.182995025690843 ], [ 29.892246415949558, -0.186233025694037 ], [ 29.888776415946495, -0.179136025687285 ], [ 29.885818415943731, -0.180303025688318 ], [ 29.880390415938564, -0.187684025695262 ], [ 29.882019415940249, -0.192267025699493 ], [ 29.881877415939925, -0.205815025712127 ], [ 29.882364415940401, -0.206056025712314 ] ] ] } },
{ "type": "Feature", "properties": { "ISO": "UGA", "COUNTRY": "Uganda", "F_CODE_DES": "Inland Water", "HYC_DESCRI": "Perennial/Permanent", "NAME": "UNK" }, "geometry": { "type": "Polygon", "coordinates": [ [ [ 29.984266416035325, -0.09472702560879 ], [ 29.979709416031028, -0.09567502560958 ], [ 29.975130416026786, -0.093178025607358 ], [ 29.979871416031301, -0.085801025600404 ], [ 29.986713416037674, -0.08552802560007 ], [ 29.985847416036904, -0.092421025606654 ], [ 29.984266416035325, -0.09472702560879 ] ] ] } },
{ "type": "Feature", "properties": { "ISO": "UGA", "COUNTRY": "Uganda", "F_CODE_DES": "Inland Water", "HYC_DESCRI": "Perennial/Permanent", "NAME": "LAKE KATWE" }, "geometry": { "type": "Polygon", "coordinates": [ [ [ 29.864534415923799, -0.135434025646646 ], [ 29.861116415920606, -0.136145025647238 ], [ 29.858142415917882, -0.135015025646226 ], [ 29.856302415916161, -0.132501025643933 ], [ 29.855808415915817, -0.126765025638633 ], [ 29.858980415918722, -0.123531025635657 ], [ 29.868332415927398, -0.123243025635247 ], [ 29.872417415931295, -0.120002025632175 ], [ 29.876062415934484, -0.119291025631583 ], [ 29.875869415934403, -0.124572025636553 ], [ 29.873611415932373, -0.128031025639757 ], [ 29.868143415927307, -0.129213025640865 ], [ 29.864534415923799, -0.135434025646646 ] ] ] } },
{ "type": "Feature", "properties": { "ISO": "UGA", "COUNTRY": "Uganda", "F_CODE_DES": "Inland Water", "HYC_DESCRI": "Perennial/Permanent", "NAME": "LAKE GEORGE" }, "geometry": { "type": "Polygon", "coordinates": [ [ [ 30.000000416049943, -0.15752702566715 ], [ 29.999061416049244, -0.157770025667332 ], [ 29.99565941604601, -0.160777025670313 ], [ 29.989353416040103, -0.172986025681666 ], [ 29.984359416035431, -0.177151025685589 ], [ 29.967008416019326, -0.17519602568359 ], [ 29.963821416016344, -0.176364025684734 ], [ 29.96046441601311, -0.181832025689801 ], [ 29.954341416007537, -0.191808025699174 ], [ 29.951389416004758, -0.193894025701184 ], [ 29.942463415996372, -0.189588025697049 ], [ 29.936296415990682, -0.188709025696198 ], [ 29.928493415983439, -0.181870025689932 ], [ 29.925979415981146, -0.181197025689244 ], [ 29.91619141597198, -0.184704025692554 ], [ 29.905018415961649, -0.185463025693252 ], [ 29.904905415961366, -0.202914025709561 ], [ 29.880537415938761, -0.212455025718327 ], [ 29.882364415940401, -0.206056025712314 ], [ 29.883710415941778, -0.206721025713023 ], [ 29.890085415947624, -0.204615025711064 ], [ 29.896894415953966, -0.199291025706088 ], [ 29.897730415954811, -0.19772702570458 ], [ 29.898246415955327, -0.196757025703846 ], [ 29.897066415954214, -0.190565025697879 ], [ 29.899307415956173, -0.184351025692195 ], [ 29.906335415962758, -0.177878025686141 ], [ 29.914106415970082, -0.179665025687882 ], [ 29.920915415976424, -0.174341025682907 ], [ 29.929822415984745, -0.175662025684005 ], [ 29.936473415990804, -0.181131025689183 ], [ 29.940353415994423, -0.181106025689132 ], [ 29.943794415997672, -0.183840025691779 ], [ 29.952234416005467, -0.18355602569136 ], [ 29.954961416008018, -0.18216102569022 ], [ 29.954467416007674, -0.17642402568481 ], [ 29.957834416010655, -0.167907025676868 ], [ 29.974710416026483, -0.166880025675937 ], [ 29.981796416033148, -0.16890202567788 ], [ 29.982923416034055, -0.166828025675841 ], [ 29.981523416032815, -0.162245025671609 ], [ 29.983099416034293, -0.161325025670749 ], [ 29.986295416037365, -0.159459025669094 ], [ 29.993995416044527, -0.150915025661106 ], [ 30.000000416049943, -0.149189025659552 ], [ 30.000000416049943, -0.15752702566715 ] ] ] } },
{ "type": "Feature", "properties": { "ISO": "UGA", "COUNTRY": "Uganda", "F_CODE_DES": "Inland Water", "HYC_DESCRI": "Perennial/Permanent", "NAME": "LAKE KYAMWIGA" }, "geometry": { "type": "Polygon", "coordinates": [ [ [ 30.151056416190613, -0.197648025704666 ], [ 30.142400416182682, -0.199771025706468 ], [ 30.132309416173257, -0.192261025699509 ], [ 30.13206441617308, -0.189737025697241 ], [ 30.141824416182089, -0.182325025690261 ], [ 30.145288416185394, -0.188272025695824 ], [ 30.15031641618998, -0.189617025697089 ], [ 30.151056416190613, -0.197648025704666 ] ] ] } },
{ "type": "Feature", "properties": { "ISO": "UGA", "COUNTRY": "Uganda", "F_CODE_DES": "Inland Water", "HYC_DESCRI": "Perennial/Permanent", "NAME": "LAKE MIRAMBI" }, "geometry": { "type": "Polygon", "coordinates": [ [ [ 30.103876416146704, -0.238142025742263 ], [ 30.098407416141754, -0.239326025743367 ], [ 30.096574416139902, -0.238190025742369 ], [ 30.099056416142275, -0.234040025738523 ], [ 30.099466416142604, -0.227150025732044 ], [ 30.10334941614633, -0.228042025732975 ], [ 30.103876416146704, -0.238142025742263 ] ] ] } },
{ "type": "Feature", "properties": { "ISO": "UGA", "COUNTRY": "Uganda", "F_CODE_DES": "Inland Water", "HYC_DESCRI": "Perennial/Permanent", "NAME": "LAKE KARIYA" }, "geometry": { "type": "Polygon", "coordinates": [ [ [ 30.159318416198403, -0.237777025741934 ], [ 30.153406416192865, -0.240571025744657 ], [ 30.15020541618992, -0.239673025743741 ], [ 30.148817416188649, -0.236927025741124 ], [ 30.149702416189484, -0.233018025737465 ], [ 30.160884416199906, -0.233174025737753 ], [ 30.162036416200863, -0.234773025739059 ], [ 30.159318416198403, -0.237777025741934 ] ] ] } },
{ "type": "Feature", "properties": { "ISO": "UGA", "COUNTRY": "Uganda", "F_CODE_DES": "Inland Water", "HYC_DESCRI": "Perennial/Permanent", "NAME": "LAKE NYAMUSINGIRE" }, "geometry": { "type": "Polygon", "coordinates": [ [ [ 30.032663416080368, -0.302444025802288 ], [ 30.028329416076303, -0.302931025802536 ], [ 30.025089416073342, -0.295833025796128 ], [ 30.022792416071297, -0.293781025794033 ], [ 30.007486416056963, -0.291124025791532 ], [ 30.00724641605666, -0.289519025790241 ], [ 30.015897416064718, -0.286477025787235 ], [ 30.0217914160703, -0.280468025781829 ], [ 30.028213416076369, -0.285479025786344 ], [ 30.036661416084144, -0.286113025787017 ], [ 30.040344416087692, -0.290912025791386 ], [ 30.03764941608506, -0.297359025797505 ], [ 30.032663416080368, -0.302444025802288 ] ] ] } },
{ "type": "Feature", "properties": { "ISO": "UGA", "COUNTRY": "Uganda", "F_CODE_DES": "Inland Water", "HYC_DESCRI": "Perennial/Permanent", "NAME": "LAKE MUGOGO" }, "geometry": { "type": "Polygon", "coordinates": [ [ [ 30.12165441616321, -0.301863025801595 ], [ 30.118028416159859, -0.305790025805209 ], [ 30.115736416157915, -0.303969025803553 ], [ 30.119348416161074, -0.298433025798431 ], [ 30.118393416160188, -0.292239025792696 ], [ 30.124759416166171, -0.288753025789447 ], [ 30.12591741616734, -0.29127102579173 ], [ 30.125023416166414, -0.294032025794422 ], [ 30.12165441616321, -0.301863025801595 ] ] ] } },
{ "type": "Feature", "properties": { "ISO": "UGA", "COUNTRY": "Uganda", "F_CODE_DES": "Inland Water", "HYC_DESCRI": "Perennial/Permanent", "NAME": "LAKE NABUGABO" }, "geometry": { "type": "Polygon", "coordinates": [ [ [ 31.89948041781895, -0.33409902583162 ], [ 31.911117417829928, -0.337330025834717 ], [ 31.925497417843189, -0.336661025834019 ], [ 31.92813841784573, -0.337752025835016 ], [ 31.928785417846257, -0.338020025835249 ], [ 31.930515417848028, -0.338734025835947 ], [ 31.93872441785561, -0.347243025843909 ], [ 31.939861417856719, -0.351609025847893 ], [ 31.928226417845735, -0.363291025858871 ], [ 31.91750341783586, -0.374058025868862 ], [ 31.911306417830019, -0.380280025874754 ], [ 31.907644417826759, -0.381810025876121 ], [ 31.905826417824983, -0.382570025876703 ], [ 31.895782417815553, -0.383474025877604 ], [ 31.888475417808877, -0.386680025880651 ], [ 31.880258417801087, -0.385750025879815 ], [ 31.873872417795155, -0.381606025875953 ], [ 31.870496417792083, -0.376674025871353 ], [ 31.867262417789107, -0.37195102586702 ], [ 31.866582417788322, -0.367815025863138 ], [ 31.871158417792685, -0.35564902585179 ], [ 31.882354417803072, -0.342803025839657 ], [ 31.890340417810421, -0.33720802583457 ], [ 31.894458417814349, -0.334322025831852 ], [ 31.89948041781895, -0.33409902583162 ] ] ] } },
{ "type": "Feature", "properties": { "ISO": "UGA", "COUNTRY": "Uganda", "F_CODE_DES": "Inland Water", "HYC_DESCRI": "Perennial/Permanent", "NAME": "LAKE KACHIRA" }, "geometry": { "type": "Polygon", "coordinates": [ [ [ 31.191700417159836, -0.479361025966909 ], [ 31.177297417146519, -0.491273025977989 ], [ 31.172958417142354, -0.492183025978875 ], [ 31.163375417133466, -0.488944025975798 ], [ 31.158350417128759, -0.491001025977766 ], [ 31.155830417126481, -0.496508025982848 ], [ 31.16152541713177, -0.501804025987894 ], [ 31.15763241712807, -0.509147025994707 ], [ 31.159671417130085, -0.516961026002036 ], [ 31.154403417125195, -0.526368026010687 ], [ 31.155761417126314, -0.533492026017257 ], [ 31.152336417123252, -0.533944026017707 ], [ 31.148462417119617, -0.530029026014063 ], [ 31.142982417114581, -0.530706026014741 ], [ 31.141603417113174, -0.535297026018952 ], [ 31.143869417115411, -0.545181026028331 ], [ 31.142715417114232, -0.551380026033939 ], [ 31.132183417104443, -0.56812602604964 ], [ 31.129419417101872, -0.58098602606151 ], [ 31.120952417094031, -0.591304026071157 ], [ 31.11645141708982, -0.599755026079038 ], [ 31.113620417087077, -0.605070026083922 ], [ 31.109506417083367, -0.607129026085886 ], [ 31.099437417073887, -0.619511026097371 ], [ 31.097374417071933, -0.624101026101698 ], [ 31.098053417072606, -0.627549026105044 ], [ 31.106021417080001, -0.638595026115354 ], [ 31.10578741707991, -0.641811026118148 ], [ 31.100074417074438, -0.64455502612077 ], [ 31.098463417072935, -0.651903026127684 ], [ 31.093891417068789, -0.653960026129653 ], [ 31.0927414170676, -0.659241026134396 ], [ 31.089309417064442, -0.662679026137766 ], [ 31.084968417060509, -0.663359026138323 ], [ 31.078807417054804, -0.66127602613642 ], [ 31.076870417052987, -0.659456026134649 ], [ 31.072427417048857, -0.655288026130847 ], [ 31.069242417045871, -0.649536026125361 ], [ 31.070846417047278, -0.646323026122445 ], [ 31.074047417050224, -0.644723026121028 ], [ 31.07678441705275, -0.645189026121443 ], [ 31.080814417056672, -0.652910026128666 ], [ 31.081106417056844, -0.653470026129071 ], [ 31.083618417059142, -0.653706026129385 ], [ 31.085224417060772, -0.649574026125492 ], [ 31.08340841705899, -0.644515026120871 ], [ 31.086160417061592, -0.638089026114812 ], [ 31.084795417060377, -0.63532802611212 ], [ 31.080007417055867, -0.631642026108693 ], [ 31.080705417056606, -0.624751026102331 ], [ 31.078651417054516, -0.624516026102128 ], [ 31.077514417053635, -0.622446026100306 ], [ 31.080034417055913, -0.617627026095761 ], [ 31.087116417062362, -0.615806026094106 ], [ 31.076858417053018, -0.607511026086286 ], [ 31.079605417055518, -0.603841026082819 ], [ 31.08463241706022, -0.601556026080743 ], [ 31.088056417063399, -0.601565026080834 ], [ 31.090559417065606, -0.606395026085238 ], [ 31.092613417067696, -0.606859026085658 ], [ 31.09353041706845, -0.604564026083608 ], [ 31.091491417066436, -0.596289026075738 ], [ 31.09218741706718, -0.590777026070782 ], [ 31.094471417069371, -0.589863026069906 ], [ 31.102001417076281, -0.591948026071805 ], [ 31.10360741707791, -0.588506026068671 ], [ 31.100591417075066, -0.581184026061692 ], [ 31.10019841707458, -0.580228026060922 ], [ 31.100662417075, -0.576324026057364 ], [ 31.103408417077617, -0.572654026053897 ], [ 31.110712417084414, -0.573590026054717 ], [ 31.114582417088059, -0.579802026060406 ], [ 31.116863417090144, -0.580955026061474 ], [ 31.119377417092437, -0.579124026059844 ], [ 31.11026741708406, -0.567616026049109 ], [ 31.106861417080836, -0.557500026039634 ], [ 31.108923417082678, -0.554289026036713 ], [ 31.126270417099022, -0.555937026038237 ], [ 31.125593417098344, -0.552030026034572 ], [ 31.119665417092847, -0.547192026030189 ], [ 31.118301417091516, -0.544432026027607 ], [ 31.119903417092928, -0.541909026025223 ], [ 31.123558417096319, -0.541229026024666 ], [ 31.127433417100065, -0.543535026026802 ], [ 31.133142417105319, -0.543089026026337 ], [ 31.135433417107379, -0.539418026022986 ], [ 31.13361541710583, -0.53459002601835 ], [ 31.127397417099928, -0.529117026013182 ], [ 31.126550417099224, -0.528371026012564 ], [ 31.129066417101512, -0.525390026009745 ], [ 31.140480417112258, -0.525876026010337 ], [ 31.142772417114202, -0.521058026005676 ], [ 31.139814417111438, -0.515538026000741 ], [ 31.142101417113736, -0.51301602599824 ], [ 31.148719417119764, -0.514639025999713 ], [ 31.14963741712063, -0.512344025997663 ], [ 31.146904417118094, -0.508433025994009 ], [ 31.138919417110628, -0.50542802599125 ], [ 31.148744417119815, -0.501086025987206 ], [ 31.155618417126334, -0.487089025974228 ], [ 31.15881941712928, -0.484340025971505 ], [ 31.170698417140329, -0.480003025967562 ], [ 31.175027417144292, -0.483918025971207 ], [ 31.178682417147684, -0.482777025970108 ], [ 31.189659417158055, -0.472235025960345 ], [ 31.192850417161026, -0.474080025961939 ], [ 31.195131417163111, -0.47546402596322 ], [ 31.191700417159836, -0.479361025966909 ] ] ] } },
{ "type": "Feature", "properties": { "ISO": "UGA", "COUNTRY": "Uganda", "F_CODE_DES": "Inland Water", "HYC_DESCRI": "Perennial/Permanent", "NAME": "UNK" }, "geometry": { "type": "Polygon", "coordinates": [ [ [ 31.239103417203978, -0.654519026130174 ], [ 31.235900417201037, -0.657959026133312 ], [ 31.232933417198183, -0.657493026132897 ], [ 31.230209417195738, -0.648527026124611 ], [ 31.234104417199433, -0.641184026117571 ], [ 31.238447417203361, -0.638206026114858 ], [ 31.240272417205006, -0.638900026115607 ], [ 31.241172417205917, -0.646483026122496 ], [ 31.239103417203978, -0.654519026130174 ] ] ] } },
{ "type": "Feature", "properties": { "ISO": "UGA", "COUNTRY": "Uganda", "F_CODE_DES": "Inland Water", "HYC_DESCRI": "Perennial/Permanent", "NAME": "LAKE MBURO" }, "geometry": { "type": "Polygon", "coordinates": [ [ [ 30.935125416920982, -0.676002026150172 ], [ 30.935831416921474, -0.678754026152546 ], [ 30.942497416927836, -0.684447026157841 ], [ 30.940694416926135, -0.687447026160726 ], [ 30.937957416923609, -0.687927026161105 ], [ 30.930376416916488, -0.681783026155472 ], [ 30.928161416914463, -0.690529026163631 ], [ 30.925888416912358, -0.69169502616478 ], [ 30.91830041690514, -0.684860026158276 ], [ 30.909847416897264, -0.684005026157593 ], [ 30.908456416896115, -0.681258026155092 ], [ 30.908418416895984, -0.676665026150658 ], [ 30.915958416903095, -0.677297026151336 ], [ 30.916860416904001, -0.675912026149945 ], [ 30.912418416899754, -0.662391026137357 ], [ 30.921531416908238, -0.660024026135261 ], [ 30.925300416911796, -0.655053026130645 ], [ 30.93712041692288, -0.639461026116123 ], [ 30.94069641692613, -0.639434026116078 ], [ 30.946708416931642, -0.639389026116078 ], [ 30.947261416932179, -0.651789026127517 ], [ 30.943155416928448, -0.652050026127881 ], [ 30.941799416927097, -0.653669026129364 ], [ 30.944105416929233, -0.656637026132103 ], [ 30.950271416935038, -0.657050026132538 ], [ 30.95120041693599, -0.659110026134385 ], [ 30.94871541693351, -0.662346026137357 ], [ 30.939155416924677, -0.665864026140753 ], [ 30.940546416926054, -0.668610026143142 ], [ 30.939880416925234, -0.670913026145399 ], [ 30.935125416920982, -0.676002026150172 ] ] ] } },
{ "type": "Feature", "properties": { "ISO": "UGA", "COUNTRY": "Uganda", "F_CODE_DES": "Inland Water", "HYC_DESCRI": "Perennial/Permanent", "NAME": "UNK" }, "geometry": { "type": "Polygon", "coordinates": [ [ [ 31.268089417231067, -0.660786026135838 ], [ 31.267171417230202, -0.663082026137999 ], [ 31.247543417211773, -0.658444026133793 ], [ 31.24504141720945, -0.653384026129061 ], [ 31.247558417211849, -0.650403026126241 ], [ 31.250299417214364, -0.649719026125695 ], [ 31.262392417225783, -0.654111026129613 ], [ 31.266269417229296, -0.656876026132295 ], [ 31.268089417231067, -0.660786026135838 ] ] ] } },
{ "type": "Feature", "properties": { "ISO": "UGA", "COUNTRY": "Uganda", "F_CODE_DES": "Inland Water", "HYC_DESCRI": "Perennial/Permanent", "NAME": "LAKE KIJANEBALOLA" }, "geometry": { "type": "Polygon", "coordinates": [ [ [ 31.333389417291755, -0.660234026135413 ], [ 31.332698417291112, -0.663679026138652 ], [ 31.328125417286856, -0.668724026143309 ], [ 31.314868417274511, -0.676278026150385 ], [ 31.312349417272344, -0.681787026155462 ], [ 31.313253417273017, -0.687304026160518 ], [ 31.313795417273695, -0.68775302616109 ], [ 31.318269417277861, -0.691450026164375 ], [ 31.318950417278302, -0.693979026166744 ], [ 31.317348417276889, -0.695583026168379 ], [ 31.30958341726955, -0.696486026169168 ], [ 31.3148274172745, -0.701322026173557 ], [ 31.321445417280756, -0.703863026176123 ], [ 31.326696417285575, -0.70410402617631 ], [ 31.330125417288855, -0.702044026174235 ], [ 31.337431417295647, -0.702748026174959 ], [ 31.341545417299358, -0.699769026172135 ], [ 31.349531417306935, -0.703692026175986 ], [ 31.359352417315904, -0.702333026174529 ], [ 31.370567417326356, -0.685124026158519 ], [ 31.381078417336312, -0.679631026153402 ], [ 31.396148417350332, -0.679431026153225 ], [ 31.400943417354711, -0.67990102615363 ], [ 31.403223417356912, -0.681743026155345 ], [ 31.40390441735758, -0.684272026157714 ], [ 31.402073417355723, -0.687714026161075 ], [ 31.39727241735136, -0.690921026164006 ], [ 31.389507417344021, -0.692514026165554 ], [ 31.378547417333948, -0.692033026165063 ], [ 31.373064417328806, -0.694549026167351 ], [ 31.368948417324873, -0.698676026171142 ], [ 31.367342417323471, -0.703039026175247 ], [ 31.368021417324144, -0.706716026178583 ], [ 31.373270417328968, -0.708335026180293 ], [ 31.384229417339156, -0.708816026180557 ], [ 31.38719141734191, -0.712499026184105 ], [ 31.384676417339506, -0.714791026186276 ], [ 31.370752417326685, -0.712006026183644 ], [ 31.368240417324387, -0.712002026183654 ], [ 31.365951417322094, -0.715673026187005 ], [ 31.34563241730325, -0.714253026185816 ], [ 31.343116417300962, -0.71700502618819 ], [ 31.344280417301889, -0.718443026189561 ], [ 31.345167417302719, -0.719536026190553 ], [ 31.352468417309638, -0.722308026193105 ], [ 31.354059417311191, -0.727366026197842 ], [ 31.352911417309997, -0.731730026202058 ], [ 31.349483417306828, -0.733561026203688 ], [ 31.344005417301787, -0.731482026201775 ], [ 31.339674417297601, -0.72756702619813 ], [ 31.335107417293329, -0.727098026197609 ], [ 31.333517417291887, -0.722499026193418 ], [ 31.327575417286425, -0.725474026196252 ], [ 31.325063417284127, -0.72523902619605 ], [ 31.32347141728269, -0.721559026192608 ], [ 31.31707741727655, -0.722005026192846 ], [ 31.312751417272693, -0.714644026186079 ], [ 31.30590841726621, -0.710264026181903 ], [ 31.296546417257559, -0.710244026181954 ], [ 31.291534417252933, -0.703571026175723 ], [ 31.287885417249527, -0.701035026173486 ], [ 31.282407417244258, -0.699875026172322 ], [ 31.278989417241064, -0.695732026168571 ], [ 31.275337417237779, -0.694805026167614 ], [ 31.274868417237258, -0.693223026166152 ], [ 31.273294417235775, -0.687909026161151 ], [ 31.275581417238072, -0.686075026159415 ], [ 31.287452417249142, -0.686330026159794 ], [ 31.289510417250995, -0.684266026157729 ], [ 31.286546417248246, -0.681962026155588 ], [ 31.283720417245604, -0.681732026155487 ], [ 31.277872417240133, -0.681255026154986 ], [ 31.271259417233978, -0.676416026150491 ], [ 31.270349417233092, -0.673886026148011 ], [ 31.272640417235152, -0.669986026144443 ], [ 31.280427417242436, -0.668870026143395 ], [ 31.291595417252893, -0.667269026141867 ], [ 31.296615417257499, -0.66934802614378 ], [ 31.29958541726046, -0.667516026142266 ], [ 31.314424417274267, -0.669385026144028 ], [ 31.321287417280473, -0.66135802613644 ], [ 31.327678417286506, -0.662060026137169 ], [ 31.332021417290662, -0.659542026134659 ], [ 31.333389417291755, -0.660234026135413 ] ] ] } },
{ "type": "Feature", "properties": { "ISO": "UGA", "COUNTRY": "Uganda", "F_CODE_DES": "Inland Water", "HYC_DESCRI": "Perennial/Permanent", "NAME": "UNK" }, "geometry": { "type": "Polygon", "coordinates": [ [ [ 31.060293417037428, -0.671800026146229 ], [ 31.05778141703513, -0.672254026146675 ], [ 31.054372417032027, -0.663745026138713 ], [ 31.05460741703223, -0.660529026135691 ], [ 31.057806417035181, -0.659618026134922 ], [ 31.059858417037049, -0.661001026136091 ], [ 31.061443417038618, -0.667897026142555 ], [ 31.060293417037428, -0.671800026146229 ] ] ] } },
{ "type": "Feature", "properties": { "ISO": "UGA", "COUNTRY": "Uganda", "F_CODE_DES": "Inland Water", "HYC_DESCRI": "Perennial/Permanent", "NAME": "UNK" }, "geometry": { "type": "Polygon", "coordinates": [ [ [ 31.017648416997872, -0.677724026151736 ], [ 31.017126416997371, -0.678588026152511 ], [ 31.014616416994841, -0.67812302615198 ], [ 31.014230416994678, -0.67668702615083 ], [ 31.012577416993054, -0.670536026145101 ], [ 31.013727416994016, -0.665943026140667 ], [ 31.016468416996759, -0.665491026140216 ], [ 31.022396417002255, -0.669870026144281 ], [ 31.017648416997872, -0.677724026151736 ] ] ] } },
{ "type": "Feature", "properties": { "ISO": "UGA", "COUNTRY": "Uganda", "F_CODE_DES": "Inland Water", "HYC_DESCRI": "Perennial/Permanent", "NAME": "UNK" }, "geometry": { "type": "Polygon", "coordinates": [ [ [ 30.96422041694791, -0.688876026162006 ], [ 30.962417416946437, -0.691877026164775 ], [ 30.957872416942109, -0.694669026167503 ], [ 30.956535416940824, -0.696921026169548 ], [ 30.95471941693927, -0.699976026172408 ], [ 30.951747416936314, -0.699539026172033 ], [ 30.946889416931981, -0.6913050261644 ], [ 30.947553416932578, -0.688773026161925 ], [ 30.95340941693803, -0.689065026162325 ], [ 30.955547416939908, -0.689172026162396 ], [ 30.963295416947176, -0.687276026160589 ], [ 30.96422041694791, -0.688876026162006 ] ] ] } },
{ "type": "Feature", "properties": { "ISO": "UGA", "COUNTRY": "Uganda", "F_CODE_DES": "Inland Water", "HYC_DESCRI": "Perennial/Permanent", "NAME": "UNK" }, "geometry": { "type": "Polygon", "coordinates": [ [ [ 31.050396417028196, -0.712673026184348 ], [ 31.049247417027118, -0.715198026186499 ], [ 31.044683417022952, -0.714728026186094 ], [ 31.038088417016752, -0.700926026173192 ], [ 31.037639417016408, -0.696789026169427 ], [ 31.042434417020786, -0.696571026169295 ], [ 31.044942417023094, -0.698875026171436 ], [ 31.045402417023524, -0.700037026172367 ], [ 31.050396417028196, -0.712673026184348 ] ] ] } },
{ "type": "Feature", "properties": { "ISO": "UGA", "COUNTRY": "Uganda", "F_CODE_DES": "Inland Water", "HYC_DESCRI": "Perennial/Permanent", "NAME": "LAKE RUMA" }, "geometry": { "type": "Polygon", "coordinates": [ [ [ 31.01979041699974, -0.716276026187643 ], [ 31.01841541699855, -0.719029026190128 ], [ 31.014991416995372, -0.71787202618907 ], [ 31.008850416989617, -0.706369026178436 ], [ 31.008678416989369, -0.704146026176204 ], [ 31.008405416989262, -0.700623026172934 ], [ 31.011150416991768, -0.698332026170874 ], [ 31.015716416995929, -0.699033026171492 ], [ 31.015708416995949, -0.70283502617508 ], [ 31.015697416995863, -0.708223026180121 ], [ 31.01979041699974, -0.716276026187643 ] ] ] } },
{ "type": "Feature", "properties": { "ISO": "UGA", "COUNTRY": "Uganda", "F_CODE_DES": "Inland Water", "HYC_DESCRI": "Perennial/Permanent", "NAME": "LAKE KARUNGA" }, "geometry": { "type": "Polygon", "coordinates": [ [ [ 31.178470417147537, -0.724002026194739 ], [ 31.178464417147552, -0.728138026198621 ], [ 31.17572441714492, -0.727902026198535 ], [ 31.163177417133284, -0.721899026192887 ], [ 31.162267417132398, -0.719830026190948 ], [ 31.164558417134685, -0.715469026186838 ], [ 31.163192417133359, -0.712709026184257 ], [ 31.155206417125783, -0.710393026182146 ], [ 31.15315641712391, -0.70717102617914 ], [ 31.154075417124886, -0.70418602617633 ], [ 31.157047417127615, -0.7023550261747 ], [ 31.160244417130571, -0.702822026174999 ], [ 31.16731041713706, -0.709271026181113 ], [ 31.171873417141342, -0.710890026182597 ], [ 31.175281417144561, -0.720548026191636 ], [ 31.178470417147537, -0.724002026194739 ] ] ] } },
{ "type": "Feature", "properties": { "ISO": "UGA", "COUNTRY": "Uganda", "F_CODE_DES": "Inland Water", "HYC_DESCRI": "Perennial/Permanent", "NAME": "LAKE MISHERA" }, "geometry": { "type": "Polygon", "coordinates": [ [ [ 30.985218416967655, -0.745922026215112 ], [ 30.981113416963808, -0.746643026215907 ], [ 30.976743416959607, -0.742540026212055 ], [ 30.971481416954703, -0.741202026210885 ], [ 30.967561416951185, -0.736177026206178 ], [ 30.970005416953427, -0.73068302620095 ], [ 30.973894416957137, -0.728548026198951 ], [ 30.980075416962791, -0.730798026201228 ], [ 30.984224416966754, -0.730927026201243 ], [ 30.986013416968262, -0.730982026201218 ], [ 30.987173416969426, -0.733271026203511 ], [ 30.983543416966086, -0.736286026206244 ], [ 30.986341416968571, -0.743616026212976 ], [ 30.985218416967655, -0.745922026215112 ] ] ] } },
{ "type": "Feature", "properties": { "ISO": "UGA", "COUNTRY": "Uganda", "F_CODE_DES": "Inland Water", "HYC_DESCRI": "Perennial/Permanent", "NAME": "LAKE NAKIVALI" }, "geometry": { "type": "Polygon", "coordinates": [ [ [ 30.935077416920876, -0.757332026225868 ], [ 30.940391416925877, -0.765103026232964 ], [ 30.94520041693022, -0.76690402623467 ], [ 30.945909416931045, -0.770116026237702 ], [ 30.930387416916574, -0.770693026238177 ], [ 30.921432416908146, -0.764098026232205 ], [ 30.916864416903991, -0.763903026231901 ], [ 30.915052416902199, -0.765754026233708 ], [ 30.918968416905955, -0.770319026237985 ], [ 30.923082416909665, -0.771207026238699 ], [ 30.925144416911735, -0.771652026239281 ], [ 30.925165416911568, -0.774178026241543 ], [ 30.9203664169072, -0.773755026241133 ], [ 30.916286416903404, -0.777692026244722 ], [ 30.91286041690023, -0.777488026244555 ], [ 30.908956416896444, -0.774531026241903 ], [ 30.903936416891838, -0.775028026242353 ], [ 30.899391416887738, -0.777590026244752 ], [ 30.90215141689032, -0.780326026247167 ], [ 30.916343416903374, -0.785043026251742 ], [ 30.922723416909321, -0.783387026250011 ], [ 30.922779416909407, -0.790279026256485 ], [ 30.920747416907489, -0.793282026259249 ], [ 30.913675416901015, -0.794025026259987 ], [ 30.912325416899648, -0.796562026262336 ], [ 30.913486416900696, -0.799080026264619 ], [ 30.921497416908323, -0.801547026266917 ], [ 30.92379941691047, -0.804058026269331 ], [ 30.920175416906886, -0.807761026272829 ], [ 30.914697416901845, -0.80803202627294 ], [ 30.908731416896444, -0.804172026269498 ], [ 30.904100416892106, -0.795935026261759 ], [ 30.902269416890249, -0.795489026261293 ], [ 30.900974416889085, -0.797610026263328 ], [ 30.900015416888209, -0.7991830262647 ], [ 30.898645416886893, -0.799193026264902 ], [ 30.896307416884838, -0.79208802625817 ], [ 30.892854416881619, -0.788668026254982 ], [ 30.889196416878121, -0.787776026254278 ], [ 30.887218416876294, -0.797900026263505 ], [ 30.884491416873743, -0.799300026264973 ], [ 30.881246416870681, -0.793350026259304 ], [ 30.868351416858786, -0.808610026273527 ], [ 30.868841416859141, -0.812973026277632 ], [ 30.876630416866419, -0.81636002628079 ], [ 30.891956416880703, -0.819692026283974 ], [ 30.894952416883598, -0.823346026287254 ], [ 30.891531416880298, -0.823831026287735 ], [ 30.886488416875636, -0.821341026285381 ], [ 30.875755416865559, -0.821192026285416 ], [ 30.87099641686109, -0.825823026289527 ], [ 30.867321416857749, -0.823093026287097 ], [ 30.86690741685743, -0.821028026285148 ], [ 30.865896416856458, -0.815982026280381 ], [ 30.864286416854839, -0.814615026279171 ], [ 30.860412416851432, -0.815334026279743 ], [ 30.84840041684015, -0.826912026290529 ], [ 30.844303416836283, -0.82878102629229 ], [ 30.829675416822738, -0.826822026290529 ], [ 30.827600416820815, -0.82430902628812 ], [ 30.82849341682163, -0.82154602628566 ], [ 30.844650416836657, -0.814532026279039 ], [ 30.848505416840226, -0.811057026275876 ], [ 30.852768416844128, -0.801375026266896 ], [ 30.858442416849584, -0.796968026262675 ], [ 30.86660741685705, -0.784299026250892 ], [ 30.872430416862471, -0.77526502624255 ], [ 30.877872416867604, -0.770400026237894 ], [ 30.886516416875565, -0.766429026234391 ], [ 30.897247416885648, -0.766348026234255 ], [ 30.903305416891271, -0.757145026225544 ], [ 30.904693416892542, -0.755034026223711 ], [ 30.910827416898201, -0.751082026220047 ], [ 30.920169416906901, -0.74871402621784 ], [ 30.922882416909488, -0.745247026214656 ], [ 30.922164416908799, -0.741117026210759 ], [ 30.924879416911381, -0.738190026208031 ], [ 30.926241416912717, -0.736722026206735 ], [ 30.92968341691585, -0.738992026208734 ], [ 30.932043416918077, -0.748854026217941 ], [ 30.931612416917687, -0.752074026220953 ], [ 30.927742416914043, -0.753482026222173 ], [ 30.935077416920876, -0.757332026225868 ] ] ] } },
{ "type": "Feature", "properties": { "ISO": "UGA", "COUNTRY": "Uganda", "F_CODE_DES": "Inland Water", "HYC_DESCRI": "Perennial/Permanent", "NAME": "LAKE KARENGYE" }, "geometry": { "type": "Polygon", "coordinates": [ [ [ 30.130109416171081, -0.901815026360282 ], [ 30.136758416177372, -0.905677026363946 ], [ 30.141447416181791, -0.902847026361314 ], [ 30.147030416186908, -0.904921026363354 ], [ 30.150032416189788, -0.909956026368036 ], [ 30.148901416188664, -0.911342026369311 ], [ 30.143871416184084, -0.910686026368694 ], [ 30.135362416176122, -0.914616026372414 ], [ 30.132263416173146, -0.916048026373574 ], [ 30.126783416168109, -0.916083026373599 ], [ 30.121606416163331, -0.914283026372004 ], [ 30.103433416146345, -0.907965026366128 ], [ 30.110036416152525, -0.905164026363536 ], [ 30.115293416157328, -0.905819026364043 ], [ 30.121917416163569, -0.906005026364255 ], [ 30.129049416170119, -0.90235702636096 ], [ 30.130109416171081, -0.901815026360282 ] ] ] } },
{ "type": "Feature", "properties": { "ISO": "UGA", "COUNTRY": "Uganda", "F_CODE_DES": "Inland Water", "HYC_DESCRI": "Perennial/Permanent", "NAME": "UNK" }, "geometry": { "type": "Polygon", "coordinates": [ [ [ 29.862230415921658, -0.934098026390529 ], [ 29.860407415920008, -0.934569026390818 ], [ 29.85832241591811, -0.930217026386799 ], [ 29.843645415904348, -0.920658026377851 ], [ 29.849348415909617, -0.919473026376863 ], [ 29.852294415912411, -0.916237026373892 ], [ 29.853927415914086, -0.921513026378761 ], [ 29.861738415921309, -0.92858702638523 ], [ 29.862230415921658, -0.934098026390529 ] ] ] } },
{ "type": "Feature", "properties": { "ISO": "UGA", "COUNTRY": "Uganda", "F_CODE_DES": "Inland Water", "HYC_DESCRI": "Perennial/Permanent", "NAME": "UNK" }, "geometry": { "type": "Polygon", "coordinates": [ [ [ 29.969200416021295, -0.98236702643544 ], [ 29.961483416014062, -0.989540026442 ], [ 29.960323416013125, -0.987020026439723 ], [ 29.963251416015737, -0.980797026433947 ], [ 29.960493416013151, -0.978057026431316 ], [ 29.964801416017281, -0.973663026427403 ], [ 29.967048416019225, -0.968133026422265 ], [ 29.965625416017929, -0.960330026414795 ], [ 29.966964416019209, -0.955496026410401 ], [ 29.964166416016724, -0.946781026402277 ], [ 29.965995416018359, -0.94700002640252 ], [ 29.973171416025025, -0.961431026415994 ], [ 29.973211416025151, -0.967635026421704 ], [ 29.967561416019862, -0.976403026429807 ], [ 29.967350416019599, -0.979162026432505 ], [ 29.969200416021295, -0.98236702643544 ] ] ] } },
{ "type": "Feature", "properties": { "ISO": "UGA", "COUNTRY": "Uganda", "F_CODE_DES": "Inland Water", "HYC_DESCRI": "Perennial/Permanent", "NAME": "LAKE MUTANDA" }, "geometry": { "type": "Polygon", "coordinates": [ [ [ 29.654970415728712, -1.166790026607259 ], [ 29.666464415739483, -1.178213026617868 ], [ 29.668028415740764, -1.172688026612605 ], [ 29.670310415742961, -1.172444026612538 ], [ 29.67605441574824, -1.177695026617357 ], [ 29.680223415752153, -1.186634026625597 ], [ 29.683437415755179, -1.189143026628017 ], [ 29.685079415756718, -1.196027026634511 ], [ 29.689903415761137, -1.20013602663812 ], [ 29.691085415762245, -1.206565026644284 ], [ 29.682479415754415, -1.218338026655147 ], [ 29.681158415753089, -1.226161026662567 ], [ 29.681362415753256, -1.22740602666363 ], [ 29.681871415753676, -1.230524026666444 ], [ 29.6786824157507, -1.231922026667917 ], [ 29.678237415750345, -1.23399302666985 ], [ 29.680084415752162, -1.236740026672351 ], [ 29.678537415750725, -1.245024026680085 ], [ 29.676494415748721, -1.247335026682094 ], [ 29.67765241574989, -1.249857026684595 ], [ 29.682228415754025, -1.250748026685415 ], [ 29.679050415751135, -1.253985026688269 ], [ 29.677707415749865, -1.258591026692557 ], [ 29.675661415747982, -1.259982026693933 ], [ 29.670406415742946, -1.260013026693969 ], [ 29.66143641573467, -1.250414026685121 ], [ 29.653894415727791, -1.250000026684575 ], [ 29.652971415726824, -1.248396026683167 ], [ 29.655694415729386, -1.245622026680621 ], [ 29.655160415728915, -1.233443026669192 ], [ 29.653980415727801, -1.227244026663357 ], [ 29.648428415722492, -1.216245026653269 ], [ 29.649099415723185, -1.213942026651011 ], [ 29.654836415728596, -1.218045026654863 ], [ 29.65708341573054, -1.212285026649624 ], [ 29.655242415728935, -1.210228026647655 ], [ 29.656643415730287, -1.208326026645864 ], [ 29.657282415730833, -1.207458026645099 ], [ 29.660039415733308, -1.209969026647286 ], [ 29.663471415736694, -1.210638026647985 ], [ 29.668251415740997, -1.208081026645687 ], [ 29.666641415739605, -1.206253026643935 ], [ 29.662065415735242, -1.205130026642792 ], [ 29.660902415734199, -1.201919026639871 ], [ 29.663168415736209, -1.198918026637102 ], [ 29.663778415736942, -1.187193026626119 ], [ 29.659212415732554, -1.187450026626493 ], [ 29.660083415733425, -1.180779026620257 ], [ 29.657568415731021, -1.180335026619787 ], [ 29.656675415730206, -1.183788026623006 ], [ 29.65439441572812, -1.184261026623517 ], [ 29.653726415727533, -1.186794026625876 ], [ 29.651678415725655, -1.187955026626923 ], [ 29.651868415725858, -1.182208026621538 ], [ 29.650238415724289, -1.17716202661677 ], [ 29.65342141572728, -1.174844026614664 ], [ 29.656620415730231, -1.175054026614816 ], [ 29.656377415730049, -1.172528026612554 ], [ 29.652689415726627, -1.167264026607654 ], [ 29.654970415728712, -1.166790026607259 ] ], [ [ 29.677427415749662, -1.214232026651416 ], [ 29.675125415747516, -1.211257026648582 ], [ 29.665086415738187, -1.213616026650698 ], [ 29.66766541574043, -1.223714026660218 ], [ 29.672411415744818, -1.215641026652747 ], [ 29.676296415748538, -1.216077026653011 ], [ 29.677427415749662, -1.214232026651416 ] ] ] } },
{ "type": "Feature", "properties": { "ISO": "UGA", "COUNTRY": "Uganda", "F_CODE_DES": "Inland Water", "HYC_DESCRI": "Perennial/Permanent", "NAME": "LAKE MULEHE" }, "geometry": { "type": "Polygon", "coordinates": [ [ [ 29.731409415799817, -1.225166026661554 ], [ 29.731899415800399, -1.230220026666302 ], [ 29.729385415797879, -1.230005026666049 ], [ 29.725059415794021, -1.232560026668352 ], [ 29.721628415790747, -1.231662026667664 ], [ 29.716791415786247, -1.225255026661671 ], [ 29.708438415778573, -1.205310026643019 ], [ 29.709793415779814, -1.202774026640782 ], [ 29.712328415782167, -1.206205026643829 ], [ 29.722190415791374, -1.212351026649685 ], [ 29.726366415795155, -1.222209026658675 ], [ 29.731409415799817, -1.225166026661554 ] ] ] } },
{ "type": "Feature", "properties": { "ISO": "UGA", "COUNTRY": "Uganda", "F_CODE_DES": "Inland Water", "HYC_DESCRI": "Perennial/Permanent", "NAME": "LAKE BUNYONYI" }, "geometry": { "type": "Polygon", "coordinates": [ [ [ 29.826355415888202, -1.211480026648815 ], [ 29.833463415894812, -1.215803026652793 ], [ 29.836193415897469, -1.213947026651113 ], [ 29.838712415899863, -1.214851026652013 ], [ 29.843731415904585, -1.213670026650789 ], [ 29.850599415910892, -1.216156026653152 ], [ 29.855625415915483, -1.216124026653006 ], [ 29.860219415919801, -1.220233026656842 ], [ 29.864801415924148, -1.222043026658639 ], [ 29.86369341592308, -1.227336026663579 ], [ 29.873510415932287, -1.226355026662532 ], [ 29.877147415935497, -1.223574026660117 ], [ 29.878080415936438, -1.226326026662719 ], [ 29.876501415935081, -1.229555026665594 ], [ 29.877202415935699, -1.23184902666776 ], [ 29.882023415940239, -1.235266026670843 ], [ 29.884105415942031, -1.239390026674755 ], [ 29.887075415944764, -1.239601026675018 ], [ 29.886192415943924, -1.244204026679199 ], [ 29.890558415948135, -1.248083026682934 ], [ 29.892873415950135, -1.252666026687166 ], [ 29.895158415952437, -1.25265102668709 ], [ 29.896772415953819, -1.254940026689155 ], [ 29.900419415957231, -1.253767026688138 ], [ 29.902494415959154, -1.256513026690754 ], [ 29.904979415961634, -1.252360026686802 ], [ 29.908868415965117, -1.25302502668751 ], [ 29.910020415966301, -1.254626026689039 ], [ 29.909601415965881, -1.256590026690901 ], [ 29.908691415964995, -1.260840026694723 ], [ 29.905962415962449, -1.262927026696616 ], [ 29.908952415965132, -1.265896026699465 ], [ 29.911905415968022, -1.263349026697142 ], [ 29.918317415973888, -1.265607026699172 ], [ 29.919929415975503, -1.267435026700923 ], [ 29.919260415974804, -1.269968026703282 ], [ 29.913765415969692, -1.26816402670147 ], [ 29.913108415969191, -1.272536026705666 ], [ 29.922960415978196, -1.276610026709477 ], [ 29.928611415983596, -1.26761002670105 ], [ 29.932024415986689, -1.265290026698949 ], [ 29.933176415987873, -1.266891026700478 ], [ 29.931840415986471, -1.272416026705514 ], [ 29.927524415982589, -1.276121026709006 ], [ 29.930725415985535, -1.276331026709158 ], [ 29.934858415989311, -1.279523026712241 ], [ 29.939491415993643, -1.289148026721023 ], [ 29.94453241599831, -1.29141402672326 ], [ 29.943412415997273, -1.294639026726145 ], [ 29.940151415994251, -1.295828026727349 ], [ 29.940706415994782, -1.299943026731171 ], [ 29.945058415998801, -1.301755026732963 ], [ 29.948705416002213, -1.300582026731718 ], [ 29.950538416003837, -1.305400026736152 ], [ 29.942802415996766, -1.306136026737022 ], [ 29.940994415994965, -1.309136026739679 ], [ 29.945442415999196, -1.325198026754606 ], [ 29.949564416003113, -1.326550026755967 ], [ 29.951664416005087, -1.332974026762031 ], [ 29.950308416003736, -1.335281026764051 ], [ 29.95333641600655, -1.344226026772503 ], [ 29.956543416009481, -1.345126026773187 ], [ 29.962772416015241, -1.35428002678168 ], [ 29.962577416015165, -1.359339026786529 ], [ 29.956640416009577, -1.359837026786863 ], [ 29.95363241600694, -1.354109026781543 ], [ 29.95019541600368, -1.352752026780308 ], [ 29.948329416001798, -1.34701702677512 ], [ 29.945799415999545, -1.344275026772493 ], [ 29.945980415999657, -1.337147026765933 ], [ 29.944830415998695, -1.336005026764724 ], [ 29.940721415994858, -1.336721026765417 ], [ 29.935857415990313, -1.326868026756301 ], [ 29.935619415990004, -1.321294026751048 ], [ 29.935318415989741, -1.314228026744559 ], [ 29.928926415983824, -1.315189026745429 ], [ 29.929802415984568, -1.309437026739943 ], [ 29.924085415979334, -1.308553026739219 ], [ 29.921384415976718, -1.315007026745207 ], [ 29.923030415978246, -1.321892026751584 ], [ 29.92189941597735, -1.323509026753072 ], [ 29.919607415975179, -1.322603026752176 ], [ 29.915905415971793, -1.315501026745778 ], [ 29.913610415969515, -1.313907026744118 ], [ 29.914951415970791, -1.309301026739831 ], [ 29.912654415968746, -1.307476026738186 ], [ 29.911482415967612, -1.30288702673397 ], [ 29.909422415965764, -1.302440026733393 ], [ 29.908334415964646, -1.310722026741132 ], [ 29.904960415961568, -1.318789026748618 ], [ 29.913074415969049, -1.336437026765225 ], [ 29.91221241596827, -1.344258026772422 ], [ 29.917297415973053, -1.353190026780794 ], [ 29.914911415970664, -1.353862026781371 ], [ 29.908144415964443, -1.350949026778608 ], [ 29.907734415964114, -1.358078026785279 ], [ 29.910707415966954, -1.358749026785972 ], [ 29.913211415969272, -1.357354026784606 ], [ 29.917121415972815, -1.361237026788331 ], [ 29.917606415973296, -1.365142026792 ], [ 29.916481415972157, -1.367908026794566 ], [ 29.913734415969657, -1.367235026793878 ], [ 29.911651415967754, -1.363111026789966 ], [ 29.906848415963168, -1.36245202678947 ], [ 29.902996415959706, -1.367303026793934 ], [ 29.901888415958638, -1.372367026798656 ], [ 29.904880415961316, -1.375796026801709 ], [ 29.915447415971357, -1.379599026805408 ], [ 29.9218294159773, -1.381896026807453 ], [ 29.922311415977674, -1.385801026811123 ], [ 29.917819415973554, -1.397783026822253 ], [ 29.913940415969819, -1.39826702682285 ], [ 29.912311415968361, -1.393909026818619 ], [ 29.913192415969206, -1.389077026814221 ], [ 29.912763415968811, -1.388228026813294 ], [ 29.912267415968245, -1.387243026812484 ], [ 29.905151415961654, -1.382231026807858 ], [ 29.901275415958025, -1.377719026803561 ], [ 29.89847341595555, -1.374457026800656 ], [ 29.902704415959306, -1.357650026784995 ], [ 29.902862415959589, -1.346845026774872 ], [ 29.904443415960941, -1.344307026772412 ], [ 29.900997415957818, -1.341340026769785 ], [ 29.905061415961654, -1.33418902676317 ], [ 29.902259415958952, -1.325012026754621 ], [ 29.898817415955818, -1.322505026752196 ], [ 29.899015415956001, -1.318137026748218 ], [ 29.894664415951866, -1.316325026746426 ], [ 29.894193415951577, -1.314259026744594 ], [ 29.898269415955383, -1.308716026739376 ], [ 29.890253415947882, -1.305779026736673 ], [ 29.887943415945756, -1.302116026733302 ], [ 29.888151415945913, -1.298667026730072 ], [ 29.89018641594771, -1.295666026727304 ], [ 29.892684415950043, -1.293351026725077 ], [ 29.897258415954411, -1.294012026725568 ], [ 29.899301415956188, -1.291930026723776 ], [ 29.901815415958481, -1.292145026723801 ], [ 29.902469415959104, -1.287544026719615 ], [ 29.906562415962981, -1.284530026716766 ], [ 29.909366415965678, -1.284215026716538 ], [ 29.910900415967035, -1.284042026716406 ], [ 29.909738415965876, -1.281291026713916 ], [ 29.906980415963289, -1.278551026711284 ], [ 29.903093415959802, -1.278115026710793 ], [ 29.899227415956148, -1.28089802671343 ], [ 29.89583741595311, -1.286666026718876 ], [ 29.892645415950028, -1.287375026719474 ], [ 29.888980415946662, -1.286019026718122 ], [ 29.889181415946723, -1.281880026714362 ], [ 29.89552841595264, -1.274255026707351 ], [ 29.89504441595227, -1.270121026703464 ], [ 29.882965415941044, -1.274564026707594 ], [ 29.884742415942583, -1.266738026700295 ], [ 29.8892914159469, -1.263722026697451 ], [ 29.888134415945842, -1.261431026695391 ], [ 29.883117415941115, -1.262841026696606 ], [ 29.881260415939323, -1.258256026692379 ], [ 29.878740415937045, -1.257352026691478 ], [ 29.876852415935218, -1.248170026683056 ], [ 29.878906415937308, -1.247927026682646 ], [ 29.881164415939338, -1.243775026678804 ], [ 29.880468415938594, -1.242171026677397 ], [ 29.87636541593497, -1.243805026678956 ], [ 29.871761415930678, -1.238318026673824 ], [ 29.872656415931488, -1.235325026671035 ], [ 29.870342415929372, -1.23452602667021 ], [ 29.868076415927135, -1.233744026669456 ], [ 29.866495415925783, -1.236283026671799 ], [ 29.858945415918697, -1.234721026670513 ], [ 29.855991415915923, -1.237038026672508 ], [ 29.853225415913357, -1.233377026669132 ], [ 29.856636415916455, -1.231058026666915 ], [ 29.853633415913691, -1.226020026662354 ], [ 29.850895415911054, -1.226497026662855 ], [ 29.847898415908276, -1.222379026658928 ], [ 29.839197415900344, -1.219215026656002 ], [ 29.837379415898567, -1.220605026657267 ], [ 29.8394454159004, -1.222202026658806 ], [ 29.839693415900683, -1.225188026661499 ], [ 29.835153415896457, -1.229813026665852 ], [ 29.837476415898664, -1.235774026671379 ], [ 29.835435415896654, -1.237855026673287 ], [ 29.832214415893759, -1.23442802667023 ], [ 29.830873415892484, -1.238803026674304 ], [ 29.827680415889517, -1.239743026675114 ], [ 29.826067415888019, -1.237684026673151 ], [ 29.82968541589139, -1.231915026667821 ], [ 29.828975415890682, -1.228242026664475 ], [ 29.831928415893572, -1.225466026661707 ], [ 29.832357415893966, -1.221326026658062 ], [ 29.826181415888186, -1.219985026656786 ], [ 29.822546415884744, -1.22299602665953 ], [ 29.820472415882705, -1.220481026657126 ], [ 29.823455415885519, -1.215916026652849 ], [ 29.826355415888202, -1.211480026648815 ] ], [ [ 29.931783415986501, -1.298161026729531 ], [ 29.929245415984042, -1.294270026725826 ], [ 29.921461415976864, -1.291790026723675 ], [ 29.919412415974875, -1.292952026724606 ], [ 29.919427415974951, -1.295251026726874 ], [ 29.923549415978869, -1.29683402672822 ], [ 29.924492415979785, -1.300966026732112 ], [ 29.926324415981298, -1.301873026732892 ], [ 29.931783415986501, -1.298161026729531 ] ], [ [ 29.938509415992712, -1.298351026729733 ], [ 29.935844415990232, -1.292279026724145 ], [ 29.933704415988359, -1.292058026723907 ], [ 29.934011415988607, -1.300421026731556 ], [ 29.935682415990186, -1.301363026732588 ], [ 29.938509415992712, -1.298351026729733 ] ] ] } },
{ "type": "Feature", "properties": { "ISO": "UGA", "COUNTRY": "Uganda", "F_CODE_DES": "Inland Water", "HYC_DESCRI": "Perennial/Permanent", "NAME": "LAKE KAYUMBA" }, "geometry": { "type": "Polygon", "coordinates": [ [ [ 29.785520415850215, -1.326660026756144 ], [ 29.788747415853322, -1.331008026760173 ], [ 29.792631415856931, -1.330983026760123 ], [ 29.793325415857453, -1.332358026761312 ], [ 29.792196415856552, -1.334434026763347 ], [ 29.789230415853808, -1.335142026764061 ], [ 29.786550415851252, -1.344583026772852 ], [ 29.784259415849192, -1.343677026771957 ], [ 29.781072415846211, -1.345306026773414 ], [ 29.77716241584244, -1.341423026769917 ], [ 29.779438415844652, -1.339800026768216 ], [ 29.785520415850215, -1.326660026756144 ] ] ] } },
{ "type": "Feature", "properties": { "ISO": "UGA", "COUNTRY": "Uganda", "F_CODE_DES": "Inland Water", "HYC_DESCRI": "Perennial/Permanent", "NAME": "LAKE CHAHAFI" }, "geometry": { "type": "Polygon", "coordinates": [ [ [ 29.779298415844551, -1.353593026781255 ], [ 29.779323415844601, -1.357730026785021 ], [ 29.774744415840132, -1.356150026783553 ], [ 29.771959415837728, -1.349500026777378 ], [ 29.768510415834498, -1.346073026774093 ], [ 29.763017415829381, -1.344498026772726 ], [ 29.760946415827448, -1.34221202677054 ], [ 29.763872415830065, -1.335298026764121 ], [ 29.766607415832596, -1.334362026763301 ], [ 29.768222415834089, -1.336881026765468 ], [ 29.766182415832191, -1.339421026767923 ], [ 29.766658415832808, -1.342177026770514 ], [ 29.774906415840405, -1.345804026773976 ], [ 29.779298415844551, -1.353593026781255 ] ] ] } }
]
}
