weeks,district,maroon,red,yellow,green
52,Kanungu,[],['Malaria'],[],[]
52,Serere,['Acute Flaccid Paralysis'],['Malaria'],[],[]
52,Zombo,[],['Malaria'],[],['Measles']
52,Kapchorwa,[],['Malaria'],[],[]
52,Rubirizi,[],['Malaria'],[],[]
52,Moyo,[],['Malaria'],[],[]
52,Katakwi,[],[],['Malaria'],[]
52,Kotido,[],['Malaria'],[],[]
52,Adjumani,[],['Malaria'],[],['Measles']
52,Pader,[],['Malaria'],[],[]
52,Soroti City,[],['Malaria'],[],[]
52,Kampala,[],['Malaria'],[],['Measles']
52,Gulu City,[],['Malaria'],[],[]
52,Kabarole,[],['Malaria'],[],[]
52,Arua City,[],"['Malaria', 'Maternal Death']",[],[]
52,Lira City,[],[],['Malaria'],[]
52,Mbale City,[],['Malaria'],[],[]
52,Mukono,[],['Malaria'],[],['Measles']
52,Alebtong,[],['Malaria'],[],[]
52,Wakiso,[],['Malaria'],[],['Measles']
52,Nebbi,[],['Malaria'],[],[]
52,Omoro,[],['Malaria'],[],[]
52,Lira,[],['Malaria'],[],[]
52,Kalaki,[],[],['Malaria'],[]
52,Dokolo,[],['Malaria'],[],[]
52,Oyam,[],['Malaria'],[],[]
52,Amuria,[],['Malaria'],[],[]
52,Kitagwenda,[],[],['Malaria'],[]
52,Kwania,[],['Malaria'],[],[]
52,Kagadi,[],['Malaria'],[],['Measles']
52,Amudat,[],[],['Malaria'],[]
52,Agago,[],['Malaria'],[],[]
52,Abim,[],['Malaria'],['Measles'],[]
52,Kaberamaido,[],['Malaria'],[],[]
52,Yumbe,[],[],[],[]
52,Kole,[],['Malaria'],[],[]
52,Kyotera,[],['Malaria'],[],[]
52,Otuke,[],['Malaria'],[],['Measles']
52,Jinja City,[],['Malaria'],[],[]
52,Obongi,[],[],['Malaria'],[]
52,Bukedea,[],['Malaria'],[],[]
52,Amolatar,[],['Malaria'],[],[]
52,Kapelebyong,[],['Malaria'],[],[]
52,Apac,[],['Malaria'],[],[]
52,Kiboga,[],['Malaria'],[],[]
52,Soroti,[],['Malaria'],[],[]
52,Kumi,[],['Malaria'],[],[]
52,Ngora,[],['Malaria'],[],[]
52,Pallisa,[],['Malaria'],[],[]
52,Moroto,[],"['Malaria', 'Measles']",[],[]
52,Arua,[],[],['Malaria'],[]
52,Maracha,[],['Malaria'],[],[]
52,Kitgum,[],['Malaria'],[],[]
52,Madi-Okollo,[],['Malaria'],[],[]
52,Lwengo,[],['Malaria'],[],['Measles']
52,Lamwo,[],['Malaria'],[],[]
52,Buikwe,[],['Malaria'],[],[]
52,Nakasongola,[],['Malaria'],[],[]
52,Kibaale,[],['Malaria'],[],[]
52,Masindi,[],['Malaria'],[],['Measles']
52,Kibuku,[],['Malaria'],[],[]
52,Lyantonde,[],['Malaria'],[],[]
52,Bugiri,[],['Malaria'],[],['Measles']
52,Bugweri,[],['Malaria'],[],[]
52,Mpigi,[],['Malaria'],[],[]
52,Pakwach,[],['Maternal Death'],['Malaria'],[]
52,Nwoya,[],['Malaria'],[],[]
52,Nakapiripirit,[],['Malaria'],[],['Measles']
52,Bukwo,[],['Malaria'],[],[]
52,Ntungamo,[],[],['Malaria'],[]
52,Napak,[],['Malaria'],[],[]
52,Busia,[],['Malaria'],[],['Measles']
52,Nakaseke,[],['Maternal Death'],['Malaria'],[]
52,Terego,[],['Malaria'],[],[]
52,Tororo,[],[],['Malaria'],[]
52,Mubende,['Acute Flaccid Paralysis'],['Malaria'],[],['Measles']
52,Amuru,[],['Malaria'],[],[]
52,Bunyangabu,[],['Malaria'],[],[]
52,Gulu,[],[],['Malaria'],[]
52,Mbarara,[],['Malaria'],[],[]
52,Kyegegwa,[],['Malaria'],[],[]
52,Mbarara City,[],[],[],[]
52,Bushenyi,[],[],['Malaria'],[]
52,Kiryandongo,[],['Malaria'],[],[]
52,Masaka City,[],[],['Malaria'],[]
52,Mityana,[],['Malaria'],[],[]
52,Kazo,[],['Malaria'],[],[]
52,Kween,[],[],['Malaria'],[]
52,Bulambuli,[],['Malaria'],[],[]
52,Buliisa,['Plague'],['Malaria'],[],[]
52,Luwero,[],"['Malaria', 'Maternal Death']",[],['Measles']
52,Koboko,[],[],['Malaria'],[]
52,Hoima City,[],['Malaria'],[],['Measles']
52,Mayuge,[],['Malaria'],[],[]
52,Rukungiri,[],[],['Malaria'],[]
52,Kayunga,[],['Malaria'],[],['Measles']
52,Rwampara,[],[],['Malaria'],[]
52,Kamwenge,['Anthrax'],[],['Malaria'],[]
52,Namayingo,[],[],['Malaria'],[]
52,Kyankwanzi,[],[],['Malaria'],[]
52,Kassanda,[],['Malaria'],[],['Measles']
52,Kalungu,[],[],['Malaria'],['Measles']
52,Rakai,[],['Malaria'],[],[]
52,Bududa,[],[],[],[]
52,Namisindwa,[],['Malaria'],[],[]
52,Kakumiro,['Yellow Fever'],['Malaria'],[],[]
52,Iganga,[],['Maternal Death'],['Malaria'],['Measles']
52,Kasese,[],[],['Malaria'],[]
52,Buhweju,[],['Malaria'],[],[]
52,Bukomansimbi,[],['Malaria'],[],[]
52,Rubanda,[],['Malaria'],[],[]
52,Ibanda,[],['Malaria'],[],[]
52,Kamuli,[],['Malaria'],[],['Measles']
52,Butaleja,[],['Malaria'],[],['Measles']
52,Bundibugyo,[],['Malaria'],[],[]
52,Buvuma,[],['Malaria'],[],[]
52,Manafwa,[],['Malaria'],[],[]
52,Mitooma,[],['Malaria'],[],[]
52,Hoima,[],['Malaria'],[],[]
52,Kalangala,[],['Malaria'],[],[]
52,Jinja,[],['Malaria'],[],[]
52,Rukiga,[],['Malaria'],[],[]
52,Namutumba,[],['Malaria'],[],[]
52,Kikuube,[],['Malaria'],[],[]
52,Budaka,[],['Malaria'],[],[]
52,Luuka,[],['Malaria'],[],[]
52,Kaliro,[],['Malaria'],[],[]
52,Mbale,[],['Malaria'],[],[]
52,Kyenjojo,[],['Malaria'],[],[]
52,Butambala,[],"['Malaria', 'Maternal Death']",[],['Measles']
52,Sironko,[],['Malaria'],[],[]
52,0,[],[],[],[]
52,Buyende,[],['Malaria'],[],[]
52,Nabilatuk,[],[],['Malaria'],[]
52,Sheema,[],[],[],[]
52,Kabale,[],['Malaria'],[],[]
52,Kisoro,[],[],[],[]
52,Masaka,[],['Malaria'],[],[]
52,Gomba,[],['Malaria'],[],[]
52,Fort Portal City,[],[],['Malaria'],[]
52,Isingiro,[],['Malaria'],[],[]
52,Sembabule,[],['Malaria'],[],[]
52,Kiruhura,[],['Malaria'],[],[]
52,Butebo,[],['Malaria'],[],[]
52,Ntoroko,[],[],[],[]
52,Kaabong,[],['Malaria'],[],[]
52,Karenga,[],[],['Malaria'],[]
51,Zombo,[],[],['Malaria'],[]
51,Kanungu,[],['Malaria'],[],[]
51,Kyotera,[],['Malaria'],[],['Measles']
51,Rubirizi,[],[],['Malaria'],[]
51,Moyo,[],"['Malaria', 'Maternal Death']",[],[]
51,Katakwi,[],['Malaria'],[],[]
51,Adjumani,['Acute Flaccid Paralysis'],"['Cholera', 'Malaria']",[],[]
51,Lira City,[],['Malaria'],[],[]
51,Gulu City,[],['Malaria'],[],[]
51,Pader,['Acute Flaccid Paralysis'],['Malaria'],[],['Measles']
51,Kampala,"['Acute Flaccid Paralysis', 'Yellow Fever']",['Malaria'],[],['Measles']
51,Kotido,[],['Malaria'],[],[]
51,Kabarole,[],['Malaria'],[],[]
51,Arua City,[],"['Malaria', 'Maternal Death']",[],[]
51,Kole,[],['Malaria'],[],[]
51,Tororo,['Acute Flaccid Paralysis'],['Malaria'],[],[]
51,Wakiso,[],['Malaria'],[],['Measles']
51,Alebtong,[],['Malaria'],[],[]
51,Mbale City,[],['Malaria'],[],[]
51,Soroti City,[],['Malaria'],[],[]
51,Jinja City,[],['Malaria'],[],['Measles']
51,Lira,[],['Malaria'],['Measles'],[]
51,Kalaki,[],['Malaria'],[],['Measles']
51,Dokolo,[],['Malaria'],[],[]
51,Oyam,[],['Malaria'],[],['Measles']
51,Amuria,[],['Malaria'],[],[]
51,Kitagwenda,[],['Malaria'],[],[]
51,Kwania,[],['Malaria'],[],[]
51,Kagadi,[],['Malaria'],[],[]
51,Amudat,[],[],"['Malaria', 'Measles']",[]
51,Agago,[],['Malaria'],[],['Measles']
51,Abim,[],['Malaria'],[],['Measles']
51,Kaberamaido,[],[],['Malaria'],[]
51,Yumbe,[],[],['Malaria'],[]
51,Mukono,[],['Malaria'],[],['Measles']
51,Napak,[],"['Malaria', 'Measles']",[],[]
51,Madi-Okollo,[],['Malaria'],[],[]
51,Nwoya,[],['Malaria'],[],[]
51,Obongi,[],[],[],[]
51,Moroto,['Measles'],['Malaria'],[],[]
51,Amolatar,[],['Malaria'],[],[]
51,Kapelebyong,[],[],[],[]
51,Apac,[],['Malaria'],[],[]
51,Kumi,[],['Malaria'],[],[]
51,Kitgum,[],['Malaria'],[],[]
51,Soroti,[],['Malaria'],[],[]
51,Lamwo,[],['Malaria'],[],[]
51,Ngora,[],['Malaria'],[],[]
51,Pallisa,[],['Malaria'],[],[]
51,Arua,[],[],['Malaria'],[]
51,Maracha,[],[],['Malaria'],[]
51,Karenga,[],[],[],[]
51,Bukomansimbi,[],['Malaria'],[],['Measles']
51,0,[],[],[],[]
51,Nakaseke,[],['Malaria'],[],['Measles']
51,Otuke,[],['Malaria'],[],['Measles']
51,Kiboga,[],['Malaria'],[],[]
51,Mpigi,[],['Malaria'],[],['Measles']
51,Masindi,[],['Malaria'],[],[]
51,Kibuku,[],[],['Malaria'],[]
51,Lyantonde,[],['Malaria'],[],[]
51,Bugiri,[],['Malaria'],[],['Measles']
51,Nakasongola,[],[],['Malaria'],[]
51,Bugweri,[],['Malaria'],[],['Measles']
51,Kibaale,[],['Malaria'],[],[]
51,Nebbi,[],['Malaria'],[],[]
51,Pakwach,[],"['Malaria', 'Schistosomiasis']",[],[]
51,Nakapiripirit,[],['Malaria'],[],[]
51,Bukwo,[],['Maternal Death'],['Malaria'],[]
51,Ntungamo,[],[],['Malaria'],[]
51,Buikwe,[],"['Malaria', 'Maternal Death']",[],['Measles']
51,Bukedea,[],['Malaria'],[],[]
51,Serere,[],['Malaria'],[],[]
51,Nabilatuk,[],['Malaria'],[],[]
51,Busia,[],['Malaria'],[],[]
51,Koboko,[],['Malaria'],[],[]
51,Bunyangabu,[],['Malaria'],[],[]
51,Gulu,[],['Malaria'],[],[]
51,Mbarara,[],['Malaria'],[],[]
51,Kyegegwa,[],"['Malaria', 'Maternal Death']",['Measles'],[]
51,Mbarara City,[],[],['Malaria'],[]
51,Kiryandongo,[],['Malaria'],[],['Measles']
51,Luwero,[],['Malaria'],[],['Measles']
51,Masaka City,[],"['Malaria', 'Maternal Death']",[],['Measles']
51,Mityana,[],['Malaria'],[],['Measles']
51,Kazo,[],['Malaria'],[],[]
51,Kween,[],['Malaria'],[],[]
51,Bulambuli,[],['Malaria'],[],['Measles']
51,Buliisa,[],['Malaria'],[],['Measles']
51,Buhweju,[],['Malaria'],[],[]
51,Mbale,[],['Malaria'],[],[]
51,Bushenyi,[],[],['Malaria'],[]
51,Amuru,[],['Malaria'],[],[]
51,Ibanda,[],['Malaria'],[],[]
51,Mayuge,[],['Malaria'],[],[]
51,Omoro,[],['Malaria'],[],[]
51,Lwengo,[],['Malaria'],[],[]
51,Kayunga,[],['Malaria'],[],['Measles']
51,Kamuli,[],['Malaria'],[],[]
51,Kamwenge,[],['Malaria'],[],['Measles']
51,Namayingo,[],[],['Malaria'],[]
51,Kyankwanzi,[],[],['Malaria'],[]
51,Kasese,['Anthrax'],['Malaria'],[],[]
51,Kalungu,[],['Malaria'],[],['Measles']
51,Rakai,[],['Malaria'],[],[]
51,Bududa,[],[],[],[]
51,Namisindwa,[],['Malaria'],[],[]
51,Kakumiro,[],['Malaria'],[],[]
51,Iganga,[],['Malaria'],[],['Measles']
51,Hoima City,[],['Malaria'],[],[]
51,Rubanda,[],['Malaria'],[],[]
51,Mubende,[],['Malaria'],[],['Measles']
51,Kassanda,['Plague'],['Malaria'],[],['Measles']
51,Rwampara,[],[],['Malaria'],[]
51,Rukungiri,[],['Malaria'],[],[]
51,Butaleja,[],[],['Malaria'],['Measles']
51,Isingiro,[],['Malaria'],[],[]
51,Mitooma,[],['Malaria'],[],[]
51,Hoima,[],['Malaria'],[],['Measles']
51,Kalangala,[],['Malaria'],[],['Measles']
51,Jinja,[],['Malaria'],[],[]
51,Kyenjojo,[],['Malaria'],[],['Measles']
51,Bundibugyo,[],['Malaria'],[],[]
51,Manafwa,[],['Malaria'],[],[]
51,Rukiga,[],[],['Malaria'],[]
51,Budaka,[],['Malaria'],[],[]
51,Luuka,[],['Malaria'],[],[]
51,Kaliro,[],['Malaria'],[],[]
51,Butambala,[],"['Malaria', 'Maternal Death']",['Measles'],[]
51,Sironko,[],['Malaria'],[],[]
51,Terego,[],['Schistosomiasis'],['Malaria'],[]
51,Kikuube,[],['Malaria'],[],[]
51,Buyende,[],['Malaria'],[],['Measles']
51,Buvuma,[],['Malaria'],[],[]
51,Sheema,[],[],[],[]
51,Kabale,[],[],['Malaria'],[]
51,Kisoro,[],[],['Malaria'],[]
51,Masaka,[],['Malaria'],[],['Measles']
51,Gomba,[],['Malaria'],[],[]
51,Fort Portal City,[],[],['Malaria'],[]
51,Namutumba,[],['Malaria'],[],[]
51,Sembabule,[],['Malaria'],[],['Measles']
51,Butebo,[],['Malaria'],[],[]
51,Ntoroko,[],[],[],['Measles']
51,Kaabong,[],['Malaria'],[],[]
51,Kapchorwa,[],['Malaria'],[],[]
51,Kiruhura,[],['Malaria'],[],[]
50,Buyende,[],['Malaria'],[],[]
50,Kikuube,[],['Malaria'],[],[]
50,Kapchorwa,[],[],['Malaria'],[]
50,Ntoroko,[],['Schistosomiasis'],['Malaria'],[]
50,Butebo,[],['Malaria'],[],[]
50,Kiruhura,[],['Malaria'],[],[]
50,Butambala,[],"['Malaria', 'Maternal Death']",[],[]
50,Sembabule,[],['Malaria'],[],['Measles']
50,Masaka,['Acute Flaccid Paralysis'],['Malaria'],[],['Measles']
50,Fort Portal City,[],['Malaria'],[],[]
50,Gomba,[],['Malaria'],[],[]
50,Kisoro,[],['Malaria'],[],[]
50,Kabale,[],['Malaria'],[],[]
50,Sheema,[],[],[],[]
50,Namutumba,[],['Malaria'],['Measles'],[]
50,Rwampara,[],['Malaria'],[],[]
50,Bukomansimbi,[],['Malaria'],[],['Measles']
50,Kalangala,[],['Malaria'],[],['Measles']
50,Mbale,[],['Malaria'],[],['Measles']
50,Ibanda,[],['Malaria'],[],[]
50,Rubanda,[],[],['Malaria'],[]
50,Kyenjojo,[],['Malaria'],[],[]
50,Kaliro,[],['Malaria'],[],[]
50,Luuka,[],['Malaria'],[],[]
50,Budaka,['Maternal Death'],['Malaria'],[],[]
50,Rukiga,[],['Malaria'],[],[]
50,Manafwa,[],['Malaria'],[],[]
50,Bundibugyo,[],['Malaria'],[],[]
50,Jinja,[],['Malaria'],[],[]
50,Sironko,[],['Malaria'],[],[]
50,Hoima,[],['Malaria'],[],[]
50,Mitooma,[],[],['Malaria'],[]
50,Isingiro,[],['Malaria'],[],[]
50,Butaleja,[],['Malaria'],[],['Measles']
50,Rukungiri,[],['Malaria'],[],[]
50,Buvuma,[],['Malaria'],[],[]
50,Mayuge,[],['Malaria'],[],[]
50,Kaabong,[],['Malaria'],[],[]
50,Buhweju,[],['Malaria'],[],[]
50,Koboko,[],"['Malaria', 'Maternal Death']",[],[]
50,Kassanda,[],['Malaria'],[],['Measles']
50,Hoima City,[],"['Malaria', 'Maternal Death']",[],[]
50,Kakumiro,[],['Malaria'],[],[]
50,Namisindwa,[],['Malaria'],[],[]
50,Bududa,[],[],['Malaria'],[]
50,Rakai,[],['Malaria'],[],[]
50,Kalungu,[],['Malaria'],[],[]
50,Iganga,[],['Malaria'],[],['Measles']
50,Kyankwanzi,[],"['Malaria', 'Maternal Death']",[],['Measles']
50,Kamwenge,[],['Malaria'],[],['Measles']
50,Kamuli,[],"['Guinea Worm', 'Malaria']",[],[]
50,Kayunga,[],['Malaria'],[],['Measles']
50,Lwengo,[],"['Malaria', 'Maternal Death']",[],['Measles']
50,Namayingo,[],['Maternal Death'],[],[]
50,Terego,[],"['Malaria', 'Schistosomiasis']",[],[]
50,Buliisa,[],['Malaria'],[],['Measles']
50,Kasese,[],"['Malaria', 'Maternal Death']",[],[]
50,Kiryandongo,[],['Malaria'],[],['Measles']
50,Luwero,[],"['Malaria', 'Maternal Death']",[],['Measles']
50,Bulambuli,[],['Malaria'],[],['Measles']
50,Kween,[],['Malaria'],[],[]
50,Kazo,['Anthrax'],['Malaria'],[],[]
50,Mityana,[],['Malaria'],[],['Measles']
50,Masaka City,[],['Malaria'],[],[]
50,Bushenyi,[],[],[],[]
50,Amuru,['Cholera'],['Malaria'],[],['Measles']
50,Mbarara City,[],[],['Malaria'],['Measles']
50,Kyegegwa,[],['Malaria'],[],['Measles']
50,Mbarara,[],['Malaria'],[],[]
50,Gulu,[],[],['Malaria'],[]
50,Bunyangabu,[],['Malaria'],[],[]
50,Mubende,[],['Malaria'],[],['Measles']
50,Busia,[],['Malaria'],[],['Measles']
50,Nabilatuk,[],['Malaria'],[],[]
50,Ntungamo,[],[],['Malaria'],[]
50,Omoro,[],['Malaria'],[],['Measles']
50,Nebbi,[],['Malaria'],[],[]
50,Nakasongola,[],['Malaria'],[],[]
50,Bukwo,[],['Malaria'],[],[]
50,Nakapiripirit,[],['Malaria'],[],[]
50,Pakwach,[],['Malaria'],[],[]
50,Kibaale,[],['Malaria'],[],[]
50,Mpigi,['Plague'],['Malaria'],[],['Measles']
50,Bugweri,[],['Malaria'],[],['Measles']
50,Bugiri,[],['Malaria'],[],['Measles']
50,Buikwe,[],['Malaria'],[],[]
50,Lyantonde,[],['Malaria'],[],['Measles']
50,Kibuku,[],['Malaria'],[],['Measles']
50,Masindi,[],['Malaria'],[],[]
50,Obongi,[],[],['Malaria'],[]
50,Nwoya,[],['Malaria'],[],[]
50,Kitgum,[],['Malaria'],[],[]
50,Otuke,[],['Malaria'],[],['Measles']
50,Tororo,[],['Malaria'],[],['Measles']
50,Nakaseke,['Yellow Fever'],['Malaria'],[],['Measles']
50,Serere,[],['Malaria'],[],[]
50,0,[],[],[],[]
50,Kiboga,[],['Malaria'],[],['Measles']
50,Maracha,[],['Malaria'],[],[]
50,Arua,[],[],[],[]
50,Pallisa,[],['Malaria'],[],[]
50,Ngora,[],['Malaria'],[],[]
50,Lamwo,[],['Malaria'],[],[]
50,Soroti,[],['Malaria'],[],[]
50,Kumi,[],['Malaria'],[],[]
50,Apac,[],['Malaria'],[],[]
50,Madi-Okollo,[],['Malaria'],[],[]
50,Kapelebyong,[],['Malaria'],[],[]
50,Amolatar,[],['Malaria'],[],[]
50,Moroto,"['Acute Flaccid Paralysis', 'Measles']",['Malaria'],[],[]
50,Jinja City,[],['Malaria'],[],[]
50,Bukedea,[],['Malaria'],[],[]
50,Kole,['Acute Flaccid Paralysis'],['Malaria'],[],['Measles']
50,Lira City,[],"['Malaria', 'Maternal Death']",[],[]
50,Soroti City,[],"['Malaria', 'Maternal Death']",[],[]
50,Kitagwenda,[],['Malaria'],[],[]
50,Kaberamaido,[],['Malaria'],[],['Measles']
50,Abim,[],['Malaria'],['Measles'],[]
50,Agago,[],['Malaria'],[],[]
50,Amudat,[],['Malaria'],[],['Measles']
50,Kagadi,[],['Malaria'],[],[]
50,Kwania,[],['Malaria'],[],[]
50,Amuria,[],['Malaria'],[],[]
50,Mukono,[],['Malaria'],[],['Measles']
50,Oyam,[],"['Malaria', 'Maternal Death']",[],[]
50,Dokolo,[],['Malaria'],[],[]
50,Kalaki,[],['Malaria'],[],[]
50,Lira,[],['Malaria'],[],['Measles']
50,Napak,['Measles'],['Malaria'],[],[]
50,Mbale City,[],['Malaria'],[],[]
50,Alebtong,[],['Malaria'],[],[]
50,Karenga,[],[],[],[]
50,Adjumani,[],"['Cholera', 'Malaria']",[],[]
50,Wakiso,[],['Malaria'],['Measles'],[]
50,Arua City,[],"['Malaria', 'Maternal Death']",[],[]
50,Kabarole,[],['Malaria'],[],[]
50,Gulu City,[],['Malaria'],[],[]
50,Kampala,['Acute Flaccid Paralysis'],"['Malaria', 'Maternal Death']",[],['Measles']
50,Pader,[],['Malaria'],[],['Measles']
50,Zombo,[],['Malaria'],[],['Measles']
50,Yumbe,['Acute Flaccid Paralysis'],['Malaria'],[],[]
50,Kotido,['Acute Flaccid Paralysis'],['Malaria'],[],[]
50,Moyo,[],[],['Malaria'],[]
50,Rubirizi,[],['Malaria'],[],[]
50,Kyotera,[],['Malaria'],[],['Measles']
50,Kanungu,['Anthrax'],['Malaria'],[],[]
50,Katakwi,[],['Malaria'],[],['Measles']
49,Namutumba,[],['Malaria'],[],['Measles']
49,Karenga,[],['Malaria'],[],[]
49,Kaabong,[],['Malaria'],[],[]
49,Ntoroko,[],['Schistosomiasis'],[],['Measles']
49,Butebo,[],['Malaria'],[],['Measles']
49,Kiruhura,[],['Malaria'],[],[]
49,Ibanda,[],['Malaria'],[],[]
49,Buyende,[],['Malaria'],[],['Measles']
49,Masaka,[],['Malaria'],[],['Measles']
49,Fort Portal City,[],[],['Malaria'],[]
49,Gomba,[],['Malaria'],[],[]
49,Kisoro,[],['Maternal Death'],[],[]
49,Kabale,[],[],[],[]
49,Sheema,[],[],[],[]
49,Butaleja,[],['Malaria'],[],['Measles']
49,Sembabule,[],['Malaria'],[],['Measles']
49,Nabilatuk,[],['Malaria'],[],['Measles']
49,Sironko,[],"['Malaria', 'Maternal Death']",[],[]
49,Butambala,[],['Malaria'],[],['Measles']
49,Buvuma,[],['Malaria'],[],['Measles']
49,Bukomansimbi,[],['Malaria'],[],[]
49,Kyenjojo,[],['Malaria'],[],[]
49,Mbale,[],['Malaria'],[],['Measles']
49,Kaliro,[],['Malaria'],[],[]
49,Luuka,[],['Malaria'],[],[]
49,Budaka,[],['Malaria'],[],[]
49,Rukiga,[],[],['Malaria'],[]
49,Manafwa,[],['Malaria'],[],[]
49,Bundibugyo,[],['Malaria'],[],[]
49,Jinja,[],['Malaria'],[],[]
49,Kalangala,[],['Malaria'],[],['Measles']
49,Hoima,[],['Malaria'],[],[]
49,Mitooma,[],['Malaria'],[],[]
49,Isingiro,[],['Malaria'],[],[]
49,Kikuube,[],['Malaria'],[],[]
49,Amuru,[],"['Cholera', 'Malaria']",[],[]
49,Rukungiri,[],['Malaria'],[],[]
49,Luwero,[],['Malaria'],[],['Measles']
49,Buliisa,[],[],['Malaria'],['Measles']
49,Kasese,[],['Malaria'],[],[]
49,Iganga,[],['Malaria'],[],['Measles']
49,Kakumiro,[],['Malaria'],[],[]
49,Namisindwa,[],['Malaria'],[],[]
49,Bududa,[],[],[],[]
49,Kalungu,[],['Malaria'],[],['Measles']
49,Lwengo,[],['Malaria'],[],['Measles']
49,Kassanda,[],['Malaria'],[],[]
49,Kyankwanzi,[],['Malaria'],[],['Measles']
49,Namayingo,[],[],['Malaria'],[]
49,Kamwenge,[],['Malaria'],[],['Measles']
49,Kamuli,[],['Malaria'],[],[]
49,Kayunga,[],"['Malaria', 'Maternal Death']",[],['Measles']
49,0,[],[],[],[]
49,Wakiso,[],"['Malaria', 'Maternal Death']",[],['Measles']
49,Buhweju,[],[],['Malaria'],[]
49,Rakai,[],['Malaria'],[],[]
49,Mayuge,[],"['Malaria', 'Maternal Death']",[],[]
49,Bushenyi,[],[],['Malaria'],[]
49,Bulambuli,[],['Malaria'],[],['Measles']
49,Kween,[],['Malaria'],[],[]
49,Kazo,['Anthrax'],['Malaria'],[],[]
49,Mityana,[],['Malaria'],['Measles'],[]
49,Masaka City,[],['Malaria'],['Measles'],[]
49,Kiryandongo,[],"['Malaria', 'Maternal Death']",[],[]
49,Mbarara City,[],['Malaria'],[],[]
49,Hoima City,[],"['Malaria', 'Maternal Death']",[],['Measles']
49,Kyegegwa,[],['Malaria'],[],['Measles']
49,Mbarara,[],['Malaria'],[],[]
49,Gulu,[],['Malaria'],[],[]
49,Bunyangabu,[],['Malaria'],[],[]
49,Mubende,[],['Malaria'],[],['Measles']
49,Koboko,[],['Malaria'],[],[]
49,Rwampara,[],['Malaria'],[],[]
49,Tororo,['Yellow Fever'],['Malaria'],[],['Measles']
49,Terego,[],['Schistosomiasis'],['Malaria'],[]
49,Buikwe,[],['Malaria'],[],['Measles']
49,Omoro,[],['Malaria'],[],['Measles']
49,Bukwo,[],['Malaria'],[],[]
49,Nakapiripirit,[],['Malaria'],[],['Measles']
49,Pakwach,[],['Malaria'],[],[]
49,Kibaale,[],['Malaria'],[],[]
49,Mpigi,[],['Malaria'],[],[]
49,Bugweri,[],['Malaria'],[],['Measles']
49,Nakasongola,[],['Malaria'],[],[]
49,Bugiri,[],[],['Malaria'],['Measles']
49,Kibuku,['Acute Flaccid Paralysis'],['Malaria'],[],[]
49,Masindi,[],['Malaria'],[],[]
49,Obongi,[],[],[],[]
49,Nwoya,[],['Malaria'],[],[]
49,Jinja City,[],['Malaria'],[],['Measles']
49,Ntungamo,[],['Malaria'],[],[]
49,Napak,['Measles'],['Malaria'],[],[]
49,Bukedea,[],['Malaria'],[],[]
49,Soroti,[],['Malaria'],[],[]
49,Lyantonde,[],['Malaria'],[],[]
49,Kitgum,[],['Malaria'],[],[]
49,Maracha,[],['Malaria'],[],[]
49,Arua,[],[],[],[]
49,Pallisa,[],['Malaria'],[],[]
49,Ngora,[],['Malaria'],[],[]
49,Lamwo,[],"['Cholera', 'Malaria']",[],[]
49,Apac,[],['Malaria'],[],[]
49,Kumi,[],['Malaria'],[],[]
49,Kiboga,[],['Malaria'],[],['Measles']
49,Kapelebyong,[],['Malaria'],[],[]
49,Amolatar,[],['Malaria'],[],[]
49,Moroto,[],"['Malaria', 'Measles']",[],[]
49,Madi-Okollo,[],['Malaria'],[],[]
49,Otuke,[],['Malaria'],[],['Measles']
49,Nakaseke,[],['Malaria'],[],['Measles']
49,Alebtong,[],['Malaria'],[],[]
49,Rubanda,[],[],['Malaria'],[]
49,Nebbi,[],['Malaria'],[],[]
49,Mukono,[],['Malaria'],[],['Measles']
49,Kole,[],['Malaria'],[],['Measles']
49,Yumbe,['Acute Flaccid Paralysis'],[],['Malaria'],[]
49,Kaberamaido,[],['Malaria'],[],['Measles']
49,Abim,[],['Malaria'],[],['Measles']
49,Agago,[],['Malaria'],[],[]
49,Amudat,[],['Malaria'],['Measles'],[]
49,Serere,[],['Malaria'],[],[]
49,Kitagwenda,[],['Malaria'],[],[]
49,Amuria,[],['Malaria'],[],[]
49,Oyam,[],['Malaria'],[],['Measles']
49,Dokolo,[],['Malaria'],[],[]
49,Kalaki,[],"['Malaria', 'Maternal Death']",[],['Measles']
49,Lira,[],"['Malaria', 'Measles']",[],[]
49,Busia,[],['Malaria'],[],['Measles']
49,Lira City,[],"['Malaria', 'Maternal Death']",[],[]
49,Kagadi,[],['Malaria'],[],['Measles']
49,Kwania,[],['Malaria'],[],[]
49,Soroti City,[],['Malaria'],[],[]
49,Kotido,[],['Malaria'],[],[]
49,Mbale City,[],['Malaria'],['Measles'],[]
49,Kabarole,[],['Malaria'],[],[]
49,Gulu City,[],['Malaria'],[],[]
49,Kampala,"['Plague', 'Yellow Fever']","['Malaria', 'Maternal Death']",['Measles'],[]
49,Pader,[],['Malaria'],[],['Measles']
49,Adjumani,[],"['Cholera', 'Malaria']",[],[]
49,Zombo,[],[],['Malaria'],[]
49,Katakwi,[],['Malaria'],[],[]
49,Arua City,[],"['Malaria', 'Maternal Death']",[],[]
49,Moyo,[],['Malaria'],[],[]
49,Rubirizi,[],['Malaria'],[],[]
49,Kyotera,[],['Malaria'],[],['Measles']
49,Kanungu,['Anthrax'],['Malaria'],[],['Measles']
49,Kapchorwa,[],[],['Malaria'],[]
48,Kiruhura,[],['Malaria'],[],[]
48,Sembabule,['Anthrax'],['Malaria'],[],[]
48,Mubende,[],['Malaria'],[],['Measles']
48,Karenga,[],['Malaria'],[],[]
48,Kaabong,[],['Malaria'],[],[]
48,Ntoroko,[],[],[],[]
48,Butebo,[],['Malaria'],[],['Measles']
48,Sheema,[],[],['Malaria'],[]
48,Buyende,[],['Malaria'],[],['Measles']
48,Namutumba,['Yellow Fever'],['Malaria'],[],['Measles']
48,Fort Portal City,[],[],['Malaria'],['Measles']
48,Gomba,[],['Malaria'],[],['Measles']
48,Masaka,[],['Malaria'],[],[]
48,Kisoro,[],['Malaria'],[],[]
48,Kabale,[],[],[],['Measles']
48,Buvuma,[],['Malaria'],[],[]
48,Butambala,[],['Malaria'],[],[]
48,Rukungiri,[],['Malaria'],[],[]
48,Kikuube,['Yellow Fever'],['Malaria'],[],[]
48,Isingiro,['Anthrax'],['Malaria'],[],[]
48,Nabilatuk,[],['Malaria'],[],[]
48,Rwampara,[],['Malaria'],[],[]
48,Kyenjojo,[],['Malaria'],[],['Measles']
48,Mbale,[],['Malaria'],[],[]
48,Kaliro,['Plague'],['Malaria'],[],['Measles']
48,Luuka,[],['Malaria'],[],[]
48,Budaka,[],"['Malaria', 'Maternal Death']",[],['Measles']
48,Rukiga,[],['Malaria'],[],[]
48,Manafwa,[],['Malaria'],[],[]
48,Bundibugyo,['Anthrax'],['Malaria'],[],[]
48,Jinja,[],['Malaria'],[],[]
48,Sironko,[],['Malaria'],[],[]
48,Kalangala,[],['Malaria'],[],[]
48,Hoima,[],['Malaria'],[],[]
48,Mitooma,[],['Malaria'],[],[]
48,Butaleja,[],['Malaria'],['Measles'],[]
48,Rubanda,[],['Malaria'],[],[]
48,Ibanda,[],['Malaria'],[],[]
48,Mayuge,[],['Malaria'],[],[]
48,Kayunga,[],['Malaria'],[],['Measles']
48,Bukomansimbi,[],['Malaria'],[],['Measles']
48,Buhweju,[],['Malaria'],[],[]
48,Kasese,[],"['Malaria', 'Maternal Death']",[],['Measles']
48,Iganga,[],['Malaria'],[],['Measles']
48,Namisindwa,[],['Malaria'],[],[]
48,Kakumiro,[],['Malaria'],[],[]
48,Rakai,[],['Malaria'],[],[]
48,Kalungu,[],['Malaria'],[],['Measles']
48,Kassanda,[],['Malaria'],[],['Measles']
48,Kyankwanzi,[],['Malaria'],[],['Measles']
48,Namayingo,[],[],['Malaria'],[]
48,Kamwenge,[],['Malaria'],[],[]
48,Kamuli,[],"['Malaria', 'Maternal Death']",[],[]
48,Wakiso,[],['Malaria'],['Measles'],[]
48,Bududa,['Acute Flaccid Paralysis'],[],['Malaria'],[]
48,Lwengo,[],['Malaria'],[],['Measles']
48,Bunyangabu,[],['Malaria'],[],[]
48,Mityana,[],['Malaria'],[],['Measles']
48,Koboko,[],['Malaria'],[],[]
48,Luwero,['Acute Flaccid Paralysis'],['Malaria'],[],['Measles']
48,Buliisa,[],"['Malaria', 'Schistosomiasis']",[],['Measles']
48,Bulambuli,[],['Malaria'],[],[]
48,Kween,[],['Malaria'],[],[]
48,Kazo,['Anthrax'],['Malaria'],[],[]
48,Masaka City,[],[],['Malaria'],['Measles']
48,Hoima City,[],['Malaria'],['Influenza new subtype'],[]
48,Kiryandongo,['Acute Flaccid Paralysis'],['Malaria'],['Measles'],[]
48,Bushenyi,[],[],['Malaria'],[]
48,Mbarara City,[],['Malaria'],[],[]
48,Kyegegwa,[],['Malaria'],[],['Measles']
48,Mbarara,[],['Malaria'],[],['Measles']
48,Gulu,[],[],['Malaria'],[]
48,Amuru,[],"['Cholera', 'Malaria']",[],[]
48,Kapchorwa,[],['Malaria'],[],[]
48,Kanungu,[],['Malaria'],[],['Measles']
48,Bukedea,[],['Malaria'],[],[]
48,Nwoya,[],['Malaria'],[],[]
48,Busia,[],['Malaria'],[],[]
48,Napak,[],"['Malaria', 'Measles']",[],[]
48,Ntungamo,[],[],['Malaria'],[]
48,Bukwo,[],[],['Malaria'],[]
48,Nakapiripirit,[],"['Malaria', 'Measles']",[],[]
48,Pakwach,[],"['Malaria', 'Schistosomiasis']",[],[]
48,Kibaale,[],['Malaria'],[],[]
48,Mpigi,[],"['Malaria', 'Maternal Death']",[],[]
48,Bugweri,[],['Malaria'],[],[]
48,Nakasongola,[],['Malaria'],[],[]
48,Bugiri,[],['Malaria'],['Measles'],[]
48,Lyantonde,[],['Malaria'],[],[]
48,Kibuku,[],['Malaria'],[],['Measles']
48,Masindi,[],['Malaria'],[],['Measles']
48,Jinja City,[],['Malaria'],[],[]
48,Nakaseke,[],['Malaria'],[],['Measles']
48,Otuke,[],"['Malaria', 'Maternal Death']",[],[]
48,Moroto,[],['Malaria'],['Measles'],[]
48,Lira,[],['Malaria'],[],['Measles']
48,Buikwe,[],"['Malaria', 'Maternal Death']",[],['Measles']
48,Madi-Okollo,[],['Malaria'],[],[]
48,Kitgum,[],['Malaria'],[],[]
48,Maracha,[],"['Malaria', 'Maternal Death']",[],[]
48,Arua,[],[],[],[]
48,Pallisa,[],['Malaria'],[],['Measles']
48,Ngora,[],['Malaria'],[],['Measles']
48,Lamwo,[],['Malaria'],[],[]
48,Soroti,[],['Malaria'],[],[]
48,Kumi,[],['Malaria'],[],[]
48,Kiboga,[],['Malaria'],[],['Measles']
48,Apac,[],['Malaria'],[],[]
48,Kapelebyong,[],['Malaria'],[],[]
48,Amolatar,[],['Malaria'],[],[]
48,Obongi,[],[],[],[]
48,Terego,[],['Schistosomiasis'],['Malaria'],[]
48,Omoro,['Maternal Death'],['Malaria'],[],[]
48,Soroti City,[],['Malaria'],[],[]
48,Serere,['Acute Flaccid Paralysis'],['Malaria'],[],[]
48,Kagadi,[],['Malaria'],[],[]
48,Kole,[],['Malaria'],[],['Measles']
48,Yumbe,['Acute Flaccid Paralysis'],['Malaria'],[],['Measles']
48,Kaberamaido,[],['Malaria'],[],['Measles']
48,Abim,[],['Malaria'],[],['Measles']
48,Agago,[],['Malaria'],[],[]
48,Amudat,[],['Malaria'],['Measles'],[]
48,Kwania,[],['Malaria'],[],['Measles']
48,Alebtong,[],['Malaria'],[],[]
48,Kitagwenda,[],['Malaria'],[],[]
48,Amuria,[],['Malaria'],[],[]
48,Oyam,[],"['Malaria', 'Maternal Death']",[],[]
48,Dokolo,[],['Malaria'],[],[]
48,Tororo,[],['Malaria'],[],[]
48,Mukono,[],['Malaria'],[],['Measles']
48,Kalaki,[],['Malaria'],[],['Measles']
48,0,[],[],[],[]
48,Pader,[],['Malaria'],[],[]
48,Kyotera,[],['Malaria'],[],['Measles']
48,Mbale City,[],"['Malaria', 'Maternal Death']",[],['Measles']
48,Lira City,[],"['Malaria', 'Maternal Death']",[],[]
48,Arua City,['Yellow Fever'],"['Malaria', 'Maternal Death']",[],[]
48,Kabarole,[],['Malaria'],[],['Measles']
48,Gulu City,[],['Malaria'],[],['Measles']
48,Kampala,[],"['Malaria', 'Maternal Death']",['Measles'],[]
48,Nebbi,[],['Malaria'],[],[]
48,Zombo,[],['Malaria'],[],[]
48,Kotido,[],['Malaria'],[],[]
48,Katakwi,[],['Malaria'],[],[]
48,Moyo,[],['Malaria'],[],[]
48,Rubirizi,[],['Malaria'],[],[]
48,Adjumani,[],"['Cholera', 'Malaria']",[],[]
47,Buyende,[],['Malaria'],[],['Measles']
47,Karenga,[],['Malaria'],[],[]
47,Kaabong,['Yellow Fever'],['Malaria'],[],[]
47,Ntoroko,[],[],['Malaria'],['Measles']
47,Butebo,[],['Malaria'],[],[]
47,Sembabule,['Anthrax'],['Malaria'],[],['Measles']
47,Mubende,[],['Malaria'],['Measles'],[]
47,Sheema,[],[],[],[]
47,Masaka,[],['Malaria'],[],[]
47,Fort Portal City,[],[],['Malaria'],['Measles']
47,Gomba,[],['Malaria'],[],[]
47,Kisoro,[],"['Malaria', 'Maternal Death']",[],[]
47,Kabale,[],['Malaria'],[],['Measles']
47,Isingiro,['Acute Flaccid Paralysis'],['Malaria'],[],[]
47,Rukungiri,[],['Malaria'],[],['Measles']
47,Kanungu,[],['Malaria'],[],[]
47,Nabilatuk,[],['Malaria'],[],[]
47,Sironko,[],"['Malaria', 'Maternal Death']",[],[]
47,Kiruhura,[],['Malaria'],[],[]
47,Namutumba,[],['Malaria'],[],[]
47,Koboko,[],['Malaria'],[],[]
47,Kyenjojo,[],['Malaria'],[],[]
47,Mbale,[],['Malaria'],[],['Measles']
47,Kaliro,[],['Malaria'],[],[]
47,Luuka,[],['Malaria'],[],[]
47,Budaka,[],['Malaria'],[],[]
47,Rukiga,[],[],['Malaria'],[]
47,Manafwa,[],['Malaria'],[],[]
47,Bundibugyo,[],['Malaria'],[],[]
47,Jinja,[],['Malaria'],[],[]
47,Kalangala,[],['Malaria'],[],[]
47,Hoima,[],['Malaria'],[],['Measles']
47,Mitooma,[],['Malaria'],[],[]
47,Buvuma,[],['Malaria'],[],[]
47,Butambala,[],['Malaria'],[],[]
47,Ibanda,[],['Malaria'],[],[]
47,Kikuube,['Yellow Fever'],['Malaria'],[],[]
47,Luwero,[],['Malaria'],[],['Measles']
47,Buliisa,[],['Malaria'],[],['Measles']
47,Kasese,[],['Malaria'],[],[]
47,Iganga,[],['Malaria'],[],[]
47,Kakumiro,[],['Malaria'],[],['Measles']
47,Namisindwa,[],['Malaria'],[],[]
47,Rakai,[],['Malaria'],[],[]
47,Kayunga,[],['Malaria'],[],[]
47,Kalungu,[],['Malaria'],[],['Measles']
47,Kassanda,['Plague'],['Malaria'],[],['Measles']
47,Kyankwanzi,[],['Malaria'],[],['Measles']
47,Namayingo,[],['Malaria'],[],[]
47,Kamwenge,[],"['Malaria', 'Maternal Death']",[],[]
47,Kamuli,[],"['Guinea Worm', 'Malaria']",[],['Measles']
47,Kyotera,[],['Malaria'],['Measles'],[]
47,0,[],[],[],[]
47,Wakiso,[],"['Malaria', 'Measles']",[],[]
47,Buhweju,[],['Malaria'],[],[]
47,Bukomansimbi,[],['Malaria'],[],['Measles']
47,Bududa,['Acute Flaccid Paralysis'],[],['Malaria'],[]
47,Bushenyi,[],[],['Malaria'],[]
47,Bulambuli,[],['Malaria'],[],[]
47,Kween,[],['Malaria'],[],[]
47,Kazo,[],"['Malaria', 'Maternal Death']",[],[]
47,Mityana,[],['Malaria'],[],['Measles']
47,Masaka City,[],[],['Malaria'],['Measles']
47,Kiryandongo,[],['Malaria'],[],['Measles']
47,Mbarara City,[],['Malaria'],[],[]
47,Lwengo,[],['Malaria'],[],['Measles']
47,Kyegegwa,[],['Malaria'],[],['Measles']
47,Mbarara,[],['Malaria'],[],[]
47,Gulu,[],['Malaria'],[],[]
47,Bunyangabu,[],['Malaria'],[],['Measles']
47,Hoima City,[],['Malaria'],[],[]
47,Mayuge,[],['Malaria'],[],['Measles']
47,Rwampara,[],[],['Malaria'],[]
47,Ngora,[],['Malaria'],[],[]
47,Butaleja,[],[],['Malaria'],[]
47,Jinja City,['Yellow Fever'],['Malaria'],[],[]
47,Napak,['Measles'],['Malaria'],[],[]
47,Ntungamo,[],"['Malaria', 'Maternal Death']",[],['Measles']
47,Bukwo,[],['Malaria'],[],[]
47,Nakapiripirit,[],"['Malaria', 'Measles']",[],[]
47,Pakwach,[],['Malaria'],[],[]
47,Mpigi,[],['Malaria'],[],['Measles']
47,Nwoya,[],['Malaria'],[],[]
47,Bugweri,[],['Malaria'],[],['Measles']
47,Nakasongola,[],['Malaria'],[],['Measles']
47,Lyantonde,[],['Malaria'],[],[]
47,Kibuku,[],['Malaria'],[],[]
47,Masindi,[],['Malaria'],[],[]
47,Obongi,[],[],[],[]
47,Busia,[],['Malaria'],[],[]
47,Kalaki,[],['Malaria'],[],['Measles']
47,Kibaale,[],['Malaria'],[],[]
47,Bugiri,[],['Malaria'],[],['Measles']
47,Omoro,[],['Malaria'],[],[]
47,Bukedea,[],['Malaria'],[],[]
47,Amuru,[],"['Cholera', 'Malaria']",[],['Measles']
47,Madi-Okollo,['Acute Flaccid Paralysis'],['Malaria'],[],[]
47,Kitgum,[],['Malaria'],[],[]
47,Maracha,[],['Malaria'],[],[]
47,Arua,[],[],['Malaria'],[]
47,Pallisa,[],['Malaria'],[],[]
47,Amolatar,[],['Malaria'],[],[]
47,Lamwo,[],['Malaria'],[],[]
47,Soroti,[],['Malaria'],[],[]
47,Kumi,[],['Malaria'],[],[]
47,Kiboga,[],['Malaria'],[],['Measles']
47,Apac,[],['Malaria'],[],[]
47,Kapelebyong,[],['Malaria'],[],[]
47,Buikwe,[],['Malaria'],[],['Measles']
47,Moroto,[],['Malaria'],[],['Measles']
47,Otuke,[],['Malaria'],[],['Measles']
47,Nakaseke,[],['Malaria'],[],['Measles']
47,Soroti City,[],"['Malaria', 'Maternal Death']",[],['Measles']
47,Agago,[],"['Malaria', 'Maternal Death']",[],[]
47,Nebbi,[],['Malaria'],[],[]
47,Kole,[],['Malaria'],[],['Measles']
47,Yumbe,['Acute Flaccid Paralysis'],[],['Malaria'],[]
47,Kaberamaido,[],['Malaria'],[],['Measles']
47,Abim,[],['Malaria'],[],[]
47,Amudat,[],[],"['Malaria', 'Measles']",[]
47,Lira,[],['Malaria'],['Measles'],[]
47,Kagadi,[],['Malaria'],[],[]
47,Kwania,[],['Malaria'],[],[]
47,Kitagwenda,[],['Malaria'],[],[]
47,Amuria,[],['Malaria'],[],[]
47,Oyam,[],['Malaria'],[],[]
47,Dokolo,[],['Malaria'],[],[]
47,Kapchorwa,[],['Malaria'],[],[]
47,Mbale City,[],['Malaria'],['Measles'],[]
47,Tororo,[],"['Malaria', 'Maternal Death']",[],['Measles']
47,Rubanda,[],['Malaria'],[],[]
47,Alebtong,[],['Malaria'],[],[]
47,Adjumani,[],"['Cholera', 'Malaria']",[],[]
47,Serere,['Acute Flaccid Paralysis'],['Malaria'],[],[]
47,Arua City,[],['Malaria'],[],[]
47,Kabarole,[],['Malaria'],[],[]
47,Gulu City,[],"['Malaria', 'Maternal Death']",[],[]
47,Kampala,['Acute Flaccid Paralysis'],['Malaria'],['Measles'],[]
47,Pader,[],['Malaria'],[],['Measles']
47,Zombo,[],['Malaria'],[],[]
47,Lira City,[],['Malaria'],[],[]
47,Kotido,[],['Malaria'],[],[]
47,Moyo,[],['Malaria'],[],[]
47,Rubirizi,[],['Malaria'],[],[]
47,Terego,[],[],['Malaria'],[]
47,Mukono,[],['Malaria'],[],['Measles']
47,Katakwi,[],['Malaria'],[],[]
46,Zombo,[],[],['Malaria'],[]
46,Kanungu,[],['Malaria'],[],[]
46,Kyotera,[],"['Malaria', 'Measles']",[],[]
46,Rubirizi,[],['Malaria'],[],[]
46,Moyo,[],[],['Malaria'],[]
46,Katakwi,[],['Malaria'],[],[]
46,Nebbi,[],['Malaria'],[],[]
46,Kotido,['Acute Flaccid Paralysis'],['Malaria'],[],[]
46,Kampala,['Acute Flaccid Paralysis'],"['Malaria', 'Maternal Death', 'Schistosomiasis']",['Measles'],[]
46,Mbale City,[],"['Malaria', 'Maternal Death']",[],['Measles']
46,Pader,[],['Malaria'],[],['Measles']
46,Gulu City,[],['Malaria'],[],[]
46,Kabarole,['Acute Flaccid Paralysis'],['Malaria'],[],[]
46,Arua City,[],['Malaria'],[],[]
46,Lira City,[],"['Cholera', 'Malaria', 'Maternal Death']",[],[]
46,Soroti City,[],['Malaria'],[],['Measles']
46,Adjumani,[],['Malaria'],[],[]
46,Amudat,[],"['Malaria', 'Measles']",[],[]
46,Mukono,[],['Malaria'],[],['Measles']
46,Serere,['Acute Flaccid Paralysis'],['Malaria'],[],[]
46,Nakasongola,[],['Malaria'],[],['Measles']
46,Alebtong,[],['Malaria'],[],[]
46,Lira,[],['Malaria'],[],[]
46,Kalaki,[],['Malaria'],[],['Measles']
46,Dokolo,[],['Malaria'],[],[]
46,Oyam,[],['Malaria'],[],['Measles']
46,Amuria,[],['Malaria'],[],[]
46,Kitagwenda,[],['Malaria'],[],[]
46,Kwania,[],['Malaria'],[],[]
46,Kagadi,[],['Malaria'],[],[]
46,Agago,[],['Malaria'],[],[]
46,Abim,[],['Malaria'],[],[]
46,Kaberamaido,[],['Malaria'],[],[]
46,Yumbe,['Acute Flaccid Paralysis'],['Malaria'],[],[]
46,Kole,[],['Malaria'],[],['Measles']
46,Tororo,[],['Malaria'],[],['Measles']
46,Nabilatuk,[],['Malaria'],[],[]
46,Nwoya,[],['Malaria'],[],[]
46,Obongi,[],[],[],[]
46,Amolatar,[],['Malaria'],[],[]
46,Kapelebyong,[],['Malaria'],[],[]
46,Apac,[],['Malaria'],[],[]
46,Kiboga,[],['Malaria'],[],['Measles']
46,Soroti,[],['Malaria'],[],['Measles']
46,Madi-Okollo,[],['Malaria'],[],[]
46,Lamwo,[],['Malaria'],[],[]
46,Ngora,[],['Malaria'],[],[]
46,Pallisa,[],['Malaria'],[],[]
46,Arua,[],[],[],[]
46,Maracha,[],['Malaria'],[],[]
46,Kitgum,[],['Malaria'],[],[]
46,Busia,[],['Malaria'],[],[]
46,Karenga,[],['Malaria'],[],[]
46,0,[],[],[],[]
46,Moroto,[],"['Malaria', 'Maternal Death', 'Measles']",[],[]
46,Nakaseke,['Yellow Fever'],['Malaria'],[],['Measles']
46,Kumi,[],['Malaria'],[],[]
46,Mpigi,[],['Malaria'],[],[]
46,Masindi,[],['Malaria'],[],[]
46,Kibuku,[],['Malaria'],[],[]
46,Lyantonde,[],['Malaria'],[],[]
46,Bugiri,[],[],['Malaria'],['Measles']
46,Bugweri,[],['Malaria'],[],['Measles']
46,Buikwe,[],['Malaria'],[],['Measles']
46,Kibaale,[],['Malaria'],[],[]
46,Otuke,[],['Malaria'],[],['Measles']
46,Pakwach,[],['Malaria'],[],[]
46,Nakapiripirit,[],"['Malaria', 'Measles']",[],[]
46,Bukwo,[],[],['Malaria'],[]
46,Ntungamo,[],['Malaria'],[],[]
46,Jinja City,[],['Malaria'],[],['Measles']
46,Bukedea,[],['Malaria'],[],[]
46,Napak,['Measles'],['Malaria'],[],[]
46,Omoro,[],['Malaria'],[],[]
46,Kapchorwa,[],[],['Malaria'],[]
46,Luwero,['Yellow Fever'],['Malaria'],[],['Measles']
46,Amuru,[],['Malaria'],[],[]
46,Mubende,[],['Malaria'],[],['Measles']
46,Bunyangabu,[],['Malaria'],[],['Measles']
46,Gulu,[],['Malaria'],[],[]
46,Mbarara,['Acute Flaccid Paralysis'],['Malaria'],[],[]
46,Kyegegwa,[],['Malaria'],[],['Measles']
46,Bushenyi,[],['Malaria'],[],[]
46,Buliisa,[],['Malaria'],[],['Measles']
46,Kiryandongo,[],['Malaria'],[],['Measles']
46,Masaka City,[],['Maternal Death'],['Malaria'],['Measles']
46,Mityana,[],"['Malaria', 'Maternal Death']",[],['Measles']
46,Kazo,[],['Malaria'],[],[]
46,Kween,[],['Malaria'],[],[]
46,Bulambuli,[],['Malaria'],[],[]
46,Buhweju,[],[],['Malaria'],[]
46,Mbarara City,[],['Malaria'],[],[]
46,Koboko,[],[],['Malaria'],[]
46,Wakiso,['Yellow Fever'],['Malaria'],['Measles'],[]
46,Hoima City,[],"['Malaria', 'Maternal Death']",[],[]
46,Mayuge,[],['Malaria'],[],[]
46,Lwengo,[],['Malaria'],[],['Measles']
46,Kayunga,[],['Malaria'],[],['Measles']
46,Kamuli,[],['Malaria'],[],['Measles']
46,Kamwenge,[],['Malaria'],[],[]
46,Namayingo,[],['Malaria'],[],['Measles']
46,Kyankwanzi,[],['Malaria'],[],['Measles']
46,Kassanda,[],['Malaria'],[],['Measles']
46,Kalungu,[],['Malaria'],[],['Measles']
46,Rakai,[],['Malaria'],[],[]
46,Bududa,[],[],['Malaria'],[]
46,Namisindwa,[],['Malaria'],[],[]
46,Kakumiro,[],['Malaria'],[],[]
46,Iganga,[],['Malaria'],[],['Measles']
46,Kasese,[],"['Malaria', 'Maternal Death']",[],['Measles']
46,Rubanda,[],['Malaria'],[],[]
46,Terego,[],['Schistosomiasis'],['Malaria'],[]
46,Bukomansimbi,[],['Malaria'],[],['Measles']
46,Rwampara,[],[],['Malaria'],[]
46,Sironko,[],['Malaria'],[],['Measles']
46,Rukungiri,[],['Malaria'],[],[]
46,Butaleja,[],[],['Malaria'],['Measles']
46,Isingiro,[],['Malaria'],[],[]
46,Mitooma,[],[],['Malaria'],[]
46,Hoima,[],[],['Malaria'],[]
46,Jinja,[],['Malaria'],[],[]
46,Mbale,[],['Malaria'],[],['Measles']
46,Bundibugyo,[],['Malaria'],[],[]
46,Manafwa,[],['Malaria'],[],[]
46,Rukiga,[],[],[],[]
46,Budaka,[],['Malaria'],[],[]
46,Luuka,[],['Malaria'],[],[]
46,Kaliro,[],['Malaria'],[],[]
46,Ibanda,[],['Malaria'],[],[]
46,Kyenjojo,[],['Malaria'],[],['Measles']
46,Kalangala,[],['Malaria'],[],[]
46,Kikuube,[],['Malaria'],[],[]
46,Gomba,[],['Malaria'],[],['Measles']
46,Kaabong,[],['Malaria'],[],['Measles']
46,Butambala,[],['Malaria'],[],['Measles']
46,Namutumba,[],['Malaria'],[],[]
46,Sheema,[],[],[],[]
46,Kabale,[],['Malaria'],[],[]
46,Masaka,[],['Malaria'],[],[]
46,Kisoro,[],[],[],[]
46,Fort Portal City,[],[],['Malaria'],[]
46,Buvuma,[],['Malaria'],[],[]
46,Buyende,[],['Malaria'],[],[]
46,Sembabule,['Anthrax'],['Malaria'],[],['Measles']
46,Kiruhura,[],['Malaria'],[],[]
46,Butebo,[],['Malaria'],[],[]
46,Ntoroko,[],[],[],['Measles']
45,Zombo,[],[],['Malaria'],['Measles']
45,Wakiso,"['Acute Flaccid Paralysis', 'Yellow Fever']",['Malaria'],[],['Measles']
45,Kyotera,[],['Malaria'],[],['Measles']
45,Rubirizi,[],['Malaria'],[],[]
45,Moyo,[],['Malaria'],[],[]
45,Katakwi,[],['Malaria'],[],[]
45,Kotido,[],['Malaria'],[],[]
45,Nebbi,[],['Malaria'],[],[]
45,Mbale City,[],"['Malaria', 'Maternal Death']",['Measles'],[]
45,Pader,[],['Malaria'],[],['Measles']
45,Kampala,"['Maternal Death', 'Plague']",['Malaria'],['Measles'],[]
45,Gulu City,['Acute Flaccid Paralysis'],['Malaria'],[],[]
45,Kabarole,[],[],['Malaria'],[]
45,Arua City,[],['Malaria'],[],[]
45,Lira City,[],['Malaria'],[],[]
45,Soroti City,[],['Malaria'],[],[]
45,Adjumani,[],['Malaria'],[],[]
45,Alebtong,[],['Malaria'],[],[]
45,Mukono,[],['Malaria'],[],['Measles']
45,Serere,[],['Malaria'],[],[]
45,Busia,[],['Malaria'],[],['Measles']
45,Lira,[],['Malaria'],['Measles'],[]
45,Kalaki,[],['Malaria'],[],['Measles']
45,Dokolo,[],['Malaria'],[],[]
45,Oyam,[],['Malaria'],[],['Measles']
45,Amuria,[],['Malaria'],[],[]
45,Kitagwenda,[],['Malaria'],[],[]
45,Kwania,[],['Malaria'],[],[]
45,Kagadi,[],['Malaria'],[],[]
45,Amudat,['Measles'],['Malaria'],[],[]
45,Agago,[],['Malaria'],[],[]
45,Abim,[],['Malaria'],[],[]
45,Kaberamaido,[],['Malaria'],[],['Measles']
45,Yumbe,['Acute Flaccid Paralysis'],['Malaria'],[],[]
45,Kole,[],['Malaria'],[],['Measles']
45,Omoro,[],['Malaria'],[],[]
45,Jinja City,[],['Malaria'],[],[]
45,Otuke,[],['Malaria'],[],[]
45,Nwoya,[],['Malaria'],[],[]
45,Moroto,[],['Malaria'],[],['Measles']
45,Amolatar,[],['Malaria'],[],[]
45,Kapelebyong,[],['Malaria'],[],[]
45,Apac,[],['Malaria'],[],[]
45,Kiboga,[],['Malaria'],[],[]
45,Soroti,[],['Malaria'],[],[]
45,Madi-Okollo,[],['Malaria'],[],[]
45,Lamwo,[],['Malaria'],[],[]
45,Ngora,[],['Malaria'],[],[]
45,Pallisa,[],"['Malaria', 'Maternal Death']",[],[]
45,Arua,[],[],[],[]
45,Maracha,[],['Malaria'],[],[]
45,Kitgum,[],"['Lymphatic Filariasis', 'Malaria', 'Maternal Death']",[],[]
45,0,[],[],[],[]
45,Kapchorwa,[],[],['Malaria'],[]
45,Nakaseke,[],['Malaria'],[],['Measles']
45,Kumi,[],['Malaria'],[],[]
45,Bukedea,[],['Malaria'],[],[]
45,Bugweri,[],['Malaria'],[],[]
45,Obongi,[],[],['Malaria'],[]
45,Masindi,[],['Malaria'],[],[]
45,Kibuku,[],"['Malaria', 'Maternal Death']",[],[]
45,Lyantonde,[],['Malaria'],[],[]
45,Bugiri,[],['Malaria'],[],['Measles']
45,Nakasongola,[],['Malaria'],[],[]
45,Mpigi,[],['Malaria'],[],[]
45,Buikwe,[],['Malaria'],[],['Measles']
45,Kibaale,[],['Malaria'],[],[]
45,Pakwach,[],['Malaria'],[],[]
45,Nakapiripirit,[],['Malaria'],[],[]
45,Bukwo,[],['Malaria'],[],[]
45,Ntungamo,[],['Malaria'],[],['Measles']
45,Napak,['Measles'],['Malaria'],[],[]
45,Tororo,[],['Malaria'],[],[]
45,Terego,[],"['Malaria', 'Schistosomiasis']",[],[]
45,Mayuge,['Acute Flaccid Paralysis'],['Malaria'],[],[]
45,Hoima City,['Acute Flaccid Paralysis'],"['Malaria', 'Maternal Death']",[],['Measles']
45,Mubende,[],['Malaria'],[],['Measles']
45,Bunyangabu,[],['Malaria'],[],[]
45,Gulu,[],['Malaria'],[],[]
45,Mbarara,[],['Malaria'],[],[]
45,Kyegegwa,[],['Malaria'],[],[]
45,Mbarara City,[],['Malaria'],[],[]
45,Bushenyi,[],['Malaria'],[],[]
45,Kiryandongo,[],['Malaria'],[],['Measles']
45,Masaka City,[],['Malaria'],[],['Measles']
45,Mityana,[],"['Malaria', 'Maternal Death']",[],['Measles']
45,Kazo,['Anthrax'],['Malaria'],[],[]
45,Kween,[],['Malaria'],[],[]
45,Bulambuli,[],['Malaria'],[],['Measles']
45,Buliisa,[],['Malaria'],[],[]
45,Luwero,['Yellow Fever'],['Malaria'],[],['Measles']
45,Kanungu,[],"['Cholera', 'Leprosy', 'Malaria']",[],[]
45,Lwengo,[],['Malaria'],['Measles'],[]
45,Ibanda,[],['Malaria'],[],[]
45,Bukomansimbi,[],['Malaria'],[],['Measles']
45,Amuru,[],"['Cholera', 'Malaria']",[],[]
45,Kayunga,[],"['Malaria', 'Maternal Death']",[],['Measles']
45,Kamuli,[],"['Malaria', 'Maternal Death']",[],[]
45,Kamwenge,[],['Malaria'],[],[]
45,Namayingo,[],[],[],['Measles']
45,Kyankwanzi,[],['Malaria'],[],['Measles']
45,Kassanda,[],['Malaria'],[],['Measles']
45,Kalungu,[],['Malaria'],[],['Measles']
45,Rakai,[],['Malaria'],[],[]
45,Bududa,[],[],[],[]
45,Namisindwa,[],['Malaria'],[],[]
45,Kakumiro,[],['Malaria'],[],[]
45,Iganga,[],['Malaria'],[],['Measles']
45,Kasese,[],"['Dengue Fever', 'Malaria', 'Maternal Death']",[],[]
45,Buhweju,[],[],['Malaria'],[]
45,Rubanda,[],['Malaria'],[],[]
45,Koboko,[],['Malaria'],[],[]
45,Rukungiri,['Yellow Fever'],['Malaria'],[],[]
45,Buvuma,[],[],['Malaria'],['Measles']
45,Bundibugyo,[],['Malaria'],[],[]
45,Isingiro,[],['Malaria'],[],[]
45,Mitooma,[],['Malaria'],[],[]
45,Hoima,[],['Malaria'],[],[]
45,Kalangala,['Acute Flaccid Paralysis'],['Malaria'],[],['Measles']
45,Sironko,[],['Malaria'],[],[]
45,Jinja,[],['Malaria'],[],[]
45,Manafwa,['Yellow Fever'],['Malaria'],[],[]
45,Rwampara,[],[],['Malaria'],[]
45,Rukiga,[],['Malaria'],[],[]
45,Budaka,[],['Malaria'],[],[]
45,Luuka,[],['Malaria'],[],[]
45,Kaliro,[],['Malaria'],[],[]
45,Mbale,[],['Malaria'],[],[]
45,Butaleja,[],[],['Malaria'],[]
45,Kikuube,[],['Malaria'],[],[]
45,Kyenjojo,[],['Malaria'],[],['Measles']
45,Butambala,[],['Malaria'],[],[]
45,Buyende,[],['Malaria'],[],[]
45,Nabilatuk,[],['Malaria'],[],['Measles']
45,Sheema,[],[],[],[]
45,Kabale,[],['Malaria'],[],['Measles']
45,Kisoro,[],[],['Malaria'],[]
45,Masaka,[],['Malaria'],['Measles'],[]
45,Gomba,[],['Malaria'],[],['Measles']
45,Fort Portal City,[],['Malaria'],[],[]
45,Namutumba,[],['Malaria'],[],[]
45,Sembabule,['Anthrax'],['Malaria'],[],[]
45,Butebo,[],['Malaria'],[],[]
45,Ntoroko,[],['Malaria'],[],['Measles']
45,Kaabong,[],['Malaria'],[],[]
45,Karenga,[],['Malaria'],[],[]
45,Kiruhura,[],['Malaria'],[],[]
44,Buyende,[],['Malaria'],[],[]
44,Fort Portal City,[],['Malaria'],[],[]
44,Terego,[],['Schistosomiasis'],['Malaria'],[]
44,Ntoroko,[],[],['Malaria'],[]
44,Butebo,[],['Malaria'],[],[]
44,Kiruhura,[],['Malaria'],[],[]
44,Butambala,[],[],['Malaria'],['Measles']
44,Sembabule,[],['Malaria'],[],['Measles']
44,Masaka,[],['Malaria'],[],['Measles']
44,Gomba,[],['Malaria'],[],[]
44,Buvuma,[],['Malaria'],[],['Measles']
44,Kisoro,[],['Maternal Death'],['Malaria'],[]
44,Kabale,['Anthrax'],[],['Malaria'],[]
44,Sheema,[],[],[],[]
44,Namutumba,[],['Malaria'],[],['Measles']
44,Rwampara,[],[],['Malaria'],[]
44,Kikuube,[],['Malaria'],[],[]
44,Sironko,[],['Malaria'],[],['Measles']
44,Kyenjojo,[],['Malaria'],[],['Measles']
44,Rukungiri,[],[],['Malaria'],['Measles']
44,Kaabong,[],['Malaria'],[],[]
44,Rubanda,[],['Malaria'],[],[]
44,Mbale,[],"['Malaria', 'Maternal Death']",[],['Measles']
44,Kaliro,[],['Malaria'],[],[]
44,Luuka,[],['Malaria'],[],[]
44,Budaka,[],['Malaria'],[],[]
44,Rukiga,[],[],['Malaria'],[]
44,Manafwa,[],['Malaria'],[],[]
44,Bundibugyo,[],['Malaria'],[],[]
44,Jinja,[],['Malaria'],[],[]
44,Kalangala,[],[],['Malaria'],[]
44,Hoima,[],['Malaria'],[],['Measles']
44,Mitooma,[],['Malaria'],[],[]
44,Isingiro,[],['Malaria'],[],[]
44,Butaleja,[],['Malaria'],[],[]
44,Ibanda,"['Acute Flaccid Paralysis', 'Anthrax']",['Malaria'],[],['Measles']
44,Wakiso,[],['Malaria'],[],['Measles']
44,Bukomansimbi,[],['Malaria'],[],['Measles']
44,Koboko,[],['Malaria'],[],[]
44,Kalungu,[],['Malaria'],[],[]
44,Mayuge,[],['Malaria'],[],[]
44,Iganga,['Measles'],['Malaria'],[],[]
44,Kakumiro,[],['Malaria'],[],[]
44,Namisindwa,[],['Malaria'],[],[]
44,Bududa,[],[],['Malaria'],[]
44,Rakai,[],['Malaria'],[],[]
44,Kasese,[],['Malaria'],[],['Measles']
44,Kassanda,[],['Malaria'],[],['Measles']
44,Namayingo,[],['Malaria'],[],['Measles']
44,Kamwenge,[],['Malaria'],[],[]
44,Kamuli,[],"['Malaria', 'Maternal Death']",[],[]
44,Kayunga,[],"['Malaria', 'Maternal Death']",[],['Measles']
44,Kyankwanzi,[],['Malaria'],[],['Measles']
44,Lwengo,[],['Malaria'],[],['Measles']
44,Hoima City,[],['Malaria'],[],[]
44,Amuru,[],['Malaria'],[],[]
44,Luwero,[],['Malaria'],[],['Measles']
44,Kiryandongo,[],['Malaria'],[],['Measles']
44,Buliisa,[],"['Malaria', 'Schistosomiasis']",[],['Measles']
44,Bulambuli,[],['Malaria'],[],['Measles']
44,Kween,[],['Malaria'],[],[]
44,Kazo,[],['Malaria'],[],[]
44,Mityana,[],['Malaria'],[],['Measles']
44,Masaka City,[],['Maternal Death'],['Malaria'],[]
44,Bushenyi,[],[],['Malaria'],[]
44,Buhweju,[],['Malaria'],[],[]
44,Mbarara City,[],['Malaria'],[],[]
44,Kyegegwa,[],['Malaria'],[],['Measles']
44,Mbarara,[],['Malaria'],[],[]
44,Gulu,[],['Malaria'],[],[]
44,Bunyangabu,[],['Malaria'],[],[]
44,Mubende,[],['Malaria'],[],['Measles']
44,Kapchorwa,[],[],['Malaria'],[]
44,Napak,[],"['Malaria', 'Measles']",[],[]
44,0,[],[],[],[]
44,Madi-Okollo,[],['Malaria'],[],[]
44,Buikwe,[],['Malaria'],[],[]
44,Bugweri,[],['Malaria'],[],['Measles']
44,Ntungamo,[],['Malaria'],[],[]
44,Bukwo,[],['Malaria'],[],[]
44,Nakapiripirit,[],['Malaria'],[],[]
44,Pakwach,[],['Malaria'],[],[]
44,Kibaale,[],['Malaria'],[],['Measles']
44,Mpigi,[],['Malaria'],[],['Measles']
44,Nakasongola,[],['Malaria'],[],[]
44,Jinja City,[],['Malaria'],[],['Measles']
44,Bugiri,[],['Malaria'],[],[]
44,Lyantonde,[],['Malaria'],[],[]
44,Kibuku,[],['Malaria'],[],[]
44,Masindi,[],['Malaria'],[],[]
44,Obongi,[],[],[],[]
44,Bukedea,[],['Malaria'],[],[]
44,Otuke,[],['Malaria'],[],['Measles']
44,Omoro,[],['Malaria'],[],[]
44,Nakaseke,[],['Malaria'],[],['Measles']
44,Nabilatuk,[],['Malaria'],[],[]
44,Tororo,[],['Malaria'],[],[]
44,Kitgum,[],['Malaria'],[],['Measles']
44,Maracha,[],['Malaria'],[],[]
44,Arua,[],[],['Malaria'],[]
44,Pallisa,[],['Malaria'],[],[]
44,Ngora,[],[],['Malaria'],[]
44,Lamwo,[],"['Cholera', 'Malaria']",[],[]
44,Soroti,[],['Malaria'],[],[]
44,Kumi,[],['Malaria'],[],[]
44,Kiboga,[],['Malaria'],[],['Measles']
44,Apac,[],['Malaria'],[],[]
44,Kapelebyong,[],['Malaria'],[],[]
44,Amolatar,[],['Malaria'],[],[]
44,Moroto,[],['Malaria'],[],['Measles']
44,Nwoya,[],['Malaria'],[],[]
44,Alebtong,[],['Malaria'],[],[]
44,Nebbi,[],['Malaria'],[],[]
44,Mbale City,[],"['Malaria', 'Maternal Death']",[],['Measles']
44,Mukono,[],['Malaria'],[],['Measles']
44,Kwania,[],['Malaria'],[],[]
44,Yumbe,['Acute Flaccid Paralysis'],['Malaria'],[],[]
44,Kaberamaido,[],['Malaria'],[],['Measles']
44,Abim,[],['Malaria'],[],[]
44,Agago,[],['Malaria'],[],[]
44,Kagadi,[],['Malaria'],[],[]
44,Kitagwenda,[],['Malaria'],[],[]
44,Serere,[],['Malaria'],[],[]
44,Amuria,[],['Malaria'],[],[]
44,Oyam,[],['Malaria'],[],['Measles']
44,Dokolo,[],['Malaria'],[],[]
44,Kalaki,[],['Malaria'],['Measles'],[]
44,Lira,[],['Malaria'],[],['Measles']
44,Busia,[],['Malaria'],[],[]
44,Soroti City,[],"['Malaria', 'Maternal Death']",[],[]
44,Amudat,[],['Malaria'],['Measles'],[]
44,Karenga,[],"['Malaria', 'Maternal Death']",[],[]
44,Zombo,[],['Malaria'],[],[]
44,Kanungu,[],['Malaria'],[],['Measles']
44,Lira City,[],"['Malaria', 'Maternal Death']",[],[]
44,Arua City,[],"['Malaria', 'Maternal Death', 'Schistosomiasis']",[],['Measles']
44,Kabarole,[],['Malaria'],[],['Measles']
44,Gulu City,[],['Malaria'],[],[]
44,Pader,[],['Malaria'],[],[]
44,Kampala,['Acute Flaccid Paralysis'],"['Malaria', 'Maternal Death']",[],['Measles']
44,Adjumani,[],"['Cholera', 'Malaria']",[],[]
44,Kole,[],['Malaria'],[],['Measles']
44,Kotido,[],['Malaria'],[],[]
44,Katakwi,[],['Malaria'],[],[]
44,Moyo,[],[],['Malaria'],[]
44,Rubirizi,[],['Malaria'],[],[]
44,Kyotera,[],['Malaria'],[],['Measles']
43,Buyende,[],['Malaria'],[],['Measles']
43,Wakiso,[],"['Guinea Worm', 'Malaria']",[],['Measles']
43,Karenga,[],['Malaria'],[],[]
43,Kaabong,['Yellow Fever'],['Malaria'],[],[]
43,Ntoroko,[],[],['Malaria'],[]
43,Butebo,[],['Malaria'],[],['Measles']
43,Kiruhura,[],['Malaria'],[],['Measles']
43,Butaleja,[],['Malaria'],[],[]
43,Namutumba,[],['Malaria'],[],['Measles']
43,Fort Portal City,[],['Malaria'],[],[]
43,Gomba,[],['Malaria'],[],['Measles']
43,Masaka,[],['Malaria'],[],['Measles']
43,Kisoro,[],['Malaria'],[],[]
43,Kabale,[],"['Malaria', 'Maternal Death']",[],[]
43,Sheema,[],['Malaria'],[],[]
43,Butambala,[],['Malaria'],[],['Measles']
43,Sembabule,['Anthrax'],['Malaria'],[],['Measles']
43,Rwampara,[],[],['Malaria'],[]
43,Buvuma,[],['Malaria'],[],['Measles']
43,Kikuube,[],['Malaria'],[],[]
43,Ibanda,['Anthrax'],['Malaria'],[],[]
43,Kyenjojo,[],['Malaria'],[],[]
43,Mbale,[],['Malaria'],[],['Measles']
43,Kaliro,[],['Malaria'],[],['Measles']
43,Luuka,[],['Malaria'],[],[]
43,Budaka,[],['Malaria'],[],[]
43,Rukiga,[],[],['Malaria'],[]
43,Manafwa,[],['Malaria'],[],['Measles']
43,Bundibugyo,[],['Malaria'],[],[]
43,Jinja,[],['Malaria'],[],[]
43,Sironko,[],['Malaria'],[],['Measles']
43,Kalangala,[],['Malaria'],[],[]
43,Hoima,[],['Malaria'],[],[]
43,Mitooma,[],[],['Malaria'],[]
43,Isingiro,[],['Malaria'],[],[]
43,Rukungiri,[],['Malaria'],[],[]
43,Bukomansimbi,[],['Malaria'],[],['Measles']
43,Masaka City,[],['Maternal Death'],['Malaria'],['Measles']
43,Kasese,[],['Malaria'],[],['Measles']
43,Kakumiro,[],['Malaria'],[],[]
43,Namisindwa,[],['Malaria'],[],[]
43,Bududa,[],[],[],[]
43,Kalungu,[],['Malaria'],[],['Measles']
43,Lwengo,[],['Malaria'],[],['Measles']
43,Kassanda,[],['Malaria'],[],['Measles']
43,Kyankwanzi,[],['Malaria'],[],[]
43,Namayingo,[],['Malaria'],[],['Measles']
43,Kamwenge,[],['Malaria'],[],['Measles']
43,Kamuli,['Yellow Fever'],['Malaria'],[],[]
43,Kayunga,[],['Malaria'],[],[]
43,Kanungu,[],['Malaria'],[],[]
43,Nabilatuk,[],['Malaria'],[],[]
43,0,[],[],[],[]
43,Mubende,[],"['Malaria', 'Maternal Death']",[],['Measles']
43,Iganga,[],['Malaria'],[],['Measles']
43,Buhweju,[],['Malaria'],[],[]
43,Luwero,[],['Malaria'],[],['Measles']
43,Rakai,[],['Malaria'],[],['Measles']
43,Buliisa,[],"['Malaria', 'Schistosomiasis']",[],['Measles']
43,Bulambuli,[],['Malaria'],[],['Measles']
43,Kween,[],['Malaria'],[],[]
43,Kazo,[],['Malaria'],[],[]
43,Mityana,[],['Malaria'],['Measles'],[]
43,Kiryandongo,[],['Malaria'],[],['Measles']
43,Hoima City,['Plague'],['Malaria'],[],['Measles']
43,Bushenyi,[],[],['Malaria'],[]
43,Mbarara City,[],['Malaria'],[],[]
43,Kyegegwa,[],['Malaria'],['Measles'],[]
43,Mbarara,['Plague'],['Malaria'],[],[]
43,Gulu,[],['Malaria'],[],[]
43,Bunyangabu,[],['Malaria'],[],[]
43,Koboko,[],['Malaria'],[],[]
43,Mayuge,[],['Malaria'],[],['Measles']
43,Amuru,[],"['Cholera', 'Malaria']",[],[]
43,Serere,['Acute Flaccid Paralysis'],['Malaria'],[],[]
43,Rubanda,[],['Malaria'],[],[]
43,Buikwe,[],['Malaria'],[],[]
43,Busia,[],['Malaria'],[],[]
43,Otuke,[],['Malaria'],[],[]
43,Ntungamo,[],['Malaria'],[],[]
43,Bukwo,[],['Malaria'],[],[]
43,Nakapiripirit,[],['Malaria'],[],[]
43,Pakwach,[],"['Malaria', 'Schistosomiasis']",[],[]
43,Kibaale,[],['Malaria'],[],[]
43,Mpigi,[],['Malaria'],[],[]
43,Bugweri,[],['Malaria'],[],[]
43,Nakasongola,[],['Malaria'],[],['Measles']
43,Lyantonde,[],['Malaria'],[],[]
43,Kibuku,[],['Malaria'],[],[]
43,Masindi,[],['Malaria'],[],['Measles']
43,Obongi,[],[],['Malaria'],[]
43,Nwoya,[],['Malaria'],[],[]
43,Kapchorwa,[],[],['Malaria'],['Measles']
43,Bugiri,[],[],['Malaria'],['Measles']
43,Lira,[],['Malaria'],['Measles'],[]
43,Moroto,[],['Malaria'],[],['Measles']
43,Lamwo,[],"['Cholera', 'Malaria']",[],[]
43,Madi-Okollo,[],"['Malaria', 'Schistosomiasis']",[],[]
43,Kitgum,[],['Malaria'],[],[]
43,Maracha,[],['Malaria'],[],[]
43,Arua,[],[],['Malaria'],[]
43,Pallisa,[],['Malaria'],[],[]
43,Ngora,[],['Malaria'],[],[]
43,Kiboga,[],['Malaria'],[],['Measles']
43,Soroti,[],['Malaria'],[],[]
43,Kumi,[],['Malaria'],[],[]
43,Apac,[],['Malaria'],[],[]
43,Kapelebyong,[],['Malaria'],[],[]
43,Amolatar,[],['Malaria'],[],[]
43,Bukedea,[],['Malaria'],[],[]
43,Nakaseke,[],['Malaria'],[],['Measles']
43,Napak,[],"['Malaria', 'Measles']",[],[]
43,Jinja City,[],['Malaria'],[],[]
43,Omoro,[],['Malaria'],[],[]
43,Alebtong,[],['Malaria'],[],[]
43,Nebbi,[],['Malaria'],[],[]
43,Kole,[],['Malaria'],[],['Measles']
43,Yumbe,['Acute Flaccid Paralysis'],[],['Malaria'],[]
43,Kaberamaido,[],['Malaria'],[],['Measles']
43,Agago,[],['Malaria'],[],[]
43,Kagadi,[],['Malaria'],[],[]
43,Kwania,[],['Malaria'],[],[]
43,Mukono,[],['Malaria'],[],['Measles']
43,Kitagwenda,[],['Malaria'],[],[]
43,Amuria,[],['Malaria'],[],[]
43,Oyam,[],['Malaria'],[],['Measles']
43,Dokolo,[],['Malaria'],[],[]
43,Kalaki,[],['Malaria'],['Measles'],[]
43,Tororo,[],['Malaria'],[],['Measles']
43,Amudat,['Plague'],['Malaria'],[],['Measles']
43,Abim,[],['Malaria'],[],[]
43,Soroti City,[],"['Malaria', 'Maternal Death']",[],[]
43,Adjumani,[],['Malaria'],[],[]
43,Mbale City,[],['Malaria'],[],['Measles']
43,Arua City,[],['Malaria'],[],['Measles']
43,Kabarole,[],['Malaria'],[],[]
43,Gulu City,[],['Maternal Death'],['Malaria'],[]
43,Kampala,['Maternal Death'],['Malaria'],[],['Measles']
43,Pader,['Acute Flaccid Paralysis'],['Malaria'],[],['Measles']
43,Zombo,[],['Malaria'],[],[]
43,Lira City,[],"['Malaria', 'Maternal Death']",[],[]
43,Kotido,[],['Malaria'],[],[]
43,Katakwi,[],['Malaria'],[],[]
43,Moyo,[],['Malaria'],[],[]
43,Rubirizi,[],['Malaria'],[],[]
43,Terego,[],"['Malaria', 'Schistosomiasis']",[],[]
43,Kyotera,[],['Malaria'],[],['Measles']
42,Zombo,[],['Malaria'],[],['Measles']
42,Adjumani,[],"['Malaria', 'Maternal Death']",[],[]
42,Kanungu,[],['Malaria'],[],['Measles']
42,Kyotera,[],['Malaria'],[],['Measles']
42,Rubirizi,[],['Malaria'],[],[]
42,Moyo,[],['Malaria'],[],[]
42,Katakwi,[],['Malaria'],[],[]
42,Kotido,[],['Malaria'],[],[]
42,Kampala,[],"['Guinea Worm', 'Malaria', 'Maternal Death']",[],['Measles']
42,Mbale City,[],"['Malaria', 'Maternal Death']",[],['Measles']
42,Pader,[],['Malaria'],[],[]
42,Mukono,[],['Malaria'],[],['Measles']
42,Gulu City,[],['Malaria'],[],[]
42,Kabarole,[],['Malaria'],[],[]
42,Arua City,[],['Malaria'],[],[]
42,Lira City,['Yellow Fever'],['Malaria'],[],[]
42,Soroti City,[],['Malaria'],[],[]
42,Tororo,[],['Malaria'],[],[]
42,Serere,[],['Malaria'],[],[]
42,Kole,[],['Malaria'],[],['Measles']
42,Kapchorwa,[],[],['Malaria'],[]
42,Alebtong,[],['Malaria'],[],[]
42,Lira,['Measles'],['Malaria'],[],[]
42,Kalaki,[],"['Malaria', 'Measles']",[],[]
42,Dokolo,['Acute Flaccid Paralysis'],['Malaria'],[],['Measles']
42,Oyam,[],['Malaria'],[],[]
42,Amuria,[],['Malaria'],[],[]
42,Kitagwenda,[],['Malaria'],[],[]
42,Kwania,[],['Malaria'],[],[]
42,Kagadi,[],['Malaria'],[],[]
42,Amudat,[],['Malaria'],[],['Measles']
42,Agago,[],['Malaria'],[],[]
42,Abim,[],['Malaria'],[],[]
42,Kaberamaido,[],['Malaria'],[],['Measles']
42,Yumbe,['Acute Flaccid Paralysis'],['Malaria'],[],[]
42,Nebbi,[],"['Malaria', 'Maternal Death']",[],[]
42,Terego,[],['Malaria'],[],[]
42,Busia,[],"['Malaria', 'Maternal Death']",[],[]
42,Otuke,[],['Malaria'],[],[]
42,Kumi,[],[],['Malaria'],[]
42,Nakaseke,[],['Malaria'],[],['Measles']
42,Moroto,[],['Malaria'],['Measles'],[]
42,Amolatar,[],['Malaria'],[],[]
42,Kapelebyong,[],['Malaria'],[],[]
42,Apac,[],['Malaria'],[],[]
42,Kiboga,[],['Malaria'],[],['Measles']
42,Soroti,[],['Malaria'],[],[]
42,Madi-Okollo,[],['Malaria'],[],[]
42,Lamwo,[],['Malaria'],[],[]
42,Ngora,[],['Malaria'],[],['Measles']
42,Pallisa,[],['Malaria'],[],[]
42,Arua,[],[],[],[]
42,Maracha,[],['Malaria'],[],[]
42,Kitgum,[],['Malaria'],[],[]
42,Bukedea,[],['Malaria'],[],[]
42,Buikwe,[],['Malaria'],[],['Measles']
42,Jinja City,[],['Malaria'],[],['Measles']
42,Nakasongola,[],['Malaria'],[],[]
42,Nwoya,[],['Malaria'],[],[]
42,Obongi,[],['Malaria'],[],[]
42,Masindi,[],['Malaria'],[],[]
42,Kibuku,[],['Malaria'],[],[]
42,Lyantonde,[],['Malaria'],[],[]
42,Bugiri,[],['Maternal Death'],['Malaria'],['Measles']
42,Bugweri,[],['Malaria'],[],[]
42,Napak,[],"['Malaria', 'Measles']",[],[]
42,Mpigi,[],['Malaria'],[],['Measles']
42,Kibaale,[],['Malaria'],[],['Measles']
42,Pakwach,[],"['Malaria', 'Schistosomiasis']",[],['Measles']
42,Nakapiripirit,[],['Malaria'],[],[]
42,Bukwo,[],[],['Malaria'],[]
42,Ntungamo,[],['Malaria'],[],[]
42,Omoro,[],['Malaria'],[],[]
42,Wakiso,[],['Malaria'],[],['Measles']
42,Mubende,[],['Malaria'],[],['Measles']
42,Hoima City,[],"['Malaria', 'Maternal Death']",[],[]
42,Kiryandongo,[],['Malaria'],[],['Measles']
42,Bunyangabu,[],['Malaria'],[],[]
42,Gulu,[],['Malaria'],[],[]
42,Mbarara,[],['Malaria'],[],[]
42,Kyegegwa,[],['Malaria'],[],['Measles']
42,Mbarara City,[],['Malaria'],[],[]
42,Bushenyi,[],[],['Malaria'],[]
42,Masaka City,[],"['Malaria', 'Maternal Death']",[],['Measles']
42,Koboko,[],"['Malaria', 'Maternal Death']",[],[]
42,Mityana,[],['Malaria'],[],['Measles']
42,Kazo,['Anthrax'],['Malaria'],[],[]
42,Kween,[],['Malaria'],[],[]
42,Bulambuli,[],['Malaria'],[],[]
42,Buliisa,[],['Malaria'],[],['Measles']
42,Luwero,[],['Malaria'],[],['Measles']
42,Ibanda,['Anthrax'],['Malaria'],[],['Measles']
42,Lwengo,[],['Malaria'],[],['Measles']
42,Rukungiri,[],['Malaria'],[],[]
42,Bukomansimbi,[],['Malaria'],[],['Measles']
42,Rakai,[],['Malaria'],[],[]
42,Kayunga,[],['Malaria'],[],['Measles']
42,Kamuli,['Yellow Fever'],"['Malaria', 'Maternal Death']",[],[]
42,Kamwenge,[],['Malaria'],[],[]
42,Namayingo,[],['Malaria'],[],[]
42,Kyankwanzi,[],['Malaria'],[],['Measles']
42,Kassanda,[],['Malaria'],[],[]
42,Kalungu,[],['Malaria'],[],[]
42,Bududa,[],['Maternal Death'],['Malaria'],[]
42,Mayuge,[],['Malaria'],[],[]
42,Namisindwa,[],['Malaria'],[],[]
42,Kakumiro,[],['Malaria'],[],[]
42,Iganga,[],['Malaria'],[],['Measles']
42,Kasese,[],['Malaria'],[],[]
42,Buhweju,[],['Malaria'],[],[]
42,Rubanda,[],['Malaria'],[],[]
42,Rwampara,[],[],[],[]
42,Amuru,[],"['Cholera', 'Malaria']",[],[]
42,Buvuma,[],['Malaria'],[],['Measles']
42,Kikuube,[],['Malaria'],[],[]
42,Isingiro,[],['Malaria'],[],[]
42,Mitooma,[],['Malaria'],[],[]
42,Hoima,[],['Malaria'],[],[]
42,Kalangala,[],['Malaria'],[],['Measles']
42,Sironko,[],['Malaria'],[],['Measles']
42,Bundibugyo,[],['Malaria'],[],[]
42,Manafwa,[],['Malaria'],[],[]
42,Rukiga,[],['Malaria'],[],[]
42,Budaka,[],['Malaria'],[],[]
42,Luuka,[],['Malaria'],[],[]
42,Kaliro,[],['Malaria'],[],[]
42,Mbale,[],['Malaria'],[],['Measles']
42,Kyenjojo,[],"['Malaria', 'Maternal Death']",[],[]
42,Butambala,[],['Malaria'],[],['Measles']
42,Butaleja,[],['Malaria'],[],[]
42,Jinja,[],['Malaria'],[],[]
42,Namutumba,[],['Malaria'],[],[]
42,Sembabule,[],['Malaria'],[],[]
42,0,[],[],[],[]
42,Kabale,[],[],['Malaria'],[]
42,Kisoro,[],['Malaria'],[],[]
42,Masaka,[],['Malaria'],[],['Measles']
42,Gomba,[],['Malaria'],[],[]
42,Buyende,[],['Malaria'],[],[]
42,Fort Portal City,[],['Malaria'],[],[]
42,Kiruhura,[],['Malaria'],[],[]
42,Sheema,[],[],['Malaria'],[]
42,Butebo,[],['Malaria'],[],[]
42,Ntoroko,[],['Maternal Death'],[],[]
42,Kaabong,[],['Malaria'],[],[]
42,Karenga,[],['Malaria'],[],[]
42,Nabilatuk,[],['Malaria'],[],[]
41,Katakwi,[],['Malaria'],[],[]
41,Kotido,[],['Malaria'],[],[]
41,Wakiso,[],['Malaria'],[],['Measles']
41,Kanungu,[],['Malaria'],[],[]
41,Kyotera,[],['Malaria'],[],['Measles']
41,Rubirizi,[],['Malaria'],[],[]
41,Moyo,[],['Malaria'],[],[]
41,Arua City,[],['Malaria'],[],[]
41,Adjumani,[],['Malaria'],[],[]
41,Lira City,[],['Malaria'],[],['Measles']
41,Zombo,[],['Malaria'],[],[]
41,Pader,[],['Malaria'],[],[]
41,Kampala,"['Acute Flaccid Paralysis', 'Yellow Fever']","['Malaria', 'Maternal Death']",[],['Measles']
41,Gulu City,[],['Malaria'],[],[]
41,Kabarole,[],['Malaria'],[],['Measles']
41,Mbale City,[],"['Malaria', 'Maternal Death', 'Onchocerciasis']",[],['Measles']
41,Nebbi,[],['Malaria'],[],[]
41,Ntungamo,[],['Malaria'],[],[]
41,Mukono,[],['Malaria'],[],['Measles']
41,Kaberamaido,[],['Malaria'],['Measles'],[]
41,Kole,[],['Malaria'],[],[]
41,Amuria,[],"['Malaria', 'Maternal Death']",[],[]
41,Serere,[],['Malaria'],[],[]
41,Alebtong,[],['Malaria'],[],[]
41,Lira,['Measles'],['Malaria'],[],[]
41,Kalaki,[],['Malaria'],[],['Measles']
41,Dokolo,[],['Malaria'],[],[]
41,Oyam,[],['Malaria'],[],['Measles']
41,Kitagwenda,[],['Malaria'],[],[]
41,Soroti City,[],['Malaria'],[],['Measles']
41,Kwania,[],['Malaria'],[],[]
41,Kagadi,[],['Malaria'],[],[]
41,Amudat,[],['Malaria'],[],[]
41,Agago,[],['Malaria'],[],[]
41,Abim,[],['Malaria'],[],[]
41,Yumbe,['Acute Flaccid Paralysis'],['Malaria'],[],[]
41,Buikwe,[],"['Malaria', 'Maternal Death']",[],[]
41,Tororo,[],['Malaria'],[],[]
41,Bugiri,[],['Malaria'],[],['Measles']
41,Otuke,[],['Malaria'],[],[]
41,Nakaseke,['Yellow Fever'],['Malaria'],[],['Measles']
41,Moroto,[],['Malaria'],[],[]
41,Amolatar,[],"['Malaria', 'Maternal Death']",[],[]
41,Kapelebyong,[],['Malaria'],[],[]
41,Apac,[],"['Malaria', 'Maternal Death']",[],[]
41,Kumi,[],['Malaria'],[],[]
41,Soroti,[],['Malaria'],[],[]
41,Lamwo,[],['Malaria'],[],[]
41,Ngora,[],['Malaria'],[],[]
41,Pallisa,[],['Malaria'],[],[]
41,Arua,[],[],['Malaria'],[]
41,Maracha,[],[],['Malaria'],[]
41,Ntoroko,[],['Malaria'],[],[]
41,Kapchorwa,[],[],['Malaria'],[]
41,Omoro,[],['Malaria'],[],[]
41,Kiboga,[],['Malaria'],[],[]
41,Kitgum,[],['Malaria'],[],[]
41,Nakasongola,[],['Malaria'],[],['Measles']
41,Jinja City,[],['Malaria'],[],[]
41,Nwoya,[],['Malaria'],[],[]
41,Obongi,[],[],['Malaria'],[]
41,Masindi,[],['Malaria'],[],[]
41,Kibuku,[],['Malaria'],[],[]
41,Lyantonde,[],['Malaria'],[],[]
41,Madi-Okollo,[],['Malaria'],[],[]
41,Bukedea,[],['Malaria'],[],[]
41,Bugweri,[],['Malaria'],[],[]
41,Mpigi,[],['Malaria'],[],[]
41,Kibaale,['Yellow Fever'],['Malaria'],[],[]
41,Pakwach,[],['Malaria'],[],[]
41,Nakapiripirit,[],['Malaria'],[],[]
41,Bukwo,[],[],['Malaria'],[]
41,Napak,[],"['Malaria', 'Maternal Death', 'Measles']",[],[]
41,Luuka,[],['Malaria'],[],[]
41,0,[],[],[],[]
41,Kakumiro,[],['Malaria'],[],[]
41,Luwero,[],['Malaria'],[],['Measles']
41,Buliisa,[],"['Malaria', 'Schistosomiasis']",[],['Measles']
41,Kyegegwa,[],['Malaria'],[],['Measles']
41,Terego,[],"['Malaria', 'Schistosomiasis']",[],[]
41,Amuru,[],['Malaria'],[],[]
41,Mubende,[],"['Malaria', 'Maternal Death']",['Measles'],[]
41,Bunyangabu,[],['Malaria'],[],[]
41,Gulu,[],['Malaria'],[],[]
41,Mbarara,[],['Malaria'],[],['Measles']
41,Mbarara City,[],['Malaria'],[],['Measles']
41,Bulambuli,[],['Malaria'],[],['Measles']
41,Bushenyi,[],[],['Malaria'],[]
41,Kiryandongo,[],['Malaria'],[],['Measles']
41,Masaka City,[],['Maternal Death'],['Malaria'],['Measles']
41,Mityana,[],['Malaria'],[],['Measles']
41,Iganga,[],['Malaria'],[],['Measles']
41,Namisindwa,[],['Malaria'],[],[]
41,Kween,[],['Malaria'],[],[]
41,Bududa,[],[],['Malaria'],[]
41,Budaka,[],['Malaria'],[],[]
41,Karenga,[],['Malaria'],[],[]
41,Busia,[],['Malaria'],[],[]
41,Buhweju,[],[],['Malaria'],[]
41,Hoima City,[],"['Malaria', 'Maternal Death']",[],['Measles']
41,Mayuge,[],['Malaria'],[],['Measles']
41,Lwengo,[],['Malaria'],[],['Measles']
41,Kayunga,['Acute Flaccid Paralysis'],['Malaria'],[],['Measles']
41,Kamuli,[],['Malaria'],[],[]
41,Kamwenge,[],['Malaria'],[],[]
41,Namayingo,[],['Malaria'],[],[]
41,Kyankwanzi,[],['Malaria'],[],[]
41,Kassanda,[],['Malaria'],[],[]
41,Kalungu,[],['Malaria'],[],[]
41,Rakai,[],['Malaria'],[],[]
41,Kazo,['Anthrax'],['Malaria'],[],['Measles']
41,Koboko,[],['Malaria'],[],[]
41,Kasese,['Anthrax'],['Malaria'],[],[]
41,Kaabong,[],['Malaria'],[],[]
41,Kyenjojo,[],['Malaria'],[],[]
41,Mbale,[],['Malaria'],[],['Measles']
41,Kalangala,[],['Malaria'],[],['Measles']
41,Ibanda,[],['Malaria'],[],[]
41,Rukungiri,[],['Malaria'],[],[]
41,Butaleja,[],['Malaria'],[],[]
41,Isingiro,[],['Malaria'],[],[]
41,Mitooma,[],['Malaria'],[],[]
41,Hoima,[],['Malaria'],[],[]
41,Sironko,[],['Malaria'],[],[]
41,Kaliro,[],['Malaria'],[],[]
41,Jinja,[],['Malaria'],[],[]
41,Bundibugyo,[],['Malaria'],[],[]
41,Manafwa,[],['Malaria'],[],[]
41,Bukomansimbi,[],['Malaria'],[],['Measles']
41,Rwampara,[],[],['Malaria'],[]
41,Rukiga,[],[],['Malaria'],[]
41,Nabilatuk,[],['Malaria'],[],[]
41,Kabale,[],['Malaria'],[],[]
41,Kiruhura,[],['Malaria'],[],[]
41,Rubanda,[],['Malaria'],[],[]
41,Kikuube,[],['Malaria'],[],[]
41,Buvuma,[],['Malaria'],[],['Measles']
41,Butambala,[],['Malaria'],[],['Measles']
41,Namutumba,[],['Malaria'],[],[]
41,Sheema,[],[],['Malaria'],['Measles']
41,Butebo,[],['Malaria'],[],[]
41,Kisoro,[],['Malaria'],[],[]
41,Gomba,[],['Malaria'],[],[]
41,Fort Portal City,[],['Malaria'],[],['Measles']
41,Buyende,[],['Malaria'],[],[]
41,Sembabule,['Anthrax'],['Malaria'],[],[]
41,Masaka,[],['Malaria'],[],['Measles']
40,Moyo,['Anthrax'],['Malaria'],[],[]
40,Mukono,[],['Malaria'],['Measles'],[]
40,Soroti City,['Acute Flaccid Paralysis'],"['Malaria', 'Maternal Death']",[],[]
40,Adjumani,[],['Malaria'],[],['Measles']
40,Ntungamo,[],['Malaria'],[],[]
40,Kyotera,[],['Malaria'],[],['Measles']
40,Kabarole,[],[],['Malaria'],[]
40,Rubirizi,[],['Malaria'],[],[]
40,Zombo,[],['Malaria'],[],[]
40,Katakwi,[],['Malaria'],[],[]
40,Kotido,['Acute Flaccid Paralysis'],['Malaria'],[],[]
40,Mbale City,[],['Malaria'],[],['Measles']
40,Pader,[],['Malaria'],[],[]
40,Kampala,[],"['Malaria', 'Maternal Death']",['Measles'],[]
40,Gulu City,[],['Malaria'],[],[]
40,Kole,[],['Malaria'],[],['Measles']
40,Serere,[],['Malaria'],[],[]
40,Kitagwenda,[],['Malaria'],[],[]
40,Yumbe,['Acute Flaccid Paralysis'],['Malaria'],[],[]
40,Kaberamaido,[],['Malaria'],[],[]
40,Lira City,[],['Malaria'],[],[]
40,Kasese,['Anthrax'],['Malaria'],[],[]
40,Napak,[],['Malaria'],['Measles'],[]
40,Tororo,['Acute Flaccid Paralysis'],['Malaria'],[],[]
40,Alebtong,[],['Malaria'],[],[]
40,Lira,[],"['Malaria', 'Measles']",[],[]
40,Kalaki,[],['Malaria'],[],['Measles']
40,Dokolo,[],['Malaria'],[],[]
40,Oyam,[],['Malaria'],[],['Measles']
40,Amuria,[],['Malaria'],[],[]
40,Kwania,[],['Malaria'],[],[]
40,Kagadi,[],['Malaria'],[],[]
40,Amudat,[],"['Malaria', 'Maternal Death']",[],[]
40,Agago,[],['Malaria'],[],[]
40,Abim,[],['Malaria'],[],[]
40,Arua City,[],"['Malaria', 'Schistosomiasis']",[],[]
40,Kaliro,[],['Malaria'],[],[]
40,Nebbi,[],['Malaria'],[],[]
40,Kanungu,[],['Malaria'],[],[]
40,Kitgum,[],"['Malaria', 'Maternal Death']",[],[]
40,Kiboga,[],['Malaria'],[],[]
40,Maracha,[],['Malaria'],[],[]
40,Otuke,[],['Malaria'],[],[]
40,Nakaseke,['Yellow Fever'],['Malaria'],[],['Measles']
40,Moroto,[],['Malaria'],[],[]
40,Kapelebyong,[],['Malaria'],[],[]
40,Apac,[],['Malaria'],[],[]
40,Amolatar,[],['Malaria'],[],[]
40,Kumi,[],"['Malaria', 'Maternal Death']",[],[]
40,Soroti,[],['Malaria'],[],[]
40,Lamwo,[],['Malaria'],[],[]
40,Ngora,[],['Malaria'],[],[]
40,Pallisa,[],['Malaria'],[],[]
40,Arua,[],[],[],[]
40,Bukwo,[],['Malaria'],[],[]
40,Bukedea,[],['Malaria'],[],[]
40,Nakapiripirit,[],['Malaria'],[],[]
40,Masindi,[],['Malaria'],[],[]
40,Omoro,[],['Malaria'],[],[]
40,Lyantonde,[],['Malaria'],[],[]
40,Buikwe,[],['Malaria'],[],['Measles']
40,Jinja City,[],['Malaria'],[],['Measles']
40,Nwoya,['Acute Flaccid Paralysis'],"['Malaria', 'Maternal Death']",[],[]
40,Obongi,[],[],['Malaria'],[]
40,Kibuku,[],['Malaria'],[],[]
40,Pakwach,[],['Malaria'],[],['Measles']
40,Bugiri,[],['Malaria'],[],['Measles']
40,Madi-Okollo,[],['Malaria'],[],[]
40,Nakasongola,[],['Malaria'],[],['Measles']
40,Bugweri,[],['Malaria'],[],[]
40,Mpigi,['Acute Flaccid Paralysis'],['Malaria'],[],['Measles']
40,Kibaale,['Yellow Fever'],['Malaria'],[],[]
40,Kapchorwa,[],[],['Malaria'],[]
40,Ntoroko,[],[],['Malaria'],[]
40,Luuka,[],['Malaria'],[],[]
40,Bududa,[],[],['Malaria'],[]
40,Iganga,[],"['Malaria', 'Maternal Death']",[],['Measles']
40,Koboko,[],['Malaria'],[],[]
40,Luwero,[],['Malaria'],[],['Measles']
40,Buliisa,[],['Malaria'],[],['Measles']
40,Kyegegwa,[],['Malaria'],[],['Measles']
40,Terego,[],"['Malaria', 'Schistosomiasis']",[],[]
40,Amuru,[],['Malaria'],[],[]
40,Mubende,[],['Malaria'],[],['Measles']
40,Bunyangabu,[],['Malaria'],[],[]
40,Gulu,[],['Malaria'],[],[]
40,Mbarara,[],['Malaria'],[],[]
40,Mbarara City,[],['Malaria'],[],[]
40,Bulambuli,[],['Malaria'],[],[]
40,Bushenyi,[],[],['Malaria'],[]
40,Kiryandongo,[],"['Malaria', 'Maternal Death']",[],['Measles']
40,Namisindwa,[],['Malaria'],[],[]
40,Rakai,[],['Malaria'],[],[]
40,Mityana,[],['Malaria'],['Measles'],[]
40,Kalungu,[],['Malaria'],[],[]
40,Budaka,[],['Malaria'],[],[]
40,0,[],[],[],[]
40,Nabilatuk,[],['Malaria'],[],[]
40,Kaabong,[],['Malaria'],[],[]
40,Karenga,[],['Malaria'],[],[]
40,Busia,[],['Malaria'],[],[]
40,Hoima City,['Acute Flaccid Paralysis'],['Malaria'],[],['Measles']
40,Mayuge,[],['Malaria'],[],['Measles']
40,Lwengo,[],['Malaria'],[],['Measles']
40,Kayunga,[],['Malaria'],[],['Measles']
40,Kamuli,[],['Malaria'],[],[]
40,Kamwenge,[],['Malaria'],[],['Measles']
40,Namayingo,[],['Malaria'],[],[]
40,Kyankwanzi,[],['Malaria'],[],['Measles']
40,Kassanda,[],['Malaria'],[],[]
40,Masaka City,[],[],[],['Measles']
40,Kakumiro,[],['Malaria'],[],[]
40,Kazo,['Anthrax'],['Malaria'],[],[]
40,Butebo,[],['Malaria'],[],[]
40,Kikuube,[],['Malaria'],[],[]
40,Kyenjojo,[],['Malaria'],[],['Measles']
40,Ibanda,[],['Malaria'],[],[]
40,Sironko,[],['Malaria'],[],[]
40,Rukungiri,[],['Malaria'],[],[]
40,Butaleja,[],['Malaria'],[],[]
40,Isingiro,[],['Malaria'],[],[]
40,Mitooma,[],[],['Malaria'],[]
40,Hoima,[],['Malaria'],[],[]
40,Kalangala,[],['Malaria'],[],['Measles']
40,Jinja,[],['Malaria'],[],['Measles']
40,Mbale,[],['Malaria'],[],['Measles']
40,Bundibugyo,[],['Malaria'],[],[]
40,Manafwa,[],['Malaria'],[],['Measles']
40,Kween,[],['Malaria'],[],[]
40,Wakiso,[],['Malaria'],['Measles'],[]
40,Rukiga,[],[],[],[]
40,Kiruhura,[],['Malaria'],[],[]
40,Sheema,[],[],[],[]
40,Sembabule,['Anthrax'],['Malaria'],[],['Measles']
40,Bukomansimbi,[],['Malaria'],[],['Measles']
40,Rubanda,[],['Malaria'],[],[]
40,Masaka,[],['Malaria'],[],[]
40,Buvuma,[],[],['Malaria'],[]
40,Butambala,[],['Malaria'],[],['Measles']
40,Namutumba,[],['Malaria'],[],[]
40,Buhweju,[],['Malaria'],[],[]
40,Kabale,[],['Malaria'],[],[]
40,Gomba,[],['Malaria'],[],['Measles']
40,Rwampara,[],[],['Malaria'],[]
40,Fort Portal City,[],['Malaria'],[],[]
40,Buyende,[],['Malaria'],[],['Measles']
40,Kisoro,[],['Malaria'],[],[]
39,Namutumba,[],['Malaria'],[],['Measles']
39,Karenga,[],['Malaria'],[],[]
39,Kaabong,[],['Malaria'],[],[]
39,Ntoroko,[],[],['Malaria'],[]
39,Butebo,[],['Malaria'],[],['Measles']
39,Kiruhura,[],['Malaria'],[],[]
39,Rukungiri,[],[],['Malaria'],[]
39,Buyende,[],['Malaria'],[],[]
39,Masaka,[],['Malaria'],[],[]
39,Fort Portal City,[],['Malaria'],[],[]
39,Gomba,[],['Malaria'],[],[]
39,Kisoro,[],"['Malaria', 'Maternal Death']",[],[]
39,Kabale,[],[],['Malaria'],[]
39,Sheema,[],[],[],[]
39,Butaleja,[],['Malaria'],[],[]
39,Sembabule,['Anthrax'],['Malaria'],[],[]
39,0,[],[],[],[]
39,Sironko,['Measles'],['Malaria'],[],[]
39,Butambala,[],"['Malaria', 'Maternal Death']",[],['Measles']
39,Buvuma,[],['Malaria'],[],['Measles']
39,Bunyangabu,[],['Malaria'],[],[]
39,Kyenjojo,[],['Malaria'],[],[]
39,Mbale,[],['Malaria'],[],['Measles']
39,Kaliro,[],['Malaria'],[],['Measles']
39,Luuka,[],"['Malaria', 'Maternal Death']",[],[]
39,Budaka,[],['Malaria'],[],['Measles']
39,Rukiga,[],[],['Malaria'],[]
39,Manafwa,[],['Malaria'],[],[]
39,Bundibugyo,[],['Malaria'],[],[]
39,Jinja,[],['Malaria'],[],[]
39,Kalangala,[],['Malaria'],[],[]
39,Hoima,[],['Malaria'],[],[]
39,Mitooma,[],['Malaria'],[],[]
39,Isingiro,[],['Malaria'],[],['Measles']
39,Kikuube,[],['Malaria'],[],['Measles']
39,Ibanda,[],['Malaria'],[],[]
39,Wakiso,[],"['Guinea Worm', 'Malaria']",['Measles'],[]
39,Mityana,[],['Malaria'],[],['Measles']
39,Koboko,[],[],['Malaria'],[]
39,Buhweju,[],['Malaria'],[],[]
39,Kasese,[],['Malaria'],[],['Measles']
39,Iganga,[],"['Malaria', 'Maternal Death']",[],['Measles']
39,Kakumiro,[],['Malaria'],[],[]
39,Namisindwa,[],['Malaria'],[],[]
39,Rakai,[],['Malaria'],[],[]
39,Kayunga,['Plague'],['Malaria'],[],['Measles']
39,Kalungu,[],['Malaria'],[],['Measles']
39,Kassanda,[],['Malaria'],[],['Measles']
39,Kyankwanzi,[],['Malaria'],[],[]
39,Namayingo,[],['Malaria'],[],['Measles']
39,Kamwenge,[],['Malaria'],[],['Measles']
39,Kamuli,[],['Malaria'],[],[]
39,Terego,[],['Malaria'],[],[]
39,Kanungu,[],"['Malaria', 'Maternal Death']",[],['Measles']
39,Bukomansimbi,[],['Malaria'],[],['Measles']
39,Bududa,[],['Malaria'],[],[]
39,Rubanda,[],['Malaria'],[],[]
39,Mayuge,[],['Malaria'],[],['Measles']
39,Luwero,[],['Malaria'],[],['Measles']
39,Buliisa,[],"['Malaria', 'Schistosomiasis']",[],['Measles']
39,Bulambuli,[],['Malaria'],[],['Measles']
39,Kween,[],['Malaria'],[],[]
39,Kazo,['Anthrax'],['Malaria'],[],[]
39,Masaka City,[],['Malaria'],[],['Measles']
39,Kiryandongo,['Acute Flaccid Paralysis'],['Malaria'],[],['Measles']
39,Lwengo,[],['Malaria'],[],['Measles']
39,Bushenyi,[],[],['Malaria'],[]
39,Mbarara City,[],['Malaria'],[],[]
39,Kyegegwa,[],['Malaria'],[],['Measles']
39,Mbarara,[],['Malaria'],[],[]
39,Gulu,[],['Malaria'],[],[]
39,Hoima City,['Plague'],['Malaria'],[],[]
39,Rwampara,[],[],['Malaria'],[]
39,Omoro,[],['Malaria'],[],[]
39,Mubende,[],['Malaria'],[],['Measles']
39,Nakasongola,[],['Malaria'],[],['Measles']
39,Pakwach,[],"['Malaria', 'Schistosomiasis']",[],['Measles']
39,Busia,[],['Malaria'],[],[]
39,Otuke,[],['Malaria'],[],[]
39,Napak,['Measles'],['Malaria'],[],[]
39,Ntungamo,[],['Malaria'],[],['Measles']
39,Bukwo,[],['Malaria'],[],[]
39,Nakapiripirit,[],['Malaria'],[],[]
39,Kibaale,[],['Malaria'],[],[]
39,Obongi,[],[],['Malaria'],[]
39,Mpigi,[],['Malaria'],[],[]
39,Bugweri,[],['Malaria'],[],[]
39,Bugiri,[],[],['Malaria'],['Measles']
39,Lyantonde,[],[],['Malaria'],[]
39,Kibuku,[],['Malaria'],[],[]
39,Masindi,[],['Malaria'],[],['Measles']
39,Nwoya,[],"['Malaria', 'Maternal Death']",[],['Measles']
39,Buikwe,[],['Malaria'],[],['Measles']
39,Lira,[],"['Malaria', 'Measles']",[],[]
39,Moroto,['Plague'],['Malaria'],[],['Measles']
39,Ngora,[],['Malaria'],[],[]
39,Bukedea,[],['Malaria'],[],[]
39,Madi-Okollo,[],['Malaria'],[],[]
39,Kitgum,[],['Malaria'],[],[]
39,Maracha,[],['Malaria'],[],[]
39,Arua,[],[],['Malaria'],[]
39,Pallisa,[],['Malaria'],[],[]
39,Amolatar,[],['Malaria'],[],[]
39,Lamwo,[],['Malaria'],[],[]
39,Soroti,[],['Malaria'],[],['Measles']
39,Kumi,[],['Malaria'],[],[]
39,Kiboga,[],['Malaria'],[],[]
39,Apac,[],['Malaria'],[],[]
39,Kapelebyong,[],['Malaria'],[],[]
39,Jinja City,[],['Malaria'],[],['Measles']
39,Nakaseke,[],['Malaria'],[],['Measles']
39,Nabilatuk,[],['Malaria'],[],[]
39,Tororo,['Yellow Fever'],['Malaria'],[],[]
39,Alebtong,[],['Malaria'],[],[]
39,Nebbi,[],['Malaria'],[],[]
39,Kole,[],['Malaria'],[],['Measles']
39,Yumbe,['Acute Flaccid Paralysis'],[],['Malaria'],[]
39,Kaberamaido,[],['Malaria'],[],[]
39,Abim,['Cholera'],['Malaria'],[],[]
39,Agago,[],['Malaria'],[],[]
39,Amuru,[],['Malaria'],[],[]
39,Kwania,[],['Malaria'],[],[]
39,Kitagwenda,[],['Malaria'],[],[]
39,Amuria,[],"['Malaria', 'Maternal Death']",[],[]
39,Oyam,[],['Malaria'],[],['Measles']
39,Dokolo,[],['Malaria'],[],[]
39,Kalaki,[],['Malaria'],[],['Measles']
39,Kapchorwa,['Anthrax'],[],['Malaria'],[]
39,Soroti City,[],['Malaria'],[],[]
39,Amudat,['Acute Flaccid Paralysis'],['Malaria'],[],[]
39,Kagadi,[],['Malaria'],[],[]
39,Serere,[],['Malaria'],[],[]
39,Zombo,[],['Malaria'],[],[]
39,Mukono,['Yellow Fever'],['Malaria'],[],['Measles']
39,Lira City,[],['Malaria'],[],[]
39,Arua City,[],['Malaria'],[],[]
39,Kabarole,[],['Malaria'],[],[]
39,Gulu City,[],['Malaria'],[],[]
39,Pader,[],['Malaria'],[],[]
39,Kampala,['Yellow Fever'],"['Malaria', 'Maternal Death']",['Measles'],[]
39,Adjumani,[],"['Cholera', 'Malaria']",[],[]
39,Mbale City,[],"['Malaria', 'Maternal Death']",[],['Measles']
39,Kotido,[],['Malaria'],[],[]
39,Katakwi,[],"['Malaria', 'Maternal Death']",[],[]
39,Moyo,[],['Malaria'],[],[]
39,Rubirizi,[],['Malaria'],[],[]
39,Kyotera,[],['Malaria'],[],['Measles']
38,Namutumba,[],['Malaria'],[],['Measles']
38,Karenga,[],['Malaria'],[],[]
38,Kaabong,[],['Malaria'],[],[]
38,Ntoroko,[],[],['Malaria'],['Measles']
38,Butebo,[],['Malaria'],[],[]
38,Kiruhura,[],['Malaria'],[],[]
38,Buyende,[],['Malaria'],[],['Measles']
38,Ibanda,[],['Malaria'],[],[]
38,Fort Portal City,[],['Malaria'],[],[]
38,Gomba,[],['Malaria'],[],[]
38,Masaka,[],['Malaria'],[],['Measles']
38,Kisoro,[],"['Malaria', 'Maternal Death']",[],[]
38,Kabale,[],['Malaria'],[],['Measles']
38,Sheema,[],[],['Malaria'],[]
38,Butaleja,[],['Malaria'],[],[]
38,Sembabule,['Anthrax'],['Malaria'],[],['Measles']
38,Nabilatuk,[],['Malaria'],[],[]
38,Kyenjojo,[],['Malaria'],[],['Measles']
38,Butambala,[],['Malaria'],[],[]
38,Buvuma,[],['Malaria'],[],['Measles']
38,Rubanda,[],['Malaria'],[],[]
38,Mbale,[],['Malaria'],[],['Measles']
38,Kaliro,[],['Malaria'],[],[]
38,Luuka,[],['Malaria'],[],[]
38,Budaka,[],['Malaria'],[],[]
38,Rukiga,[],[],[],[]
38,Manafwa,[],['Malaria'],[],[]
38,Bundibugyo,[],['Malaria'],[],[]
38,Jinja,[],['Malaria'],[],[]
38,Sironko,[],['Malaria'],[],[]
38,Kalangala,[],['Malaria'],[],[]
38,Hoima,[],[],['Malaria'],[]
38,Mitooma,[],"['Malaria', 'Maternal Death']",[],[]
38,Isingiro,[],['Malaria'],[],[]
38,Kikuube,[],['Malaria'],[],[]
38,Mubende,[],['Malaria'],['Measles'],[]
38,Mayuge,[],['Malaria'],[],[]
38,Koboko,[],[],['Malaria'],[]
38,Luwero,[],['Malaria'],[],['Measles']
38,Kasese,[],['Malaria'],[],['Measles']
38,Iganga,['Plague'],['Malaria'],[],['Measles']
38,Kakumiro,[],['Malaria'],[],[]
38,Namisindwa,[],['Malaria'],[],[]
38,Rakai,[],[],['Malaria'],[]
38,Kayunga,['Plague'],['Malaria'],[],['Measles']
38,Kalungu,[],['Malaria'],[],[]
38,Kassanda,[],['Malaria'],[],['Measles']
38,Kyankwanzi,[],['Malaria'],[],['Measles']
38,Namayingo,[],['Malaria'],[],[]
38,Kamwenge,[],['Malaria'],[],['Measles']
38,Kamuli,[],['Malaria'],[],[]
38,Wakiso,[],"['Guinea Worm', 'Malaria']",[],['Measles']
38,0,[],[],[],[]
38,Rukungiri,[],['Malaria'],[],[]
38,Buhweju,[],[],['Malaria'],[]
38,Bukomansimbi,[],['Malaria'],[],['Measles']
38,Bududa,[],[],['Malaria'],[]
38,Kiryandongo,[],['Malaria'],[],['Measles']
38,Buliisa,[],['Malaria'],[],['Measles']
38,Bulambuli,[],"['Malaria', 'Maternal Death']",[],[]
38,Kween,[],['Malaria'],[],[]
38,Kazo,['Anthrax'],['Malaria'],[],['Measles']
38,Mityana,[],['Malaria'],[],['Measles']
38,Masaka City,[],['Malaria'],[],['Measles']
38,Bushenyi,[],[],['Malaria'],[]
38,Lwengo,[],['Malaria'],[],['Measles']
38,Mbarara City,[],['Malaria'],[],['Measles']
38,Kyegegwa,[],['Malaria'],[],['Measles']
38,Mbarara,[],"['Leprosy', 'Malaria']",[],[]
38,Gulu,[],['Malaria'],[],[]
38,Bunyangabu,['Acute Flaccid Paralysis'],['Malaria'],[],[]
38,Hoima City,['Acute Flaccid Paralysis'],"['Malaria', 'Maternal Death']",[],[]
38,Rwampara,[],['Malaria'],[],[]
38,Kanungu,[],['Malaria'],[],[]
38,Otuke,[],['Malaria'],[],[]
38,Jinja City,[],['Malaria'],[],['Measles']
38,Busia,[],"['Malaria', 'Maternal Death']",[],[]
38,Napak,[],"['Malaria', 'Maternal Death', 'Measles']",[],[]
38,Ntungamo,['Yellow Fever'],['Malaria'],[],[]
38,Bukwo,[],['Malaria'],[],[]
38,Nakapiripirit,[],['Malaria'],[],[]
38,Pakwach,[],['Malaria'],[],[]
38,Mpigi,[],['Malaria'],[],['Measles']
38,Obongi,[],[],[],[]
38,Bugweri,[],['Malaria'],[],[]
38,Nakasongola,[],['Malaria'],[],['Measles']
38,Bugiri,[],[],['Malaria'],['Measles']
38,Lyantonde,[],['Malaria'],[],[]
38,Kibuku,[],['Malaria'],[],[]
38,Masindi,[],['Malaria'],[],['Measles']
38,Nakaseke,[],['Malaria'],[],['Measles']
38,Nwoya,[],['Malaria'],[],[]
38,Buikwe,[],['Malaria'],[],['Measles']
38,Terego,[],['Malaria'],[],[]
38,Moroto,[],['Malaria'],[],[]
38,Amuru,[],['Malaria'],[],[]
38,Bukedea,[],['Malaria'],[],[]
38,Madi-Okollo,[],['Malaria'],[],['Measles']
38,Kitgum,[],"['Malaria', 'Maternal Death']",[],[]
38,Maracha,[],['Malaria'],[],[]
38,Arua,[],['Malaria'],[],[]
38,Pallisa,[],['Malaria'],[],[]
38,Ngora,[],['Malaria'],[],[]
38,Lamwo,[],"['Malaria', 'Maternal Death']",[],[]
38,Soroti,[],['Malaria'],[],[]
38,Kumi,[],['Malaria'],[],[]
38,Kiboga,[],['Malaria'],[],[]
38,Apac,[],['Malaria'],[],['Measles']
38,Kapelebyong,[],['Malaria'],[],[]
38,Amolatar,[],['Malaria'],[],[]
38,Omoro,[],['Malaria'],[],[]
38,Kibaale,[],['Malaria'],[],['Measles']
38,Tororo,[],['Malaria'],[],[]
38,Alebtong,[],['Malaria'],[],[]
38,Nebbi,[],['Malaria'],[],[]
38,Kole,[],['Malaria'],[],['Measles']
38,Yumbe,['Acute Flaccid Paralysis'],"['Malaria', 'Maternal Death']",[],[]
38,Kaberamaido,[],['Malaria'],[],[]
38,Abim,[],['Malaria'],[],[]
38,Agago,[],['Malaria'],[],[]
38,Kagadi,[],['Malaria'],[],[]
38,Lira,[],"['Malaria', 'Measles']",[],[]
38,Kwania,[],['Malaria'],[],[]
38,Kitagwenda,[],['Malaria'],[],[]
38,Amuria,[],['Malaria'],[],[]
38,Oyam,[],['Malaria'],[],[]
38,Dokolo,[],['Malaria'],[],[]
38,Kalaki,[],['Malaria'],['Measles'],[]
38,Soroti City,[],['Malaria'],[],['Measles']
38,Amudat,[],['Malaria'],[],[]
38,Kapchorwa,[],[],['Malaria'],['Measles']
38,Serere,[],['Malaria'],[],[]
38,Zombo,[],"['Malaria', 'Maternal Death']",[],[]
38,Mukono,[],['Malaria'],[],['Measles']
38,Lira City,[],"['Malaria', 'Maternal Death']",[],['Measles']
38,Arua City,[],['Malaria'],[],[]
38,Kabarole,[],['Malaria'],[],[]
38,Gulu City,[],['Malaria'],[],[]
38,Kampala,[],"['Malaria', 'Maternal Death', 'Measles']",[],[]
38,Pader,[],['Malaria'],[],[]
38,Mbale City,[],['Malaria'],[],['Measles']
38,Adjumani,[],"['Cholera', 'Malaria']",[],[]
38,Katakwi,[],['Malaria'],[],[]
38,Moyo,[],['Malaria'],[],[]
38,Rubirizi,[],['Malaria'],[],[]
38,Kyotera,[],['Malaria'],[],['Measles']
38,Kotido,[],['Malaria'],[],[]
37,Sembabule,['Anthrax'],['Malaria'],[],[]
37,0,[],[],[],[]
37,Nabilatuk,[],['Malaria'],[],[]
37,Karenga,[],['Malaria'],[],[]
37,Kaabong,[],['Malaria'],[],[]
37,Ntoroko,[],['Malaria'],[],['Measles']
37,Isingiro,[],"['Malaria', 'Maternal Death']",[],[]
37,Butebo,[],['Malaria'],[],[]
37,Fort Portal City,[],"['Malaria', 'Maternal Death']",[],['Measles']
37,Sheema,[],[],[],[]
37,Buyende,[],['Malaria'],[],['Measles']
37,Gomba,[],['Malaria'],[],[]
37,Masaka,[],['Malaria'],[],['Measles']
37,Kisoro,[],['Malaria'],[],[]
37,Kabale,[],[],['Malaria'],[]
37,Namutumba,[],['Malaria'],[],['Measles']
37,Kiruhura,[],['Malaria'],[],[]
37,Bundibugyo,[],['Malaria'],[],[]
37,Butambala,[],['Malaria'],[],['Measles']
37,Buvuma,[],['Malaria'],[],['Measles']
37,Kyotera,[],['Malaria'],[],['Measles']
37,Kikuube,[],['Malaria'],[],[]
37,Rwampara,[],[],['Malaria'],[]
37,Kyenjojo,[],['Malaria'],[],['Measles']
37,Mbale,[],['Malaria'],[],['Measles']
37,Kaliro,[],['Malaria'],[],[]
37,Luuka,[],"['Malaria', 'Maternal Death']",[],[]
37,Budaka,[],['Malaria'],[],[]
37,Rukiga,[],[],['Malaria'],[]
37,Manafwa,[],['Malaria'],[],['Measles']
37,Jinja,[],['Malaria'],[],[]
37,Sironko,[],['Malaria'],[],[]
37,Kalangala,[],['Malaria'],[],[]
37,Hoima,[],[],['Malaria'],[]
37,Mitooma,[],['Malaria'],[],[]
37,Rukungiri,[],['Malaria'],[],[]
37,Rubirizi,[],['Malaria'],[],[]
37,Ibanda,[],['Malaria'],[],[]
37,Hoima City,[],"['Malaria', 'Maternal Death']",[],[]
37,Rubanda,[],['Malaria'],[],[]
37,Bukomansimbi,[],['Malaria'],['Measles'],[]
37,Buhweju,[],['Malaria'],[],[]
37,Kasese,['Anthrax'],['Malaria'],[],['Measles']
37,Iganga,[],['Malaria'],[],[]
37,Kakumiro,[],['Malaria'],[],[]
37,Bududa,[],[],['Malaria'],[]
37,Kamuli,[],['Malaria'],[],['Measles']
37,Rakai,[],[],['Malaria'],[]
37,Kalungu,[],['Malaria'],[],['Measles']
37,Kassanda,[],['Malaria'],[],['Measles']
37,Kyankwanzi,[],['Malaria'],[],['Measles']
37,Namayingo,[],['Malaria'],[],[]
37,Kamwenge,[],['Malaria'],[],['Measles']
37,Moyo,[],[],['Malaria'],[]
37,Namisindwa,[],['Malaria'],[],[]
37,Kayunga,[],['Malaria'],[],['Measles']
37,Lwengo,[],['Malaria'],[],['Measles']
37,Mityana,[],"['Dengue Fever', 'Malaria', 'Maternal Death']",[],['Measles']
37,Koboko,[],['Malaria'],[],[]
37,Luwero,['Yellow Fever'],['Malaria'],[],['Measles']
37,Buliisa,[],['Malaria'],[],['Measles']
37,Bulambuli,[],['Malaria'],[],['Measles']
37,Kween,[],['Malaria'],[],[]
37,Kazo,['Anthrax'],['Malaria'],[],[]
37,Masaka City,[],"['Malaria', 'Maternal Death']",[],['Measles']
37,Mayuge,[],['Malaria'],[],['Measles']
37,Kiryandongo,[],"['Malaria', 'Maternal Death']",[],['Measles']
37,Bushenyi,[],[],['Malaria'],[]
37,Mbarara City,[],['Malaria'],[],[]
37,Kyegegwa,[],['Malaria'],[],[]
37,Mbarara,[],['Malaria'],[],[]
37,Gulu,[],['Malaria'],[],[]
37,Butaleja,[],['Malaria'],[],['Measles']
37,Bunyangabu,[],['Malaria'],[],[]
37,Kanungu,[],['Malaria'],[],[]
37,Obongi,[],[],[],[]
37,Nakapiripirit,[],['Malaria'],[],[]
37,Terego,[],['Malaria'],[],[]
37,Kapchorwa,[],['Malaria'],[],['Measles']
37,Busia,['Yellow Fever'],['Malaria'],[],['Measles']
37,Napak,[],['Malaria'],['Measles'],[]
37,Ntungamo,[],['Malaria'],[],[]
37,Bukwo,[],[],['Malaria'],[]
37,Pakwach,[],['Malaria'],[],[]
37,Kibuku,['Acute Flaccid Paralysis'],['Malaria'],[],[]
37,Kibaale,[],['Malaria'],[],['Measles']
37,Mpigi,[],['Malaria'],[],[]
37,Bugweri,[],['Malaria'],[],[]
37,Nakasongola,[],['Malaria'],[],['Measles']
37,Bugiri,[],['Malaria'],[],[]
37,Lyantonde,[],['Malaria'],[],[]
37,Masindi,[],['Malaria'],[],[]
37,Nwoya,[],['Malaria'],[],[]
37,Nakaseke,[],['Malaria'],[],[]
37,Kapelebyong,[],['Malaria'],[],[]
37,Moroto,[],['Malaria'],[],[]
37,Jinja City,[],['Malaria'],[],['Measles']
37,Buikwe,[],['Malaria'],[],['Measles']
37,Bukedea,[],['Malaria'],[],[]
37,Madi-Okollo,[],['Malaria'],[],[]
37,Kitgum,[],['Malaria'],[],[]
37,Maracha,[],['Malaria'],[],[]
37,Arua,[],[],['Malaria'],[]
37,Pallisa,[],['Malaria'],[],[]
37,Ngora,[],['Malaria'],[],[]
37,Lamwo,[],['Malaria'],[],[]
37,Soroti,[],['Malaria'],[],[]
37,Kumi,[],['Malaria'],[],[]
37,Kiboga,[],['Malaria'],[],[]
37,Apac,[],['Malaria'],[],[]
37,Amolatar,['Yellow Fever'],['Malaria'],[],[]
37,Amuru,[],"['Cholera', 'Malaria']",[],[]
37,Mubende,[],['Malaria'],[],['Measles']
37,Lira,['Measles'],['Malaria'],[],[]
37,Abim,[],['Malaria'],[],[]
37,Omoro,[],['Malaria'],[],[]
37,Tororo,[],['Malaria'],[],['Measles']
37,Nebbi,[],['Malaria'],[],[]
37,Kole,[],['Malaria'],[],['Measles']
37,Yumbe,['Acute Flaccid Paralysis'],[],['Malaria'],[]
37,Agago,[],['Malaria'],[],[]
37,Dokolo,[],['Malaria'],[],[]
37,Amudat,['Anthrax'],['Malaria'],[],[]
37,Kagadi,[],['Malaria'],[],[]
37,Kwania,[],['Malaria'],[],[]
37,Kitagwenda,[],[],[],[]
37,Amuria,[],"['Malaria', 'Maternal Death']",[],[]
37,Oyam,[],['Malaria'],[],[]
37,Otuke,[],['Malaria'],[],[]
37,Kalaki,[],['Malaria'],[],['Measles']
37,Kaberamaido,[],['Malaria'],[],[]
37,Alebtong,[],['Malaria'],[],[]
37,Gulu City,[],"['Malaria', 'Maternal Death']",[],[]
37,Wakiso,[],"['Guinea Worm', 'Malaria']",['Measles'],[]
37,Mukono,[],"['Malaria', 'Maternal Death']",[],['Measles']
37,Soroti City,[],"['Malaria', 'Maternal Death']",[],['Measles']
37,Mbale City,[],"['Dengue Fever', 'Malaria']",[],['Measles']
37,Lira City,[],"['Malaria', 'Maternal Death']",[],['Measles']
37,Kabarole,[],['Malaria'],[],[]
37,Arua City,[],"['Malaria', 'Maternal Death']",[],[]
37,Kampala,['Yellow Fever'],"['Malaria', 'Maternal Death', 'Measles']",[],[]
37,Serere,[],['Malaria'],[],[]
37,Pader,[],['Malaria'],[],[]
37,Zombo,[],['Malaria'],[],[]
37,Adjumani,[],"['Cholera', 'Malaria']",[],[]
37,Kotido,[],['Malaria'],[],[]
37,Katakwi,[],['Malaria'],[],[]
36,Kampala,['Acute Flaccid Paralysis'],"['Malaria', 'Maternal Death', 'Measles']",[],[]
36,Rubirizi,[],['Malaria'],[],[]
36,Moyo,[],['Malaria'],[],[]
36,Katakwi,[],['Malaria'],[],[]
36,Kotido,[],['Malaria'],[],[]
36,Adjumani,[],"['Cholera', 'Malaria', 'Schistosomiasis']",[],[]
36,Zombo,[],['Malaria'],[],[]
36,Tororo,[],"['Malaria', 'Maternal Death']",[],[]
36,Mukono,[],"['Malaria', 'Maternal Death']",[],['Measles']
36,Gulu City,[],"['Malaria', 'Maternal Death']",[],[]
36,Kabarole,[],['Malaria'],[],[]
36,Arua City,[],['Malaria'],[],['Measles']
36,Lira City,[],['Malaria'],[],['Measles']
36,Mbale City,['Acute Flaccid Paralysis'],['Malaria'],[],['Measles']
36,Soroti City,[],['Malaria'],[],[]
36,Omoro,[],['Malaria'],[],[]
36,Pader,[],['Malaria'],[],[]
36,Kagadi,[],['Malaria'],[],[]
36,Serere,[],['Malaria'],[],[]
36,Lira,[],"['Leprosy', 'Malaria']",['Measles'],[]
36,Busia,[],['Malaria'],[],[]
36,Kalaki,[],['Malaria'],[],['Measles']
36,Dokolo,[],['Malaria'],[],[]
36,Oyam,[],['Malaria'],[],[]
36,Amuria,[],['Malaria'],[],[]
36,Kitagwenda,[],[],[],[]
36,Kwania,[],['Malaria'],[],[]
36,Amudat,[],['Malaria'],[],['Measles']
36,Alebtong,[],['Malaria'],[],[]
36,Agago,[],['Malaria'],[],[]
36,Abim,[],['Malaria'],[],[]
36,Kaberamaido,[],['Malaria'],[],[]
36,Yumbe,['Acute Flaccid Paralysis'],['Malaria'],[],[]
36,Kole,[],['Malaria'],[],['Measles']
36,Nebbi,[],['Malaria'],[],[]
36,Otuke,[],['Malaria'],[],[]
36,Nakaseke,[],['Malaria'],[],[]
36,Bugweri,[],['Malaria'],[],[]
36,Amolatar,[],['Malaria'],[],[]
36,Apac,[],['Malaria'],[],[]
36,Kiboga,[],['Malaria'],[],[]
36,Kumi,[],['Malaria'],[],[]
36,Lamwo,[],['Malaria'],[],[]
36,Bukedea,[],['Malaria'],[],[]
36,Ngora,[],[],['Malaria'],['Measles']
36,Pallisa,[],['Malaria'],[],[]
36,Arua,[],[],[],[]
36,Maracha,[],['Malaria'],[],[]
36,Kitgum,[],['Malaria'],[],[]
36,Madi-Okollo,[],['Malaria'],[],[]
36,Amuru,[],"['Cholera', 'Malaria']",[],[]
36,Kanungu,[],['Malaria'],[],[]
36,Wakiso,[],"['Malaria', 'Measles']",[],[]
36,Kapchorwa,[],['Malaria'],[],[]
36,Kapelebyong,[],['Malaria'],[],[]
36,Moroto,[],['Malaria'],[],['Measles']
36,Obongi,[],[],[],[]
36,Soroti,[],['Malaria'],[],[]
36,Masindi,['Yellow Fever'],['Malaria'],[],[]
36,Kibuku,[],['Malaria'],[],[]
36,Lyantonde,[],['Maternal Death'],['Malaria'],[]
36,Bugiri,[],['Malaria'],[],[]
36,Nakasongola,[],['Malaria'],[],['Measles']
36,Mpigi,[],['Malaria'],[],[]
36,Jinja City,[],['Malaria'],[],['Measles']
36,Kibaale,[],['Malaria'],[],[]
36,Pakwach,[],['Malaria'],[],[]
36,Nakapiripirit,[],['Malaria'],[],[]
36,Bukwo,[],['Malaria'],[],[]
36,Ntungamo,[],['Malaria'],[],[]
36,Napak,[],"['Malaria', 'Measles']",[],[]
36,Nwoya,[],['Malaria'],[],[]
36,Buikwe,[],['Malaria'],[],['Measles']
36,Terego,[],"['Leprosy', 'Malaria']",[],[]
36,Kikuube,[],['Malaria'],['Measles'],[]
36,Mubende,[],"['Malaria', 'Measles']",[],[]
36,Bukomansimbi,[],['Malaria'],[],['Measles']
36,Mayuge,[],"['Leprosy', 'Malaria']",[],[]
36,Hoima City,[],['Malaria'],[],['Measles']
36,Kiryandongo,[],['Malaria'],[],[]
36,Bunyangabu,[],[],['Malaria'],[]
36,Gulu,[],['Malaria'],[],['Measles']
36,Mbarara,[],['Malaria'],[],[]
36,Kyegegwa,[],['Malaria'],[],[]
36,Mbarara City,[],[],['Malaria'],[]
36,Bushenyi,[],"['Malaria', 'Maternal Death']",[],[]
36,Masaka City,[],['Malaria'],['Measles'],[]
36,Koboko,[],['Malaria'],[],[]
36,Mityana,[],"['Malaria', 'Measles']",[],[]
36,Kazo,['Anthrax'],['Malaria'],[],['Measles']
36,Kween,[],['Malaria'],[],[]
36,Bulambuli,[],['Malaria'],[],['Measles']
36,Kyenjojo,[],['Malaria'],[],[]
36,Buhweju,[],['Malaria'],[],[]
36,Luwero,[],['Malaria'],[],['Measles']
36,Kasese,['Anthrax'],"['Malaria', 'Maternal Death']",[],['Measles']
36,0,[],[],[],[]
36,Nabilatuk,[],['Malaria'],[],[]
36,Kyotera,[],['Malaria'],['Measles'],[]
36,Kayunga,[],['Malaria'],[],['Measles']
36,Kamuli,[],['Malaria'],[],[]
36,Kamwenge,[],['Malaria'],[],['Measles']
36,Namayingo,[],['Malaria'],[],[]
36,Kyankwanzi,[],['Malaria'],[],['Measles']
36,Kassanda,[],['Malaria'],[],['Measles']
36,Kalungu,[],['Malaria'],[],['Measles']
36,Rakai,[],[],['Malaria'],[]
36,Bududa,[],['Malaria'],[],[]
36,Namisindwa,[],['Malaria'],[],[]
36,Kakumiro,[],['Malaria'],[],[]
36,Iganga,['Plague'],['Malaria'],[],['Measles']
36,Buliisa,[],['Malaria'],[],['Measles']
36,Lwengo,[],['Malaria'],['Measles'],[]
36,Rubanda,[],[],['Malaria'],[]
36,Manafwa,[],['Malaria'],[],['Measles']
36,Bundibugyo,[],['Malaria'],[],[]
36,Isingiro,[],[],['Malaria'],[]
36,Mitooma,[],['Malaria'],[],[]
36,Hoima,['Measles'],['Malaria'],[],[]
36,Sironko,[],['Malaria'],[],[]
36,Jinja,['Plague'],['Malaria'],[],[]
36,Rwampara,[],['Malaria'],[],[]
36,Butambala,[],['Malaria'],[],['Measles']
36,Rukiga,[],[],[],[]
36,Budaka,[],['Malaria'],[],[]
36,Luuka,[],['Malaria'],[],[]
36,Kaliro,[],['Malaria'],[],['Measles']
36,Mbale,[],['Malaria'],[],['Measles']
36,Ibanda,[],"['Malaria', 'Maternal Death']",[],[]
36,Butaleja,[],['Malaria'],[],[]
36,Kalangala,[],['Malaria'],[],[]
36,Karenga,[],['Malaria'],[],[]
36,Buyende,[],['Malaria'],[],['Measles']
36,Rukungiri,[],[],['Malaria'],[]
36,Namutumba,[],['Malaria'],[],['Measles']
36,Sheema,[],[],[],[]
36,Kabale,[],[],['Malaria'],[]
36,Kisoro,[],['Malaria'],[],[]
36,Masaka,[],['Malaria'],[],[]
36,Gomba,[],['Malaria'],[],[]
36,Fort Portal City,[],['Malaria'],[],[]
36,Buvuma,[],['Malaria'],[],['Measles']
36,Sembabule,['Anthrax'],['Malaria'],[],['Measles']
36,Kiruhura,[],['Malaria'],[],[]
36,Butebo,[],['Malaria'],[],[]
36,Ntoroko,[],[],['Malaria'],['Measles']
36,Kaabong,[],['Malaria'],[],[]
35,Kotido,[],['Malaria'],[],[]
35,Wakiso,[],"['Guinea Worm', 'Malaria', 'Measles']",[],[]
35,Kanungu,[],['Malaria'],[],[]
35,Busia,[],['Malaria'],[],['Measles']
35,Kyotera,[],['Malaria'],[],['Measles']
35,Rubirizi,[],['Malaria'],[],[]
35,Moyo,[],[],['Malaria'],[]
35,Katakwi,[],['Malaria'],[],[]
35,Pader,[],['Malaria'],[],[]
35,Adjumani,[],"['Cholera', 'Malaria', 'Schistosomiasis']",[],[]
35,Zombo,[],[],['Malaria'],[]
35,Tororo,[],['Malaria'],[],[]
35,Kampala,"['Acute Flaccid Paralysis', 'Yellow Fever']","['Malaria', 'Maternal Death']",['Measles'],[]
35,Gulu City,[],"['Malaria', 'Maternal Death']",[],['Measles']
35,Kabarole,[],['Malaria'],[],[]
35,Arua City,[],"['Malaria', 'Maternal Death']",[],[]
35,Lira City,[],['Malaria'],[],['Measles']
35,Serere,[],['Malaria'],[],[]
35,Mbale City,[],"['Malaria', 'Maternal Death']",[],['Measles']
35,Mukono,[],"['Malaria', 'Maternal Death']",[],['Measles']
35,Alebtong,[],['Malaria'],[],[]
35,Lira,[],"['Malaria', 'Measles']",[],[]
35,Kalaki,[],['Malaria'],[],['Measles']
35,Dokolo,[],['Malaria'],[],['Measles']
35,Oyam,[],['Malaria'],[],['Measles']
35,Amuria,[],['Malaria'],[],[]
35,Kitagwenda,[],['Malaria'],[],[]
35,Kwania,[],['Malaria'],[],[]
35,Kagadi,[],['Malaria'],[],[]
35,Amudat,[],['Malaria'],[],[]
35,Agago,[],['Malaria'],[],[]
35,Abim,[],['Malaria'],[],[]
35,Kaberamaido,[],['Malaria'],[],['Measles']
35,Yumbe,['Acute Flaccid Paralysis'],['Malaria'],[],[]
35,Kole,[],['Malaria'],[],['Measles']
35,Nebbi,[],['Malaria'],[],[]
35,Kapchorwa,[],"['Malaria', 'Maternal Death']",[],[]
35,Omoro,[],['Malaria'],[],[]
35,Bukedea,[],['Malaria'],[],[]
35,Kumi,[],['Malaria'],[],[]
35,Kitgum,[],['Malaria'],[],[]
35,Otuke,[],['Malaria'],[],[]
35,Nakaseke,[],['Malaria'],[],['Measles']
35,Moroto,[],['Malaria'],[],[]
35,Amolatar,[],['Malaria'],[],[]
35,Kapelebyong,[],['Malaria'],[],[]
35,Kiboga,['Acute Flaccid Paralysis'],['Malaria'],[],['Measles']
35,Apac,[],['Malaria'],[],[]
35,Soroti,[],['Malaria'],[],[]
35,Lamwo,[],['Malaria'],[],[]
35,Ngora,[],['Malaria'],[],[]
35,Pallisa,[],['Malaria'],[],[]
35,Arua,[],[],['Malaria'],[]
35,Maracha,[],['Malaria'],[],[]
35,Madi-Okollo,[],['Malaria'],[],[]
35,Bukwo,[],['Malaria'],[],[]
35,Buikwe,[],['Malaria'],[],['Measles']
35,Bugiri,[],"['Malaria', 'Measles']",[],[]
35,Jinja City,[],['Malaria'],[],['Measles']
35,Nwoya,[],['Malaria'],[],[]
35,Obongi,[],[],[],[]
35,Masindi,[],['Malaria'],[],[]
35,Kibuku,[],['Malaria'],[],[]
35,Lyantonde,[],['Malaria'],['Measles'],[]
35,Nakasongola,[],['Malaria'],[],[]
35,Napak,[],['Malaria'],[],['Measles']
35,Bugweri,[],['Malaria'],[],[]
35,Mpigi,[],['Malaria'],[],['Measles']
35,Kibaale,[],['Malaria'],[],[]
35,Pakwach,[],"['Malaria', 'Maternal Death']",[],[]
35,Nakapiripirit,[],['Malaria'],[],[]
35,Ntungamo,[],['Malaria'],[],[]
35,Soroti City,[],['Malaria'],[],[]
35,Mayuge,[],['Malaria'],[],['Measles']
35,Rubanda,[],['Malaria'],[],[]
35,Terego,[],"['Leprosy', 'Malaria']",[],[]
35,Mubende,['Yellow Fever'],"['Malaria', 'Measles']",[],[]
35,Bunyangabu,[],['Malaria'],[],[]
35,Gulu,[],['Malaria'],[],[]
35,Mbarara,[],['Malaria'],[],[]
35,Kyegegwa,[],['Malaria'],[],['Measles']
35,Mbarara City,[],['Maternal Death'],['Malaria'],[]
35,Bushenyi,[],[],[],[]
35,Kiryandongo,[],['Malaria'],[],['Measles']
35,Masaka City,[],"['Malaria', 'Maternal Death']",['Measles'],[]
35,Mityana,[],['Malaria'],[],['Measles']
35,Kazo,['Anthrax'],['Malaria'],[],['Measles']
35,Kween,[],['Malaria'],[],[]
35,Bulambuli,[],['Malaria'],[],['Measles']
35,Buliisa,[],['Malaria'],[],[]
35,Luwero,['Yellow Fever'],['Malaria'],[],['Measles']
35,Koboko,[],[],['Malaria'],[]
35,Hoima City,['Plague'],['Malaria'],[],[]
35,Rukungiri,[],['Malaria'],[],[]
35,Lwengo,[],['Malaria'],['Measles'],[]
35,Kayunga,[],['Malaria'],[],['Measles']
35,Kamuli,[],['Malaria'],[],['Measles']
35,Kamwenge,[],['Malaria'],[],['Measles']
35,Namayingo,[],['Malaria'],[],[]
35,Kyankwanzi,[],['Malaria'],[],['Measles']
35,Kassanda,[],['Malaria'],[],['Measles']
35,Kalungu,[],['Malaria'],[],['Measles']
35,Rakai,[],"['Malaria', 'Measles']",[],[]
35,Bududa,[],[],['Malaria'],[]
35,Namisindwa,[],['Malaria'],[],[]
35,Kakumiro,[],['Malaria'],[],[]
35,Iganga,[],['Malaria'],[],['Measles']
35,Kasese,[],['Malaria'],[],['Measles']
35,Buhweju,[],['Malaria'],[],[]
35,Bukomansimbi,[],['Malaria'],[],['Measles']
35,Ibanda,[],['Malaria'],[],[]
35,Amuru,[],"['Cholera', 'Malaria']",[],[]
35,Butaleja,[],['Malaria'],[],[]
35,Butambala,[],['Malaria'],[],['Measles']
35,Manafwa,[],"['Malaria', 'Maternal Death']",[],[]
35,Mitooma,[],['Malaria'],[],[]
35,Hoima,[],['Malaria'],[],['Measles']
35,Kalangala,[],['Malaria'],[],[]
35,Sironko,[],['Malaria'],[],[]
35,Jinja,[],['Malaria'],[],['Measles']
35,Rukiga,[],['Malaria'],[],[]
35,Kikuube,[],['Malaria'],[],[]
35,Budaka,[],['Malaria'],[],[]
35,Luuka,[],['Malaria'],[],[]
35,Kaliro,[],['Malaria'],[],['Measles']
35,Mbale,[],['Malaria'],[],['Measles']
35,Kyenjojo,[],['Malaria'],[],['Measles']
35,Rwampara,[],[],['Malaria'],[]
35,Isingiro,[],['Malaria'],[],[]
35,Buvuma,[],['Malaria'],['Measles'],[]
35,Bundibugyo,[],['Malaria'],[],[]
35,Namutumba,[],['Malaria'],[],[]
35,Sembabule,[],['Malaria'],[],['Measles']
35,Nabilatuk,['Yellow Fever'],['Malaria'],[],[]
35,Kabale,[],['Malaria'],[],[]
35,Kisoro,[],[],['Malaria'],[]
35,Masaka,[],['Malaria'],[],[]
35,Gomba,[],['Malaria'],[],['Measles']
35,Buyende,[],['Malaria'],[],['Measles']
35,Fort Portal City,['Acute Flaccid Paralysis'],['Malaria'],[],[]
35,Kiruhura,[],['Malaria'],[],[]
35,Sheema,[],[],[],[]
35,Butebo,[],['Malaria'],[],[]
35,Ntoroko,[],['Malaria'],[],[]
35,Kaabong,[],['Malaria'],[],[]
35,Karenga,[],['Malaria'],[],[]
35,0,[],[],[],[]
34,Ntoroko,[],[],['Malaria'],[]
34,Butebo,[],['Malaria'],[],[]
34,Gulu,[],['Malaria'],[],[]
34,0,[],[],[],[]
34,Nabilatuk,['Acute Flaccid Paralysis'],['Malaria'],[],[]
34,Karenga,[],[],['Malaria'],[]
34,Kaabong,[],['Malaria'],[],[]
34,Kisoro,[],['Malaria'],[],[]
34,Kiruhura,[],['Malaria'],[],['Measles']
34,Kabale,[],['Malaria'],[],[]
34,Sembabule,[],['Malaria'],[],[]
34,Buyende,[],['Malaria'],[],[]
34,Fort Portal City,[],['Malaria'],[],[]
34,Gomba,[],['Malaria'],[],[]
34,Masaka,[],[],['Malaria'],[]
34,Namutumba,['Yellow Fever'],['Malaria'],[],[]
34,Sheema,[],[],[],[]
34,Isingiro,[],['Malaria'],[],[]
34,Butambala,[],['Malaria'],[],['Measles']
34,Hoima,[],['Malaria'],[],['Measles']
34,Wakiso,[],"['Malaria', 'Measles']",[],[]
34,Buvuma,[],['Malaria'],['Measles'],[]
34,Kikuube,[],['Malaria'],[],[]
34,Rwampara,[],[],['Malaria'],[]
34,Kyenjojo,[],['Malaria'],[],[]
34,Mbale,[],['Malaria'],[],['Measles']
34,Kaliro,[],['Malaria'],[],[]
34,Luuka,['Acute Flaccid Paralysis'],['Malaria'],[],[]
34,Budaka,[],['Malaria'],[],[]
34,Rukiga,[],[],['Malaria'],[]
34,Manafwa,[],['Malaria'],[],[]
34,Bundibugyo,[],['Malaria'],[],[]
34,Jinja,[],"['Malaria', 'Maternal Death']",[],['Measles']
34,Sironko,[],['Malaria'],[],[]
34,Kalangala,[],['Malaria'],[],['Measles']
34,Mitooma,[],['Malaria'],[],[]
34,Rukungiri,[],[],['Malaria'],[]
34,Butaleja,[],['Malaria'],[],[]
34,Kayunga,['Yellow Fever'],['Malaria'],[],['Measles']
34,Kamwenge,[],['Malaria'],[],['Measles']
34,Rubanda,[],['Malaria'],[],[]
34,Bukomansimbi,[],['Malaria'],[],['Measles']
34,Buhweju,[],['Malaria'],[],[]
34,Kasese,"['Acute Flaccid Paralysis', 'Yellow Fever']",['Malaria'],[],['Measles']
34,Kakumiro,[],['Malaria'],[],[]
34,Iganga,[],['Malaria'],[],['Measles']
34,Bududa,[],['Malaria'],[],[]
34,Rakai,[],['Malaria'],[],['Measles']
34,Ibanda,[],"['Malaria', 'Maternal Death']",[],[]
34,Kalungu,[],['Malaria'],[],['Measles']
34,Kassanda,[],['Malaria'],[],['Measles']
34,Kyankwanzi,[],['Malaria'],[],['Measles']
34,Namayingo,[],[],['Malaria'],['Measles']
34,Bunyangabu,[],[],[],[]
34,Namisindwa,[],['Malaria'],[],[]
34,Kamuli,['Yellow Fever'],['Malaria'],[],[]
34,Bulambuli,[],['Malaria'],[],['Measles']
34,Kazo,['Anthrax'],['Malaria'],[],[]
34,Mayuge,[],['Malaria'],[],['Measles']
34,Hoima City,[],"['Malaria', 'Maternal Death']",[],[]
34,Koboko,[],['Malaria'],[],[]
34,Luwero,[],['Malaria'],[],['Measles']
34,Buliisa,[],['Malaria'],[],[]
34,Kween,[],['Malaria'],[],[]
34,Mityana,[],['Malaria'],[],['Measles']
34,Lwengo,[],['Malaria'],['Measles'],[]
34,Masaka City,[],"['Malaria', 'Maternal Death']",[],['Measles']
34,Kiryandongo,[],['Malaria'],[],['Measles']
34,Bushenyi,[],['Malaria'],[],[]
34,Mbarara City,[],['Malaria'],[],[]
34,Kyegegwa,[],['Malaria'],[],['Measles']
34,Mbarara,[],['Malaria'],[],[]
34,Mubende,['Plague'],['Malaria'],[],['Measles']
34,Kanungu,[],['Malaria'],[],[]
34,Pallisa,[],['Malaria'],[],[]
34,Mpigi,[],['Malaria'],[],['Measles']
34,Nakaseke,[],['Malaria'],[],['Measles']
34,Kapchorwa,[],['Malaria'],[],[]
34,Terego,[],"['Malaria', 'Schistosomiasis']",[],[]
34,Busia,[],['Malaria'],[],['Measles']
34,Napak,[],['Malaria'],[],['Measles']
34,Ntungamo,[],[],['Malaria'],[]
34,Bukwo,[],['Malaria'],[],[]
34,Nakapiripirit,[],['Malaria'],[],[]
34,Pakwach,[],"['Malaria', 'Schistosomiasis']",[],[]
34,Kibaale,[],"['Malaria', 'Maternal Death']",[],[]
34,Bugweri,[],['Malaria'],[],['Measles']
34,Nakasongola,[],['Malaria'],[],[]
34,Bugiri,[],"['Malaria', 'Measles']",[],[]
34,Lyantonde,[],['Malaria'],[],['Measles']
34,Kibuku,[],[],['Malaria'],[]
34,Obongi,[],[],['Malaria'],[]
34,Jinja City,[],['Malaria'],[],['Measles']
34,Rubirizi,[],['Malaria'],[],[]
34,Amolatar,[],['Malaria'],[],[]
34,Kalaki,[],['Malaria'],[],['Measles']
34,Bukedea,[],"['Malaria', 'Maternal Death']",[],[]
34,Madi-Okollo,[],['Malaria'],[],['Measles']
34,Kitgum,[],['Malaria'],[],[]
34,Maracha,[],['Malaria'],[],[]
34,Buikwe,[],['Malaria'],[],['Measles']
34,Arua,[],[],['Malaria'],[]
34,Apac,[],['Malaria'],[],[]
34,Ngora,[],['Malaria'],[],[]
34,Lamwo,[],['Malaria'],[],[]
34,Soroti,[],['Malaria'],[],[]
34,Kumi,[],['Malaria'],[],['Measles']
34,Kiboga,[],"['Malaria', 'Maternal Death']",[],[]
34,Nwoya,[],['Malaria'],[],[]
34,Kapelebyong,[],['Malaria'],[],[]
34,Moroto,[],"['Malaria', 'Onchocerciasis']",[],[]
34,Masindi,[],['Malaria'],[],['Measles']
34,Otuke,[],['Malaria'],[],[]
34,Alebtong,[],['Malaria'],[],[]
34,Lira,[],"['Malaria', 'Measles']",[],[]
34,Tororo,[],['Malaria'],[],[]
34,Nebbi,[],['Malaria'],[],[]
34,Kole,[],['Malaria'],[],[]
34,Yumbe,['Acute Flaccid Paralysis'],['Malaria'],[],[]
34,Kaberamaido,[],['Malaria'],[],['Measles']
34,Abim,[],['Malaria'],[],[]
34,Agago,[],['Malaria'],[],[]
34,Amudat,[],['Malaria'],[],['Measles']
34,Kagadi,[],['Malaria'],[],['Measles']
34,Kwania,[],['Malaria'],[],[]
34,Kitagwenda,[],['Malaria'],[],[]
34,Amuria,[],"['Malaria', 'Maternal Death']",[],[]
34,Oyam,[],"['Malaria', 'Maternal Death']",[],[]
34,Serere,[],['Malaria'],[],[]
34,Omoro,[],['Malaria'],[],[]
34,Dokolo,[],"['Guinea Worm', 'Malaria']",[],[]
34,Mukono,[],['Malaria'],[],['Measles']
34,Pader,[],['Malaria'],[],[]
34,Amuru,['Cholera'],['Malaria'],[],[]
34,Mbale City,['Plague'],[],['Malaria'],['Measles']
34,Lira City,['Measles'],"['Malaria', 'Maternal Death']",[],[]
34,Arua City,[],['Malaria'],[],['Measles']
34,Kabarole,[],['Malaria'],[],[]
34,Gulu City,['Acute Flaccid Paralysis'],"['Dengue Fever', 'Malaria']",[],[]
34,Kampala,['Maternal Death'],"['Malaria', 'Measles']",[],[]
34,Soroti City,[],['Malaria'],[],[]
34,Zombo,[],['Malaria'],[],[]
34,Kotido,[],['Malaria'],[],[]
34,Katakwi,[],['Malaria'],[],[]
34,Moyo,[],['Malaria'],[],[]
34,Kyotera,[],['Malaria'],[],['Measles']
34,Adjumani,[],"['Cholera', 'Malaria', 'Onchocerciasis']",[],[]
33,Adjumani,[],"['Cholera', 'Malaria', 'Maternal Death']",[],[]
33,Wakiso,[],['Malaria'],['Measles'],[]
33,Kanungu,[],['Malaria'],[],['Measles']
33,Kyotera,[],"['Malaria', 'Measles']",[],[]
33,Rubirizi,[],['Malaria'],[],[]
33,Moyo,[],[],['Malaria'],[]
33,Kole,[],['Malaria'],[],[]
33,Katakwi,[],['Malaria'],[],[]
33,Pader,[],"['Malaria', 'Maternal Death']",[],[]
33,Lira City,[],['Malaria'],[],[]
33,Zombo,[],['Malaria'],[],[]
33,Kampala,[],"['Malaria', 'Maternal Death', 'Measles']",[],[]
33,Gulu City,[],['Malaria'],[],[]
33,Kabarole,[],['Malaria'],[],[]
33,Arua City,[],"['Malaria', 'Maternal Death']",[],[]
33,Mbale City,[],['Maternal Death'],['Malaria'],['Measles']
33,Kotido,[],['Malaria'],[],[]
33,Kagadi,[],['Malaria'],[],[]
33,Soroti City,[],['Malaria'],[],[]
33,Mukono,[],"['Malaria', 'Maternal Death']",[],['Measles']
33,Kapchorwa,[],[],['Malaria'],[]
33,Serere,[],['Malaria'],[],['Measles']
33,Alebtong,[],['Malaria'],[],[]
33,Lira,[],"['Malaria', 'Measles']",[],[]
33,Kalaki,[],['Malaria'],[],[]
33,Dokolo,[],['Malaria'],[],[]
33,Oyam,[],['Malaria'],[],[]
33,Amuria,[],['Malaria'],[],['Measles']
33,Kitagwenda,[],['Malaria'],[],[]
33,Kwania,[],['Malaria'],[],[]
33,Amudat,[],['Malaria'],[],[]
33,Agago,[],['Malaria'],[],[]
33,Abim,[],['Malaria'],[],['Measles']
33,Kaberamaido,[],['Malaria'],[],[]
33,Yumbe,['Acute Flaccid Paralysis'],[],['Malaria'],[]
33,Tororo,[],['Malaria'],[],[]
33,Terego,[],"['Malaria', 'Schistosomiasis']",[],[]
33,Omoro,[],['Malaria'],[],[]
33,Nwoya,[],['Malaria'],[],[]
33,Otuke,[],['Malaria'],[],[]
33,Moroto,[],"['Malaria', 'Maternal Death']",[],['Measles']
33,Amolatar,[],"['Malaria', 'Maternal Death']",[],[]
33,Kapelebyong,[],['Malaria'],[],[]
33,Apac,[],['Malaria'],[],[]
33,Kiboga,[],['Malaria'],['Measles'],[]
33,Soroti,[],['Malaria'],[],[]
33,Madi-Okollo,[],['Malaria'],[],[]
33,Lamwo,[],['Malaria'],[],[]
33,Ngora,[],['Malaria'],[],[]
33,Pallisa,[],[],['Malaria'],['Measles']
33,Arua,[],[],['Malaria'],[]
33,Maracha,[],['Malaria'],[],[]
33,Kitgum,[],['Malaria'],[],[]
33,Nakaseke,[],['Malaria'],[],['Measles']
33,Kumi,[],['Malaria'],[],[]
33,Bukedea,[],"['Malaria', 'Maternal Death']",[],[]
33,Buikwe,[],['Malaria'],[],['Measles']
33,Mpigi,[],['Malaria'],[],[]
33,Masindi,[],['Malaria'],[],['Measles']
33,Kibuku,[],[],['Malaria'],[]
33,Lyantonde,[],['Malaria'],[],[]
33,Bugiri,[],['Malaria'],['Measles'],[]
33,Nakasongola,[],['Malaria'],[],['Measles']
33,Bugweri,[],[],['Malaria'],[]
33,Kibaale,[],['Malaria'],[],[]
33,Jinja City,[],['Malaria'],[],[]
33,Pakwach,[],"['Malaria', 'Schistosomiasis']",[],[]
33,Nakapiripirit,[],['Malaria'],[],[]
33,Bukwo,[],['Malaria'],[],[]
33,Ntungamo,[],"['Malaria', 'Maternal Death']",[],[]
33,Napak,[],['Malaria'],[],['Measles']
33,Busia,[],"['Malaria', 'Maternal Death']",[],['Measles']
33,Nebbi,[],['Malaria'],[],[]
33,Rakai,[],['Malaria'],['Measles'],[]
33,Obongi,[],[],[],[]
33,Mayuge,[],['Malaria'],[],['Measles']
33,Ibanda,[],['Malaria'],[],[]
33,Mbarara,[],['Malaria'],[],[]
33,Kyegegwa,[],['Malaria'],[],[]
33,Mbarara City,[],['Malaria'],[],[]
33,Bushenyi,[],"['Malaria', 'Maternal Death']",[],[]
33,Kiryandongo,[],['Malaria'],[],[]
33,Masaka City,[],[],"['Malaria', 'Measles']",[]
33,Mityana,[],['Malaria'],[],['Measles']
33,Kazo,['Anthrax'],['Malaria'],[],['Measles']
33,Kween,[],['Malaria'],[],[]
33,Bulambuli,[],['Malaria'],[],[]
33,Buliisa,[],['Malaria'],[],[]
33,Luwero,['Plague'],['Malaria'],[],['Measles']
33,Koboko,[],[],['Malaria'],[]
33,Rubanda,[],['Malaria'],[],[]
33,Hoima City,[],"['Malaria', 'Maternal Death']",[],['Measles']
33,Gulu,[],['Malaria'],[],[]
33,Rukungiri,[],['Malaria'],[],['Measles']
33,Kayunga,[],['Malaria'],[],['Measles']
33,Mubende,[],"['Malaria', 'Measles']",[],[]
33,Kamuli,[],['Malaria'],[],['Measles']
33,Kamwenge,[],['Malaria'],[],['Measles']
33,Namayingo,[],['Malaria'],[],[]
33,Kyankwanzi,[],['Malaria'],[],['Measles']
33,Kassanda,[],['Malaria'],[],['Measles']
33,Kalungu,[],['Malaria'],[],['Measles']
33,Bukomansimbi,[],"['Malaria', 'Maternal Death']",[],['Measles']
33,Bududa,[],['Malaria'],[],[]
33,Namisindwa,[],['Malaria'],[],[]
33,Kakumiro,[],['Malaria'],[],[]
33,Iganga,[],['Malaria'],[],['Measles']
33,Kasese,['Yellow Fever'],['Malaria'],[],[]
33,Buhweju,[],[],['Malaria'],[]
33,Lwengo,[],['Malaria'],['Measles'],[]
33,Kyenjojo,[],"['Malaria', 'Maternal Death']",[],['Measles']
33,Bunyangabu,[],[],['Malaria'],[]
33,Butambala,[],['Malaria'],[],[]
33,Butaleja,[],['Malaria'],[],[]
33,Isingiro,[],['Malaria'],[],[]
33,Mitooma,[],[],['Malaria'],[]
33,Hoima,[],['Malaria'],[],[]
33,Kalangala,[],['Malaria'],[],[]
33,Sironko,[],['Malaria'],[],['Measles']
33,Jinja,[],['Malaria'],[],['Measles']
33,Bundibugyo,[],['Malaria'],[],[]
33,Manafwa,[],['Malaria'],[],['Measles']
33,Rukiga,[],[],['Malaria'],[]
33,Budaka,[],['Malaria'],[],[]
33,Luuka,[],['Malaria'],[],[]
33,Kaliro,[],['Malaria'],[],[]
33,Mbale,[],['Malaria'],[],['Measles']
33,Amuru,[],"['Cholera', 'Malaria']",[],[]
33,Sheema,[],[],[],[]
33,Kikuube,[],['Malaria'],[],[]
33,Rwampara,[],['Malaria'],[],[]
33,Buvuma,[],['Malaria'],[],['Measles']
33,Kiruhura,[],['Malaria'],[],[]
33,Namutumba,[],['Malaria'],[],['Measles']
33,Kisoro,[],['Malaria'],[],[]
33,Masaka,[],[],['Malaria'],[]
33,Gomba,[],['Malaria'],[],[]
33,Fort Portal City,['Acute Flaccid Paralysis'],[],['Malaria'],[]
33,Buyende,[],['Malaria'],[],['Measles']
33,Sembabule,[],['Malaria'],[],['Measles']
33,Kabale,[],"['Malaria', 'Maternal Death']",[],[]
33,Butebo,[],['Malaria'],[],[]
33,Kaabong,[],['Malaria'],[],[]
33,Karenga,[],[],['Malaria'],[]
33,Nabilatuk,[],['Malaria'],[],[]
33,0,[],[],[],[]
33,Ntoroko,[],['Malaria'],[],['Measles']
32,Zombo,[],['Malaria'],[],['Measles']
32,Pader,[],['Malaria'],[],[]
32,Rubirizi,[],['Malaria'],[],[]
32,Moyo,[],"['Cholera', 'Malaria']",[],[]
32,Katakwi,[],['Malaria'],[],[]
32,Kotido,[],['Malaria'],[],[]
32,Soroti City,[],['Malaria'],[],[]
32,Adjumani,[],"['Cholera', 'Malaria']",[],[]
32,Gulu City,['Acute Flaccid Paralysis'],"['Malaria', 'Maternal Death']",[],[]
32,Kampala,"['Plague', 'Yellow Fever']","['Malaria', 'Maternal Death']",[],['Measles']
32,Mukono,[],['Malaria'],[],['Measles']
32,Kabarole,[],[],['Malaria'],[]
32,Arua City,[],['Malaria'],[],['Measles']
32,Lira City,[],['Malaria'],[],[]
32,Mbale City,['Plague'],"['Malaria', 'Maternal Death']",[],['Measles']
32,Alebtong,[],['Malaria'],[],[]
32,Serere,[],['Malaria'],[],[]
32,Agago,[],['Malaria'],[],[]
32,Lira,[],"['Malaria', 'Measles']",[],[]
32,Tororo,[],['Malaria'],[],[]
32,Kyotera,[],['Malaria'],[],['Measles']
32,Otuke,[],['Malaria'],[],[]
32,Kalaki,[],['Malaria'],[],[]
32,Dokolo,[],['Malaria'],[],[]
32,Oyam,[],['Malaria'],[],['Measles']
32,Amuria,[],['Malaria'],[],[]
32,Kitagwenda,[],['Malaria'],[],[]
32,Kwania,[],['Malaria'],[],[]
32,Kagadi,[],['Malaria'],[],[]
32,Amudat,[],"['Malaria', 'Maternal Death']",[],[]
32,Abim,[],['Malaria'],['Measles'],[]
32,Kaberamaido,[],['Malaria'],[],[]
32,Yumbe,['Acute Flaccid Paralysis'],"['Cholera', 'Malaria']",[],[]
32,Kole,[],['Malaria'],[],[]
32,Nebbi,[],['Malaria'],[],[]
32,Omoro,['Acute Flaccid Paralysis'],['Malaria'],[],[]
32,Rubanda,[],[],['Malaria'],[]
32,Nakaseke,[],['Malaria'],[],['Measles']
32,Kibaale,[],['Malaria'],[],[]
32,Buikwe,[],"['Malaria', 'Maternal Death']",[],['Measles']
32,Kapelebyong,[],['Malaria'],[],[]
32,Apac,[],['Malaria'],[],[]
32,Kiboga,[],['Malaria'],['Measles'],[]
32,Kumi,[],['Malaria'],[],[]
32,Soroti,[],['Malaria'],[],[]
32,Lamwo,['Acute Flaccid Paralysis'],['Malaria'],[],[]
32,Amolatar,[],['Malaria'],[],[]
32,Pallisa,[],[],['Malaria'],[]
32,Kitgum,[],['Malaria'],[],[]
32,Bukedea,[],['Malaria'],[],['Measles']
32,Madi-Okollo,[],['Malaria'],[],[]
32,Moroto,[],"['Malaria', 'Maternal Death']",[],[]
32,Maracha,[],['Malaria'],[],[]
32,Arua,[],"['Malaria', 'Maternal Death']",[],[]
32,Ngora,[],['Malaria'],[],['Measles']
32,Jinja City,[],['Malaria'],[],[]
32,Bugweri,[],['Malaria'],[],[]
32,Pakwach,[],['Malaria'],[],[]
32,Masindi,[],"['Malaria', 'Maternal Death']",[],[]
32,Kibuku,['Acute Flaccid Paralysis'],['Malaria'],[],[]
32,Lyantonde,[],['Malaria'],[],[]
32,Bugiri,[],['Malaria'],[],['Measles']
32,Nakasongola,[],['Malaria'],[],['Measles']
32,Mpigi,[],['Malaria'],[],['Measles']
32,Nwoya,[],"['Malaria', 'Maternal Death']",[],[]
32,Obongi,[],[],[],[]
32,Nakapiripirit,[],['Malaria'],[],[]
32,Bukwo,[],['Malaria'],[],[]
32,Ntungamo,[],['Malaria'],[],[]
32,Napak,['Acute Flaccid Paralysis'],['Malaria'],[],['Measles']
32,Busia,[],['Malaria'],[],['Measles']
32,Kapchorwa,[],[],['Malaria'],['Measles']
32,Terego,[],"['Malaria', 'Schistosomiasis']",[],[]
32,Mubende,[],['Malaria'],[],['Measles']
32,Bunyangabu,[],['Malaria'],[],[]
32,Kayunga,[],['Malaria'],[],['Measles']
32,Mayuge,[],['Malaria'],[],['Measles']
32,Masaka City,[],['Malaria'],['Measles'],[]
32,Gulu,[],['Malaria'],[],[]
32,Mbarara,[],['Malaria'],[],[]
32,Kyegegwa,[],['Malaria'],[],[]
32,Mbarara City,[],['Malaria'],[],[]
32,Bushenyi,[],[],['Malaria'],[]
32,Kiryandongo,[],['Malaria'],[],['Measles']
32,Mityana,[],['Malaria'],[],['Measles']
32,Hoima City,[],"['Malaria', 'Maternal Death']",[],['Measles']
32,Kazo,['Acute Flaccid Paralysis'],['Malaria'],[],[]
32,Kween,[],['Malaria'],[],[]
32,Bulambuli,[],['Malaria'],[],['Measles']
32,Buliisa,[],['Malaria'],[],[]
32,Luwero,[],['Malaria'],[],['Measles']
32,Lwengo,[],['Malaria'],['Measles'],[]
32,Kanungu,[],['Malaria'],[],[]
32,Ibanda,[],"['Malaria', 'Maternal Death']",[],[]
32,Bukomansimbi,[],['Malaria'],[],['Measles']
32,Wakiso,[],"['Guinea Worm', 'Malaria']",['Measles'],[]
32,Rukungiri,[],['Malaria'],[],[]
32,Kamuli,[],"['Guinea Worm', 'Malaria']",[],[]
32,Kamwenge,[],['Malaria'],[],['Measles']
32,Namayingo,[],[],['Malaria'],['Measles']
32,Kyankwanzi,[],['Malaria'],[],['Measles']
32,Kassanda,[],['Malaria'],[],['Measles']
32,Kalungu,[],['Malaria'],[],['Measles']
32,Rakai,[],['Malaria'],[],[]
32,Bududa,[],[],['Malaria'],[]
32,Namisindwa,[],['Malaria'],[],[]
32,Kakumiro,[],['Malaria'],[],[]
32,Iganga,[],['Malaria'],[],['Measles']
32,Kasese,[],['Malaria'],[],['Measles']
32,Buhweju,[],['Malaria'],[],[]
32,Koboko,[],['Leprosy'],['Malaria'],[]
32,Rwampara,[],['Malaria'],[],[]
32,Butaleja,[],"['Malaria', 'Maternal Death']",[],[]
32,Namutumba,[],['Malaria'],[],['Measles']
32,Buvuma,[],['Malaria'],[],[]
32,Manafwa,[],['Malaria'],[],['Measles']
32,Mitooma,[],['Malaria'],[],[]
32,Hoima,[],['Malaria'],[],[]
32,Kalangala,[],['Malaria'],[],[]
32,Sironko,[],['Malaria'],[],[]
32,Bundibugyo,[],['Malaria'],[],[]
32,Rukiga,[],[],['Malaria'],[]
32,Kikuube,[],['Malaria'],[],[]
32,Budaka,[],['Malaria'],[],[]
32,Luuka,[],['Malaria'],[],[]
32,Kaliro,[],['Malaria'],[],[]
32,Mbale,[],['Malaria'],[],['Measles']
32,Kyenjojo,[],['Malaria'],[],['Measles']
32,Amuru,[],"['Cholera', 'Malaria']",[],[]
32,Butambala,[],['Malaria'],[],['Measles']
32,Jinja,[],['Malaria'],[],[]
32,0,[],[],[],[]
32,Buyende,[],['Malaria'],[],[]
32,Nabilatuk,[],['Malaria'],[],[]
32,Sheema,[],[],[],[]
32,Kabale,[],['Malaria'],[],[]
32,Kisoro,[],[],[],[]
32,Masaka,[],[],[],[]
32,Fort Portal City,[],[],['Malaria'],[]
32,Gomba,[],['Malaria'],[],['Measles']
32,Sembabule,[],['Malaria'],[],['Measles']
32,Isingiro,[],['Malaria'],[],[]
32,Kiruhura,[],['Malaria'],[],[]
32,Butebo,[],['Malaria'],[],[]
32,Ntoroko,[],[],['Malaria'],['Measles']
32,Kaabong,[],['Malaria'],[],[]
32,Karenga,[],[],['Malaria'],[]
31,Katakwi,[],['Malaria'],[],[]
31,Nabilatuk,[],['Malaria'],[],[]
31,Wakiso,[],['Malaria'],[],['Measles']
31,Kanungu,[],['Malaria'],[],[]
31,Kyotera,[],['Malaria'],[],['Measles']
31,Rubirizi,[],['Malaria'],[],[]
31,Moyo,[],[],['Malaria'],[]
31,Yumbe,[],"['Malaria', 'Maternal Death']",[],[]
31,Kotido,[],['Malaria'],[],[]
31,Adjumani,['Cholera'],"['Malaria', 'Onchocerciasis']",[],[]
31,Zombo,['Yellow Fever'],['Malaria'],[],[]
31,Pader,[],['Malaria'],[],[]
31,Kampala,['Acute Flaccid Paralysis'],"['Malaria', 'Maternal Death']",[],['Measles']
31,Gulu City,[],['Malaria'],[],[]
31,Kabarole,[],['Malaria'],[],['Measles']
31,Arua City,[],['Malaria'],[],['Measles']
31,Napak,[],['Malaria'],[],['Measles']
31,Serere,[],['Malaria'],[],['Measles']
31,Kole,[],['Malaria'],[],[]
31,Lira City,[],['Malaria'],[],[]
31,Nebbi,[],['Malaria'],[],[]
31,Alebtong,[],['Malaria'],[],[]
31,Lira,[],['Malaria'],[],[]
31,Kalaki,[],['Malaria'],[],['Measles']
31,Dokolo,[],['Malaria'],[],[]
31,Oyam,[],['Malaria'],[],[]
31,Amuria,[],['Malaria'],[],[]
31,Kitagwenda,[],['Malaria'],[],[]
31,Kwania,['Anthrax'],['Malaria'],[],[]
31,Kagadi,[],['Malaria'],[],[]
31,Amudat,[],['Malaria'],[],[]
31,Agago,[],['Malaria'],[],[]
31,Abim,[],['Malaria'],[],[]
31,Kaberamaido,[],['Malaria'],[],['Measles']
31,Soroti City,[],['Malaria'],[],[]
31,0,[],[],[],[]
31,Buikwe,[],['Malaria'],[],[]
31,Bukedea,[],['Malaria'],[],[]
31,Jinja City,[],['Malaria'],[],[]
31,Otuke,[],['Malaria'],[],[]
31,Nakaseke,[],['Malaria'],[],['Measles']
31,Moroto,[],['Malaria'],[],[]
31,Amolatar,[],['Malaria'],[],[]
31,Apac,[],"['Malaria', 'Maternal Death']",[],[]
31,Kapelebyong,[],['Malaria'],[],[]
31,Kumi,[],['Malaria'],[],[]
31,Soroti,[],['Malaria'],[],['Measles']
31,Lamwo,[],['Malaria'],[],[]
31,Ngora,[],['Malaria'],[],[]
31,Pallisa,[],[],['Malaria'],[]
31,Arua,[],[],[],[]
31,Maracha,[],['Malaria'],[],[]
31,Kitgum,[],['Malaria'],[],[]
31,Mbale City,[],"['Malaria', 'Maternal Death']",[],['Measles']
31,Omoro,[],['Malaria'],[],[]
31,Kiboga,[],['Malaria'],[],['Measles']
31,Madi-Okollo,[],['Malaria'],[],[]
31,Nakasongola,[],['Malaria'],[],['Measles']
31,Nwoya,[],['Malaria'],[],[]
31,Obongi,[],['Malaria'],[],[]
31,Masindi,[],['Malaria'],[],[]
31,Kibuku,['Acute Flaccid Paralysis'],['Malaria'],[],[]
31,Lyantonde,[],['Malaria'],[],[]
31,Bugiri,[],[],['Malaria'],[]
31,Bugweri,[],['Malaria'],[],[]
31,Ntungamo,[],"['Malaria', 'Maternal Death']",[],[]
31,Mpigi,[],"['Malaria', 'Maternal Death']",[],[]
31,Kibaale,[],['Malaria'],[],[]
31,Pakwach,[],"['Malaria', 'Schistosomiasis']",[],[]
31,Nakapiripirit,[],['Malaria'],[],['Measles']
31,Bukwo,[],['Malaria'],[],[]
31,Tororo,[],['Malaria'],[],[]
31,Mukono,[],['Malaria'],[],['Measles']
31,Busia,[],['Malaria'],[],['Measles']
31,Mayuge,[],['Malaria'],[],[]
31,Koboko,[],['Malaria'],[],[]
31,Mubende,[],['Malaria'],[],[]
31,Bunyangabu,[],['Malaria'],[],[]
31,Gulu,[],['Malaria'],[],['Measles']
31,Mbarara,[],['Malaria'],[],[]
31,Kyegegwa,[],['Malaria'],[],['Measles']
31,Mbarara City,[],[],['Malaria'],[]
31,Bushenyi,[],[],['Malaria'],[]
31,Kiryandongo,[],['Malaria'],[],['Measles']
31,Masaka City,['Acute Flaccid Paralysis'],"['Malaria', 'Maternal Death']",[],['Measles']
31,Mityana,[],['Malaria'],[],['Measles']
31,Kazo,['Anthrax'],['Malaria'],[],[]
31,Kween,[],['Malaria'],[],[]
31,Bulambuli,[],['Malaria'],[],[]
31,Buliisa,[],"['Malaria', 'Schistosomiasis']",[],[]
31,Buhweju,[],['Malaria'],[],[]
31,Luwero,[],['Malaria'],[],['Measles']
31,Amuru,['Cholera'],['Malaria'],[],[]
31,Rubanda,[],['Schistosomiasis'],['Malaria'],['Measles']
31,Bududa,[],[],['Malaria'],[]
31,Kapchorwa,[],['Malaria'],[],[]
31,Lwengo,[],['Malaria'],[],['Measles']
31,Kayunga,[],['Malaria'],[],['Measles']
31,Kamuli,[],"['Malaria', 'Maternal Death']",[],['Measles']
31,Kamwenge,[],['Malaria'],[],[]
31,Namayingo,[],['Malaria'],[],['Measles']
31,Kyankwanzi,[],['Malaria'],[],[]
31,Kassanda,[],['Malaria'],[],['Measles']
31,Kalungu,[],['Malaria'],[],[]
31,Rakai,[],['Malaria'],[],['Measles']
31,Hoima City,[],"['Malaria', 'Maternal Death']",[],['Measles']
31,Namisindwa,[],['Malaria'],[],[]
31,Kakumiro,[],['Malaria'],[],['Measles']
31,Iganga,[],['Malaria'],[],['Measles']
31,Kasese,[],"['Malaria', 'Maternal Death']",[],['Measles']
31,Kyenjojo,[],['Malaria'],[],[]
31,Bukomansimbi,[],['Malaria'],[],['Measles']
31,Ibanda,[],['Malaria'],[],[]
31,Rwampara,[],[],[],[]
31,Rukungiri,[],['Malaria'],[],[]
31,Butaleja,[],['Malaria'],[],[]
31,Isingiro,[],['Malaria'],[],['Measles']
31,Mitooma,[],['Malaria'],[],[]
31,Hoima,[],['Malaria'],[],[]
31,Kalangala,[],['Malaria'],[],[]
31,Jinja,[],['Malaria'],['Measles'],[]
31,Mbale,[],['Malaria'],[],[]
31,Bundibugyo,[],['Malaria'],[],[]
31,Manafwa,[],['Malaria'],[],[]
31,Rukiga,[],['Malaria'],[],[]
31,Budaka,[],['Malaria'],[],[]
31,Luuka,[],['Malaria'],[],[]
31,Kaliro,[],['Malaria'],[],[]
31,Butambala,[],['Malaria'],[],[]
31,Sironko,[],['Malaria'],[],[]
31,Terego,[],"['Malaria', 'Schistosomiasis']",[],[]
31,Kikuube,[],['Malaria'],[],[]
31,Buyende,[],"['Malaria', 'Maternal Death']",[],['Measles']
31,Buvuma,[],['Malaria'],[],['Measles']
31,Sheema,[],[],[],[]
31,Kabale,[],[],['Malaria'],[]
31,Kisoro,[],['Malaria'],[],[]
31,Masaka,[],[],['Malaria'],[]
31,Gomba,[],['Malaria'],[],['Measles']
31,Fort Portal City,[],[],['Malaria'],['Measles']
31,Namutumba,[],['Malaria'],[],['Measles']
31,Sembabule,[],['Malaria'],[],[]
31,Butebo,[],['Malaria'],[],[]
31,Ntoroko,[],[],['Malaria'],[]
31,Kaabong,[],['Malaria'],[],[]
31,Karenga,[],[],['Malaria'],[]
31,Kiruhura,[],['Malaria'],[],[]
30,Lira City,[],['Malaria'],[],[]
30,Kanungu,[],['Malaria'],[],['Measles']
30,Kyotera,[],['Malaria'],[],['Measles']
30,Rubirizi,[],['Malaria'],[],[]
30,Moyo,[],"['Cholera', 'Malaria']",[],[]
30,Katakwi,[],['Malaria'],[],[]
30,Tororo,[],['Malaria'],[],[]
30,Adjumani,[],"['Cholera', 'Malaria', 'Onchocerciasis']",[],[]
30,Kampala,[],"['Malaria', 'Maternal Death']",['Measles'],[]
30,Zombo,[],['Malaria'],[],[]
30,Pader,[],['Malaria'],[],[]
30,Gulu City,[],['Malaria'],[],[]
30,Kabarole,[],['Malaria'],[],[]
30,Arua City,[],['Malaria'],[],[]
30,Kole,[],['Malaria'],[],[]
30,Kotido,[],['Malaria'],[],[]
30,Wakiso,[],['Malaria'],['Measles'],[]
30,Amudat,[],['Malaria'],[],[]
30,Mbale City,[],"['Malaria', 'Maternal Death']",[],['Measles']
30,Soroti City,[],['Malaria'],[],[]
30,Omoro,[],['Malaria'],[],[]
30,Alebtong,[],['Malaria'],[],[]
30,Lira,[],['Malaria'],[],['Measles']
30,Kalaki,[],['Malaria'],[],[]
30,Dokolo,[],['Malaria'],[],[]
30,Oyam,[],['Malaria'],[],[]
30,Amuria,[],['Malaria'],[],[]
30,Kitagwenda,[],['Malaria'],[],[]
30,Kwania,[],"['Malaria', 'Maternal Death']",[],[]
30,Kagadi,[],['Malaria'],[],[]
30,Agago,[],['Malaria'],[],[]
30,Abim,[],['Malaria'],[],[]
30,Kaberamaido,[],['Malaria'],[],['Measles']
30,Yumbe,[],['Maternal Death'],['Malaria'],[]
30,Mukono,['Yellow Fever'],['Malaria'],[],['Measles']
30,Kapchorwa,[],[],['Malaria'],[]
30,Nebbi,[],['Malaria'],[],[]
30,Obongi,[],['Maternal Death'],[],[]
30,Masindi,[],['Malaria'],[],[]
30,Moroto,[],['Malaria'],[],[]
30,Amolatar,[],['Malaria'],[],[]
30,Kapelebyong,[],['Malaria'],[],[]
30,Apac,[],['Malaria'],[],[]
30,Kiboga,[],['Malaria'],['Measles'],[]
30,Soroti,[],['Malaria'],[],['Measles']
30,Madi-Okollo,[],['Malaria'],[],[]
30,Lamwo,[],['Malaria'],[],[]
30,Ngora,[],['Malaria'],[],[]
30,Pallisa,[],['Malaria'],[],['Measles']
30,Arua,[],[],['Malaria'],[]
30,Maracha,[],['Malaria'],[],[]
30,Kitgum,[],['Malaria'],[],[]
30,Otuke,[],['Malaria'],[],[]
30,0,[],[],[],[]
30,Nakaseke,[],['Malaria'],[],['Measles']
30,Kumi,[],['Malaria'],[],[]
30,Bukedea,[],['Malaria'],[],[]
30,Kibaale,[],['Malaria'],[],[]
30,Kibuku,[],['Malaria'],[],[]
30,Lyantonde,[],"['Malaria', 'Maternal Death']",[],[]
30,Bugiri,[],"['Malaria', 'Measles']",[],[]
30,Nakasongola,['Yellow Fever'],['Malaria'],[],['Measles']
30,Bugweri,[],['Malaria'],[],[]
30,Mpigi,[],['Malaria'],[],['Measles']
30,Pakwach,[],"['Malaria', 'Schistosomiasis']",[],[]
30,Buikwe,[],['Malaria'],[],['Measles']
30,Nakapiripirit,[],['Malaria'],[],[]
30,Bukwo,[],[],['Malaria'],[]
30,Ntungamo,[],['Malaria'],[],['Measles']
30,Napak,[],['Malaria'],[],[]
30,Busia,[],['Malaria'],[],['Measles']
30,Jinja City,[],['Malaria'],[],['Measles']
30,Serere,[],['Malaria'],[],[]
30,Kalungu,[],['Malaria'],[],['Measles']
30,Terego,[],"['Malaria', 'Schistosomiasis']",[],[]
30,Mayuge,[],['Malaria'],[],[]
30,Gulu,[],['Malaria'],[],[]
30,Mbarara,[],['Malaria'],[],[]
30,Kyegegwa,['Yellow Fever'],['Malaria'],[],['Measles']
30,Mbarara City,[],[],['Malaria'],[]
30,Bushenyi,[],[],['Malaria'],[]
30,Masaka City,[],['Measles'],['Malaria'],[]
30,Hoima City,['Acute Flaccid Paralysis'],"['Malaria', 'Maternal Death']",[],[]
30,Mityana,[],"['Malaria', 'Maternal Death']",[],['Measles']
30,Kween,[],['Malaria'],[],[]
30,Bulambuli,[],['Malaria'],[],[]
30,Buliisa,['Yellow Fever'],['Malaria'],[],[]
30,Luwero,[],['Malaria'],[],['Measles']
30,Koboko,[],['Malaria'],[],[]
30,Bunyangabu,[],['Malaria'],[],[]
30,Kyenjojo,[],['Malaria'],[],['Measles']
30,Kiryandongo,[],['Malaria'],[],['Measles']
30,Kazo,[],['Malaria'],[],[]
30,Buvuma,[],['Malaria'],[],[]
30,Kayunga,[],"['Malaria', 'Maternal Death']",[],['Measles']
30,Nwoya,[],['Malaria'],[],[]
30,Kamuli,[],['Malaria'],[],['Measles']
30,Kamwenge,[],['Malaria'],[],['Measles']
30,Namayingo,[],['Malaria'],[],['Measles']
30,Kyankwanzi,[],['Malaria'],[],['Measles']
30,Kassanda,[],"['Malaria', 'Maternal Death']",[],['Measles']
30,Bukomansimbi,[],['Malaria'],[],[]
30,Rakai,[],['Malaria'],[],[]
30,Bududa,[],['Malaria'],[],[]
30,Namisindwa,[],['Malaria'],[],[]
30,Kakumiro,['Yellow Fever'],"['Leprosy', 'Malaria']",[],[]
30,Iganga,[],['Malaria'],[],['Measles']
30,Kasese,[],['Malaria'],[],['Measles']
30,Buhweju,[],['Malaria'],[],[]
30,Lwengo,[],['Malaria'],[],['Measles']
30,Ibanda,[],['Malaria'],[],['Measles']
30,Rubanda,[],['Malaria'],[],[]
30,Namutumba,[],['Malaria'],[],['Measles']
30,Rwampara,[],['Malaria'],[],[]
30,Isingiro,[],['Malaria'],[],[]
30,Mitooma,[],['Malaria'],[],[]
30,Hoima,[],['Malaria'],[],[]
30,Kalangala,[],['Malaria'],[],['Measles']
30,Sironko,[],['Malaria'],[],[]
30,Jinja,[],['Malaria'],[],['Measles']
30,Bundibugyo,[],['Malaria'],[],[]
30,Manafwa,[],['Malaria'],[],[]
30,Rukiga,[],['Malaria'],[],[]
30,Budaka,[],['Malaria'],[],[]
30,Luuka,[],['Malaria'],[],['Measles']
30,Kaliro,[],['Malaria'],[],[]
30,Mbale,[],['Malaria'],[],[]
30,Amuru,['Cholera'],['Malaria'],[],[]
30,Sheema,[],['Maternal Death'],[],['Measles']
30,Butaleja,[],"['Malaria', 'Maternal Death']",[],[]
30,Mubende,[],['Malaria'],[],['Measles']
30,Rukungiri,['Measles'],"['Malaria', 'Maternal Death']",[],[]
30,Kiruhura,[],['Malaria'],[],[]
30,Kikuube,[],['Malaria'],[],['Measles']
30,Kisoro,[],['Malaria'],[],[]
30,Masaka,[],[],['Malaria'],[]
30,Gomba,[],['Malaria'],[],[]
30,Fort Portal City,[],['Maternal Death'],['Malaria'],['Measles']
30,Buyende,[],['Malaria'],[],['Measles']
30,Sembabule,[],['Malaria'],[],['Measles']
30,Kabale,[],['Malaria'],[],[]
30,Butebo,['Acute Flaccid Paralysis'],['Malaria'],[],[]
30,Kaabong,[],['Malaria'],[],[]
30,Karenga,[],['Malaria'],[],[]
30,Nabilatuk,[],['Malaria'],[],[]
30,Butambala,[],[],['Malaria'],[]
30,Ntoroko,[],['Malaria'],[],['Measles']
29,Sembabule,[],['Malaria'],[],[]
29,0,[],[],[],[]
29,Nabilatuk,[],[],[],[]
29,Karenga,[],['Malaria'],[],[]
29,Kaabong,[],['Malaria'],[],[]
29,Ntoroko,[],[],['Malaria'],[]
29,Isingiro,[],['Malaria'],[],[]
29,Butebo,[],['Malaria'],[],[]
29,Fort Portal City,[],['Malaria'],[],[]
29,Sheema,[],[],['Malaria'],['Measles']
29,Buyende,[],['Malaria'],['Measles'],[]
29,Gomba,[],['Malaria'],[],[]
29,Masaka,[],[],['Malaria'],[]
29,Kisoro,[],[],[],[]
29,Kabale,[],['Malaria'],[],[]
29,Namutumba,[],['Malaria'],[],[]
29,Kiruhura,[],['Malaria'],[],[]
29,Bundibugyo,[],['Malaria'],[],[]
29,Butambala,[],['Malaria'],[],[]
29,Buvuma,[],['Malaria'],['Measles'],[]
29,Rukungiri,['Yellow Fever'],"['Malaria', 'Maternal Death']",[],[]
29,Kikuube,[],['Malaria'],[],[]
29,Rwampara,[],[],['Malaria'],[]
29,Kyenjojo,[],['Malaria'],[],[]
29,Mbale,[],['Malaria'],[],['Measles']
29,Kaliro,[],['Malaria'],[],[]
29,Luuka,[],['Malaria'],[],[]
29,Budaka,[],['Malaria'],[],[]
29,Rukiga,[],['Malaria'],[],[]
29,Manafwa,[],['Malaria'],[],[]
29,Jinja,[],['Malaria'],[],[]
29,Sironko,[],['Malaria'],[],[]
29,Kalangala,[],['Malaria'],[],[]
29,Hoima,[],['Malaria'],[],[]
29,Mitooma,[],['Malaria'],[],[]
29,Butaleja,[],"['Malaria', 'Maternal Death']",[],[]
29,Wakiso,['Measles'],['Malaria'],[],[]
29,Kazo,[],['Malaria'],[],['Measles']
29,Hoima City,[],"['Malaria', 'Maternal Death']",[],[]
29,Bukomansimbi,[],['Malaria'],[],['Measles']
29,Buhweju,[],['Malaria'],[],[]
29,Kasese,[],['Malaria'],[],['Measles']
29,Iganga,[],"['Malaria', 'Measles']",[],[]
29,Kakumiro,[],['Malaria'],[],[]
29,Bududa,[],[],['Malaria'],[]
29,Kamuli,[],['Malaria'],[],['Measles']
29,Rakai,[],['Malaria'],[],[]
29,Kalungu,[],['Malaria'],[],['Measles']
29,Kassanda,[],"['Malaria', 'Maternal Death']",[],[]
29,Kyankwanzi,[],['Malaria'],[],[]
29,Namayingo,[],[],['Malaria'],['Measles']
29,Kamwenge,[],['Malaria'],[],['Measles']
29,Rubirizi,[],['Malaria'],[],[]
29,Mubende,[],['Malaria'],[],['Measles']
29,Rubanda,[],['Malaria'],[],[]
29,Namisindwa,[],['Malaria'],[],[]
29,Ibanda,[],['Malaria'],[],['Measles']
29,Lwengo,[],['Malaria'],[],['Measles']
29,Koboko,[],['Malaria'],[],[]
29,Luwero,[],['Malaria'],['Measles'],[]
29,Buliisa,[],['Malaria'],[],[]
29,Bulambuli,[],['Malaria'],[],[]
29,Kween,[],['Malaria'],[],[]
29,Mityana,[],['Malaria'],[],['Measles']
29,Masaka City,[],[],['Malaria'],[]
29,Kayunga,[],['Malaria'],[],['Measles']
29,Kiryandongo,[],['Malaria'],[],['Measles']
29,Bushenyi,[],[],['Malaria'],[]
29,Mbarara City,[],['Malaria'],[],[]
29,Kyegegwa,[],['Malaria'],[],[]
29,Mbarara,[],['Malaria'],[],[]
29,Mayuge,[],['Malaria'],[],['Measles']
29,Gulu,[],['Malaria'],[],[]
29,Kyotera,[],['Malaria'],[],['Measles']
29,Bunyangabu,[],['Malaria'],[],[]
29,Jinja City,[],['Malaria'],[],['Measles']
29,Obongi,[],[],[],[]
29,Pakwach,[],['Malaria'],[],[]
29,Kapchorwa,[],['Malaria'],[],['Measles']
29,Busia,[],['Malaria'],[],['Measles']
29,Napak,[],['Malaria'],[],['Measles']
29,Ntungamo,[],['Malaria'],[],[]
29,Bukwo,[],[],['Malaria'],[]
29,Nakapiripirit,[],['Malaria'],[],[]
29,Kibaale,[],['Malaria'],[],[]
29,Masindi,[],['Malaria'],[],[]
29,Mpigi,[],['Malaria'],[],[]
29,Bugweri,[],['Malaria'],[],[]
29,Nakasongola,[],['Malaria'],[],[]
29,Bugiri,[],"['Malaria', 'Measles']",[],[]
29,Lyantonde,[],['Malaria'],[],[]
29,Nwoya,[],['Malaria'],[],[]
29,Amolatar,[],['Malaria'],[],[]
29,Moroto,[],['Malaria'],[],[]
29,Kapelebyong,[],['Malaria'],[],[]
29,Kanungu,[],['Malaria'],[],[]
29,Amuru,[],['Malaria'],[],[]
29,Buikwe,[],['Malaria'],[],['Measles']
29,Bukedea,[],['Malaria'],[],[]
29,Madi-Okollo,[],['Malaria'],[],[]
29,Kitgum,[],['Malaria'],[],[]
29,Maracha,[],[],['Malaria'],[]
29,Arua,['Plague'],[],['Malaria'],[]
29,Pallisa,[],['Malaria'],[],[]
29,Ngora,[],[],['Malaria'],[]
29,Lamwo,[],['Malaria'],[],[]
29,Soroti,[],['Malaria'],[],['Measles']
29,Kumi,[],"['Malaria', 'Maternal Death']",[],[]
29,Kiboga,[],['Malaria'],[],[]
29,Apac,[],['Malaria'],[],[]
29,Kibuku,[],['Malaria'],[],[]
29,Terego,[],"['Malaria', 'Schistosomiasis']",[],[]
29,Nakaseke,[],['Malaria'],[],['Measles']
29,Lira,[],"['Malaria', 'Measles']",[],[]
29,Agago,[],['Malaria'],[],[]
29,Tororo,[],['Malaria'],[],['Measles']
29,Nebbi,[],['Malaria'],[],[]
29,Kole,[],['Malaria'],[],[]
29,Yumbe,['Acute Flaccid Paralysis'],"['Malaria', 'Schistosomiasis']",[],[]
29,Kaberamaido,[],['Malaria'],[],[]
29,Amudat,[],['Malaria'],[],[]
29,Kalaki,[],['Malaria'],[],[]
29,Kagadi,[],['Malaria'],[],[]
29,Kwania,[],['Malaria'],[],[]
29,Kitagwenda,[],[],['Malaria'],[]
29,Amuria,[],['Malaria'],[],[]
29,Oyam,[],['Malaria'],[],[]
29,Dokolo,[],['Malaria'],[],['Measles']
29,Otuke,[],['Malaria'],[],[]
29,Omoro,[],['Malaria'],[],[]
29,Abim,[],['Malaria'],[],[]
29,Serere,[],['Malaria'],[],['Measles']
29,Kampala,"['Acute Flaccid Paralysis', 'Plague']",['Malaria'],[],['Measles']
29,Moyo,[],"['Cholera', 'Maternal Death']",['Malaria'],[]
29,Mukono,['Measles'],['Malaria'],[],[]
29,Soroti City,[],['Malaria'],[],[]
29,Mbale City,[],"['Malaria', 'Maternal Death']",[],['Measles']
29,Lira City,[],['Malaria'],[],[]
29,Kabarole,[],['Malaria'],[],[]
29,Arua City,['Acute Flaccid Paralysis'],['Malaria'],[],['Measles']
29,Alebtong,[],['Malaria'],[],[]
29,Gulu City,[],"['Malaria', 'Maternal Death']",[],[]
29,Pader,[],['Malaria'],[],[]
29,Zombo,[],['Malaria'],[],[]
29,Adjumani,[],"['Cholera', 'Malaria']",[],['Measles']
29,Kotido,[],['Malaria'],[],[]
29,Katakwi,[],['Malaria'],[],[]
28,Kampala,[],"['Malaria', 'Maternal Death']",[],['Measles']
28,Mubende,[],['Malaria'],['Measles'],[]
28,Katakwi,[],['Malaria'],[],[]
28,Kotido,[],['Malaria'],[],[]
28,Adjumani,['Cholera'],"['Malaria', 'Onchocerciasis']",[],[]
28,Zombo,[],['Malaria'],[],[]
28,Pader,[],['Malaria'],[],[]
28,Serere,[],['Malaria'],[],[]
28,Gulu City,[],['Malaria'],[],[]
28,Kabarole,[],['Malaria'],[],[]
28,Arua City,['Acute Flaccid Paralysis'],['Malaria'],[],['Measles']
28,Lira City,[],"['Malaria', 'Maternal Death']",[],[]
28,Mbale City,[],['Maternal Death'],['Malaria'],[]
28,Soroti City,[],['Malaria'],[],[]
28,Mukono,[],['Malaria'],[],['Measles']
28,Moroto,[],['Malaria'],[],[]
28,Alebtong,[],['Malaria'],[],[]
28,Oyam,[],['Malaria'],[],[]
28,Lira,[],['Malaria'],[],['Measles']
28,Dokolo,[],['Malaria'],[],[]
28,Moyo,[],['Malaria'],[],[]
28,Amuria,[],['Malaria'],[],[]
28,Kitagwenda,[],['Malaria'],[],[]
28,Kwania,[],['Malaria'],[],[]
28,Kagadi,[],['Malaria'],[],[]
28,Amudat,[],['Malaria'],[],[]
28,Agago,[],"['Malaria', 'Maternal Death']",[],[]
28,Abim,[],['Malaria'],[],[]
28,Kaberamaido,[],['Malaria'],[],[]
28,Yumbe,['Acute Flaccid Paralysis'],"['Cholera', 'Malaria']",[],[]
28,Kole,[],['Malaria'],[],[]
28,Nebbi,['Acute Flaccid Paralysis'],['Malaria'],[],[]
28,Tororo,[],['Malaria'],[],[]
28,Omoro,[],['Malaria'],[],[]
28,Otuke,[],['Malaria'],[],[]
28,Nakaseke,[],"['Malaria', 'Maternal Death']",[],['Measles']
28,Kapelebyong,[],['Malaria'],[],[]
28,Amolatar,[],['Malaria'],[],[]
28,Masindi,[],['Malaria'],[],[]
28,Nwoya,[],['Malaria'],[],[]
28,Kiboga,[],['Malaria'],[],[]
28,Kumi,[],['Malaria'],[],[]
28,Soroti,[],['Malaria'],[],['Measles']
28,Lamwo,[],['Malaria'],[],[]
28,Ngora,[],['Malaria'],[],[]
28,Apac,[],['Malaria'],[],[]
28,Arua,[],[],['Malaria'],[]
28,Kitgum,[],['Malaria'],[],[]
28,Madi-Okollo,[],['Malaria'],[],[]
28,Bukedea,[],['Malaria'],[],[]
28,Buikwe,[],['Malaria'],[],[]
28,Maracha,[],[],['Malaria'],[]
28,Jinja City,[],['Malaria'],[],[]
28,Wakiso,[],['Malaria'],['Measles'],[]
28,Pallisa,[],[],['Malaria'],[]
28,Obongi,['Acute Flaccid Paralysis'],[],[],[]
28,Amuru,['Cholera'],['Malaria'],[],[]
28,Pakwach,[],"['Malaria', 'Schistosomiasis']",[],[]
28,Lyantonde,[],['Malaria'],[],[]
28,Bugiri,[],[],['Malaria'],[]
28,Nakasongola,[],['Malaria'],[],['Measles']
28,Bugweri,[],['Malaria'],[],[]
28,Mpigi,[],['Malaria'],[],['Measles']
28,Kibaale,[],['Malaria'],[],[]
28,Nakapiripirit,[],['Malaria'],[],['Measles']
28,Kibuku,[],['Malaria'],[],[]
28,Bukwo,[],['Malaria'],[],[]
28,Ntungamo,[],['Malaria'],[],[]
28,Napak,[],['Malaria'],[],[]
28,Busia,[],['Malaria'],[],['Measles']
28,Kapchorwa,[],['Malaria'],[],[]
28,Terego,[],"['Malaria', 'Schistosomiasis']",[],[]
28,Kalaki,[],['Malaria'],[],[]
28,Kyotera,[],['Malaria'],[],['Measles']
28,Kamuli,[],['Malaria'],[],['Measles']
28,Kayunga,[],"['Malaria', 'Maternal Death']",['Measles'],[]
28,Mbarara,[],['Malaria'],[],[]
28,Kyegegwa,[],['Malaria'],[],[]
28,Mbarara City,[],['Malaria'],[],[]
28,Bushenyi,[],['Malaria'],[],[]
28,Kiryandongo,[],['Malaria'],[],['Measles']
28,Masaka City,[],['Maternal Death'],['Malaria'],['Measles']
28,Mityana,[],['Malaria'],[],['Measles']
28,Kazo,[],['Malaria'],[],[]
28,Kween,[],['Malaria'],[],[]
28,Bulambuli,[],['Malaria'],[],[]
28,Buliisa,[],['Malaria'],[],['Measles']
28,Luwero,[],['Malaria'],[],['Measles']
28,Koboko,[],"['Malaria', 'Maternal Death']",[],[]
28,Hoima City,[],"['Malaria', 'Maternal Death']",[],[]
28,Mayuge,[],['Malaria'],[],['Measles']
28,Bunyangabu,[],[],[],[]
28,Kamwenge,[],['Malaria'],[],[]
28,Isingiro,[],['Malaria'],[],[]
28,Rukungiri,[],['Malaria'],[],[]
28,Gulu,[],['Malaria'],[],[]
28,Namayingo,[],[],['Malaria'],[]
28,Kyankwanzi,[],['Malaria'],[],['Measles']
28,Kassanda,[],['Malaria'],[],[]
28,Kalungu,[],['Malaria'],[],[]
28,Rakai,[],['Malaria'],[],[]
28,Bududa,[],[],['Malaria'],[]
28,Namisindwa,[],['Malaria'],[],[]
28,Kakumiro,[],['Malaria'],[],['Measles']
28,Iganga,[],['Malaria'],[],['Measles']
28,Kasese,['Plague'],['Malaria'],[],[]
28,Buhweju,[],['Malaria'],[],[]
28,Bukomansimbi,[],['Malaria'],[],['Measles']
28,Rubanda,[],[],['Malaria'],[]
28,Ibanda,[],['Malaria'],[],[]
28,Butaleja,[],[],['Malaria'],[]
28,Lwengo,[],['Malaria'],[],['Measles']
28,Mitooma,[],['Malaria'],[],[]
28,Sheema,[],[],[],[]
28,Budaka,[],['Malaria'],[],[]
28,Kalangala,[],['Malaria'],[],[]
28,Sironko,[],['Malaria'],[],[]
28,Jinja,[],['Malaria'],[],[]
28,Bundibugyo,[],['Malaria'],[],[]
28,Manafwa,[],['Malaria'],[],[]
28,Rukiga,[],[],[],[]
28,Luuka,[],['Malaria'],[],['Measles']
28,Butambala,[],[],['Malaria'],['Measles']
28,Kaliro,[],['Malaria'],[],[]
28,Mbale,[],['Malaria'],[],[]
28,Kyenjojo,[],['Malaria'],[],['Measles']
28,Rwampara,[],[],['Malaria'],[]
28,Kikuube,[],['Malaria'],[],[]
28,Hoima,[],['Malaria'],[],[]
28,Namutumba,['Acute Flaccid Paralysis'],['Malaria'],[],[]
28,Buvuma,[],['Malaria'],[],[]
28,Kabale,[],"['Malaria', 'Maternal Death']",[],['Measles']
28,Butebo,[],['Malaria'],[],[]
28,Rubirizi,[],['Malaria'],[],[]
28,Masaka,[],['Malaria'],[],[]
28,Gomba,[],['Malaria'],[],['Measles']
28,Fort Portal City,[],['Malaria'],[],[]
28,Buyende,[],['Malaria'],[],['Measles']
28,Sembabule,[],['Malaria'],[],['Measles']
28,Kiruhura,[],['Malaria'],[],[]
28,Kisoro,[],['Malaria'],[],[]
28,Ntoroko,[],[],[],[]
28,Karenga,[],['Malaria'],[],[]
28,Nabilatuk,[],['Malaria'],[],[]
28,0,[],[],[],[]
28,Kanungu,[],['Malaria'],[],['Measles']
28,Kaabong,[],['Malaria'],[],[]
27,Butambala,[],['Malaria'],[],['Measles']
27,Kaabong,[],['Malaria'],[],['Measles']
27,Ntoroko,[],['Malaria'],[],[]
27,Butebo,[],['Malaria'],[],[]
27,Kiruhura,[],['Malaria'],[],[]
27,Sembabule,[],['Malaria'],[],[]
27,Rubanda,[],['Malaria'],[],[]
27,Fort Portal City,[],['Maternal Death'],['Malaria'],[]
27,Kisoro,[],[],['Malaria'],[]
27,Gomba,[],['Malaria'],[],['Measles']
27,Masaka,[],['Malaria'],[],['Measles']
27,Kabale,[],[],['Malaria'],[]
27,Sheema,[],[],[],[]
27,Namutumba,[],['Malaria'],[],['Measles']
27,Rukungiri,[],['Malaria'],[],[]
27,Buyende,[],['Malaria'],[],['Measles']
27,Karenga,[],['Malaria'],[],[]
27,Kalangala,[],['Malaria'],[],[]
27,Buvuma,[],['Malaria'],[],['Measles']
27,Kikuube,[],['Malaria'],[],['Measles']
27,Buhweju,[],[],['Malaria'],[]
27,Mbale,[],['Malaria'],[],[]
27,Kaliro,[],['Malaria'],[],[]
27,Luuka,[],['Malaria'],[],[]
27,Budaka,[],['Malaria'],[],[]
27,Rukiga,[],[],['Malaria'],[]
27,Manafwa,[],['Malaria'],[],[]
27,Bundibugyo,[],['Malaria'],[],[]
27,Jinja,[],['Malaria'],[],[]
27,Sironko,[],['Malaria'],[],[]
27,Hoima,[],['Malaria'],[],[]
27,Mitooma,[],['Malaria'],[],[]
27,Isingiro,[],['Malaria'],[],['Measles']
27,Butaleja,['Plague'],['Malaria'],[],[]
27,Rwampara,[],[],['Malaria'],[]
27,Terego,[],"['Malaria', 'Maternal Death', 'Schistosomiasis']",[],[]
27,Ibanda,[],['Malaria'],[],[]
27,Buliisa,[],['Malaria'],[],['Measles']
27,Bulambuli,[],['Malaria'],[],[]
27,Iganga,[],['Malaria'],[],['Measles']
27,Kakumiro,[],['Malaria'],[],['Measles']
27,Namisindwa,[],['Malaria'],[],[]
27,Bududa,[],[],['Malaria'],[]
27,Rakai,[],['Malaria'],[],[]
27,Kassanda,[],['Malaria'],[],['Measles']
27,Mayuge,['Yellow Fever'],['Malaria'],[],['Measles']
27,Kyankwanzi,[],['Malaria'],[],['Measles']
27,Namayingo,[],[],['Malaria'],[]
27,Kamwenge,[],['Malaria'],[],[]
27,Kamuli,[],['Malaria'],[],['Measles']
27,Kayunga,[],['Malaria'],['Measles'],[]
27,Lwengo,[],['Malaria'],[],['Measles']
27,Bukomansimbi,[],['Malaria'],[],['Measles']
27,Nabilatuk,[],['Malaria'],[],[]
27,Kasese,[],['Malaria'],[],['Measles']
27,Kalungu,[],['Malaria'],[],[]
27,Hoima City,[],"['Malaria', 'Maternal Death']",[],[]
27,Mbarara City,['Maternal Death'],['Malaria'],[],[]
27,Kween,[],['Malaria'],[],[]
27,Kazo,['Anthrax'],['Malaria'],[],['Measles']
27,Mityana,['Yellow Fever'],['Malaria'],[],[]
27,Masaka City,[],['Maternal Death'],"['Malaria', 'Measles']",[]
27,Kiryandongo,['Acute Flaccid Paralysis'],"['Cholera', 'Malaria']",[],[]
27,Bushenyi,[],['Malaria'],[],[]
27,Kyegegwa,[],['Malaria'],[],[]
27,Koboko,[],[],['Malaria'],[]
27,Mbarara,[],['Malaria'],[],[]
27,Gulu,[],['Malaria'],[],[]
27,Bunyangabu,[],[],[],[]
27,Mubende,['Acute Flaccid Paralysis'],['Malaria'],[],['Measles']
27,Amuru,['Cholera'],['Malaria'],[],[]
27,Luwero,[],"['Malaria', 'Maternal Death']",[],['Measles']
27,Kyenjojo,[],['Malaria'],[],['Measles']
27,Kumi,[],['Malaria'],[],[]
27,Kapchorwa,[],[],['Malaria'],['Measles']
27,Madi-Okollo,[],['Malaria'],[],[]
27,Tororo,[],['Malaria'],[],[]
27,Nakapiripirit,[],['Malaria'],[],[]
27,Pakwach,[],"['Malaria', 'Schistosomiasis']",[],[]
27,Kibaale,[],['Malaria'],[],[]
27,Mpigi,[],['Malaria'],[],['Measles']
27,Bugweri,[],['Malaria'],[],[]
27,Nakasongola,[],['Malaria'],[],[]
27,Bugiri,[],['Malaria'],[],['Measles']
27,Lyantonde,[],['Malaria'],[],[]
27,Masindi,[],['Malaria'],[],['Measles']
27,Obongi,[],[],[],[]
27,Nwoya,[],['Malaria'],[],[]
27,Jinja City,[],['Malaria'],[],['Measles']
27,Buikwe,[],['Malaria'],[],[]
27,Bukwo,[],[],['Malaria'],[]
27,Bukedea,[],['Malaria'],[],[]
27,Kibuku,[],['Malaria'],[],['Measles']
27,Nebbi,[],['Malaria'],[],[]
27,Otuke,[],['Malaria'],[],[]
27,0,[],[],[],[]
27,Maracha,[],[],['Malaria'],[]
27,Arua,[],['Malaria'],[],[]
27,Pallisa,[],['Malaria'],[],[]
27,Ngora,[],['Malaria'],[],[]
27,Lamwo,[],['Malaria'],[],[]
27,Soroti,[],['Malaria'],[],[]
27,Kapelebyong,[],['Malaria'],[],[]
27,Kiboga,[],['Malaria'],[],['Measles']
27,Apac,[],['Malaria'],[],[]
27,Amolatar,[],['Malaria'],[],[]
27,Moroto,[],['Malaria'],[],[]
27,Nakaseke,[],['Malaria'],[],['Measles']
27,Kitgum,[],"['Malaria', 'Maternal Death']",[],[]
27,Omoro,[],['Malaria'],[],[]
27,Serere,[],['Malaria'],[],['Measles']
27,Ntungamo,[],['Malaria'],[],[]
27,Kole,[],['Malaria'],[],[]
27,Soroti City,[],['Malaria'],[],[]
27,Yumbe,[],"['Malaria', 'Maternal Death', 'Schistosomiasis']",[],['Measles']
27,Kaberamaido,[],"['Malaria', 'Maternal Death']",[],[]
27,Abim,[],['Malaria'],[],[]
27,Agago,[],['Malaria'],[],[]
27,Amudat,[],['Malaria'],[],[]
27,Kagadi,[],['Malaria'],[],[]
27,Kitagwenda,[],['Malaria'],[],[]
27,Mukono,[],"['Malaria', 'Maternal Death']",[],['Measles']
27,Amuria,[],['Malaria'],[],[]
27,Oyam,[],['Malaria'],[],[]
27,Dokolo,[],['Malaria'],[],[]
27,Kalaki,[],['Malaria'],[],[]
27,Lira,[],"['Malaria', 'Measles']",[],[]
27,Alebtong,[],['Malaria'],[],[]
27,Arua City,[],['Malaria'],[],[]
27,Kwania,[],['Malaria'],[],[]
27,Napak,[],['Malaria'],[],[]
27,Mbale City,[],"['Malaria', 'Maternal Death']",[],['Measles']
27,Katakwi,[],['Malaria'],[],[]
27,Lira City,[],"['Malaria', 'Maternal Death']",[],['Measles']
27,Gulu City,[],"['Cholera', 'Malaria']",[],[]
27,Kampala,['Plague'],"['Malaria', 'Maternal Death', 'Measles']",[],[]
27,Pader,[],['Malaria'],[],[]
27,Zombo,[],['Malaria'],[],[]
27,Adjumani,['Cholera'],"['Malaria', 'Schistosomiasis']",[],[]
27,Kotido,[],['Malaria'],[],[]
27,Kabarole,[],['Malaria'],[],[]
27,Moyo,[],['Cholera'],['Malaria'],[]
27,Kyotera,[],['Malaria'],[],['Measles']
27,Kanungu,[],['Malaria'],[],[]
27,Wakiso,[],"['Malaria', 'Maternal Death']",[],['Measles']
27,Busia,['Acute Flaccid Paralysis'],['Malaria'],[],['Measles']
27,Rubirizi,[],['Malaria'],[],[]
26,Butebo,[],['Malaria'],[],[]
26,Ibanda,[],['Malaria'],[],[]
26,Butambala,[],['Malaria'],[],['Measles']
26,Nabilatuk,[],['Malaria'],[],[]
26,Mubende,[],"['Malaria', 'Measles']",[],[]
26,Kaabong,[],['Malaria'],[],[]
26,Kabale,[],['Malaria'],[],[]
26,Ntoroko,[],['Malaria'],[],['Measles']
26,Buyende,[],['Malaria'],[],['Measles']
26,Kiruhura,[],['Malaria'],[],[]
26,Sembabule,[],['Malaria'],[],[]
26,Fort Portal City,[],['Malaria'],[],[]
26,Gomba,[],['Malaria'],[],[]
26,Masaka,[],['Malaria'],[],['Measles']
26,Kisoro,[],['Malaria'],[],[]
26,Rwampara,[],[],['Malaria'],[]
26,Buvuma,[],['Malaria'],[],['Measles']
26,Bundibugyo,[],['Malaria'],[],[]
26,Butaleja,[],['Malaria'],[],['Measles']
26,Isingiro,[],['Malaria'],[],[]
26,Namutumba,[],['Malaria'],[],['Measles']
26,0,[],[],[],[]
26,Kikuube,[],['Malaria'],[],[]
26,Kyenjojo,['Yellow Fever'],['Malaria'],[],[]
26,Mbale,[],['Malaria'],[],['Measles']
26,Kaliro,[],['Malaria'],[],[]
26,Luuka,[],['Malaria'],[],[]
26,Budaka,[],['Malaria'],[],[]
26,Rukiga,[],[],[],[]
26,Manafwa,[],['Malaria'],[],[]
26,Jinja,[],['Malaria'],[],[]
26,Sironko,[],['Malaria'],[],['Measles']
26,Kalangala,['Yellow Fever'],['Malaria'],[],[]
26,Hoima,[],['Malaria'],[],[]
26,Mitooma,[],['Malaria'],[],[]
26,Sheema,[],[],['Malaria'],[]
26,Kassanda,[],['Malaria'],[],['Measles']
26,Rukungiri,[],[],['Malaria'],[]
26,Karenga,[],['Malaria'],[],[]
26,Gulu,[],['Malaria'],[],[]
26,Lwengo,[],['Malaria'],[],['Measles']
26,Rakai,[],['Malaria'],[],['Measles']
26,Kayunga,[],"['Malaria', 'Maternal Death']",['Measles'],[]
26,Kasese,['Yellow Fever'],['Malaria'],[],['Measles']
26,Iganga,['Plague'],['Malaria'],[],['Measles']
26,Kakumiro,[],['Malaria'],[],['Measles']
26,Namisindwa,[],['Malaria'],[],[]
26,Bududa,[],['Malaria'],[],[]
26,Buhweju,[],['Malaria'],[],[]
26,Kalungu,[],['Malaria'],[],['Measles']
26,Kyankwanzi,[],['Malaria'],[],['Measles']
26,Namayingo,[],[],['Malaria'],[]
26,Kamwenge,[],['Malaria'],[],['Measles']
26,Kamuli,[],['Malaria'],[],[]
26,Hoima City,[],['Malaria'],[],[]
26,Bukomansimbi,[],['Malaria'],[],[]
26,Bunyangabu,[],['Malaria'],[],[]
26,Kween,[],['Malaria'],[],[]
26,Rubanda,[],['Malaria'],[],[]
26,Mayuge,[],['Malaria'],[],['Measles']
26,Koboko,[],['Malaria'],[],[]
26,Luwero,"['Acute Flaccid Paralysis', 'Yellow Fever']",['Malaria'],[],['Measles']
26,Buliisa,[],['Malaria'],[],['Measles']
26,Bulambuli,[],['Malaria'],[],[]
26,Kazo,['Anthrax'],['Malaria'],[],[]
26,Mbarara,[],['Malaria'],[],[]
26,Mityana,[],"['Malaria', 'Maternal Death']",[],[]
26,Masaka City,[],"['Malaria', 'Maternal Death']",[],['Measles']
26,Kiryandongo,[],"['Cholera', 'Malaria']",[],['Measles']
26,Bushenyi,[],[],[],[]
26,Mbarara City,[],['Malaria'],[],[]
26,Kyegegwa,[],['Malaria'],[],['Measles']
26,Moroto,[],['Malaria'],[],[]
26,Terego,[],['Schistosomiasis'],['Malaria'],[]
26,Lira,[],"['Malaria', 'Measles']",[],[]
26,Buikwe,[],"['Malaria', 'Maternal Death']",[],[]
26,Amuru,[],"['Cholera', 'Malaria']",[],[]
26,Obongi,[],[],[],[]
26,Kapchorwa,[],[],['Malaria'],[]
26,Busia,[],['Malaria'],[],[]
26,Napak,['Acute Flaccid Paralysis'],['Malaria'],[],['Measles']
26,Ntungamo,['Yellow Fever'],['Malaria'],[],[]
26,Bukwo,[],['Malaria'],[],[]
26,Nakapiripirit,[],['Malaria'],[],[]
26,Pakwach,[],"['Malaria', 'Schistosomiasis']",[],[]
26,Kibaale,[],['Malaria'],[],['Measles']
26,Mpigi,[],['Malaria'],[],[]
26,Bugweri,[],['Malaria'],[],[]
26,Nakasongola,[],['Malaria'],[],[]
26,Bugiri,[],"['Malaria', 'Measles']",[],[]
26,Lyantonde,[],['Malaria'],[],[]
26,Nwoya,[],['Malaria'],[],[]
26,Nakaseke,[],['Malaria'],[],['Measles']
26,Masindi,[],['Malaria'],[],['Measles']
26,Amolatar,[],['Malaria'],[],[]
26,Kyotera,[],['Malaria'],[],['Measles']
26,Jinja City,[],['Malaria'],[],['Measles']
26,Bukedea,[],['Malaria'],[],[]
26,Madi-Okollo,[],['Malaria'],[],['Measles']
26,Kitgum,[],['Malaria'],[],[]
26,Maracha,[],[],['Malaria'],[]
26,Arua,[],[],['Malaria'],[]
26,Pallisa,[],['Malaria'],[],[]
26,Ngora,[],['Malaria'],[],[]
26,Lamwo,[],['Malaria'],[],[]
26,Soroti,[],['Malaria'],[],[]
26,Kumi,[],['Malaria'],[],[]
26,Kiboga,[],['Malaria'],[],['Measles']
26,Apac,[],['Malaria'],[],[]
26,Kapelebyong,[],['Malaria'],[],[]
26,Kibuku,[],['Malaria'],[],['Measles']
26,Kalaki,[],['Malaria'],[],[]
26,Otuke,[],['Malaria'],[],['Measles']
26,Wakiso,[],"['Malaria', 'Trachoma']",['Measles'],[]
26,Mukono,[],['Malaria'],[],['Measles']
26,Serere,[],['Malaria'],[],[]
26,Kagadi,[],['Malaria'],[],[]
26,Kole,[],['Malaria'],[],[]
26,Yumbe,['Acute Flaccid Paralysis'],['Malaria'],[],[]
26,Kaberamaido,[],['Malaria'],[],[]
26,Agago,[],['Malaria'],[],[]
26,Amudat,[],['Malaria'],[],[]
26,Kwania,[],['Malaria'],[],[]
26,Alebtong,[],['Malaria'],[],[]
26,Kitagwenda,[],['Malaria'],[],[]
26,Amuria,[],['Malaria'],[],[]
26,Oyam,[],['Malaria'],[],[]
26,Dokolo,[],['Malaria'],[],[]
26,Omoro,[],['Malaria'],[],[]
26,Soroti City,[],['Malaria'],[],[]
26,Abim,[],['Malaria'],[],['Measles']
26,Kanungu,[],['Malaria'],[],[]
26,Kampala,['Plague'],"['Malaria', 'Maternal Death', 'Measles']",[],[]
26,Rubirizi,[],['Malaria'],[],[]
26,Nebbi,[],['Malaria'],[],[]
26,Mbale City,['Plague'],[],['Malaria'],[]
26,Lira City,[],['Malaria'],[],[]
26,Arua City,[],['Malaria'],[],[]
26,Gulu City,[],['Malaria'],[],[]
26,Kabarole,[],[],['Malaria'],[]
26,Pader,[],['Malaria'],[],[]
26,Tororo,[],"['Malaria', 'Maternal Death']",[],[]
26,Zombo,[],['Malaria'],[],[]
26,Adjumani,['Cholera'],"['Malaria', 'Onchocerciasis']",[],[]
26,Kotido,[],[],['Malaria'],[]
26,Katakwi,[],['Malaria'],[],[]
26,Moyo,[],['Cholera'],['Malaria'],[]
25,Kiruhura,[],['Malaria'],[],[]
25,0,[],[],[],[]
25,Nabilatuk,[],['Malaria'],[],['Measles']
25,Karenga,[],['Malaria'],[],[]
25,Kaabong,[],['Malaria'],[],[]
25,Ntoroko,[],[],['Malaria'],['Measles']
25,Butebo,[],['Malaria'],[],[]
25,Butaleja,[],['Malaria'],[],[]
25,Sembabule,[],['Malaria'],[],[]
25,Buyende,[],['Malaria'],[],['Measles']
25,Fort Portal City,[],['Malaria'],[],['Measles']
25,Gomba,[],['Malaria'],[],['Measles']
25,Masaka,[],['Malaria'],[],[]
25,Kisoro,[],['Malaria'],[],[]
25,Kabale,[],['Malaria'],[],[]
25,Sheema,[],[],[],[]
25,Kanungu,[],"['Malaria', 'Maternal Death']",[],[]
25,Kyenjojo,[],['Malaria'],[],['Measles']
25,Rukungiri,[],['Malaria'],[],[]
25,Namutumba,[],['Malaria'],[],['Measles']
25,Ibanda,[],['Malaria'],[],[]
25,Mbale,[],['Malaria'],[],[]
25,Kaliro,[],['Malaria'],[],['Measles']
25,Luuka,[],['Malaria'],[],[]
25,Budaka,[],['Malaria'],[],[]
25,Rukiga,[],['Malaria'],[],[]
25,Manafwa,[],['Malaria'],[],[]
25,Bundibugyo,[],['Malaria'],[],[]
25,Jinja,[],['Malaria'],[],['Measles']
25,Sironko,[],['Malaria'],[],[]
25,Kalangala,[],['Malaria'],[],[]
25,Hoima,[],['Malaria'],[],[]
25,Mitooma,[],['Malaria'],[],[]
25,Isingiro,[],['Malaria'],[],['Measles']
25,Buvuma,[],['Malaria'],[],['Measles']
25,Kikuube,[],['Malaria'],[],[]
25,Hoima City,[],"['Malaria', 'Maternal Death']",[],[]
25,Mayuge,[],['Malaria'],[],['Measles']
25,Koboko,[],[],['Malaria'],['Measles']
25,Bukomansimbi,[],['Malaria'],[],['Measles']
25,Buhweju,[],['Malaria'],[],[]
25,Kasese,[],['Malaria'],[],['Measles']
25,Iganga,[],"['Malaria', 'Maternal Death']",[],['Measles']
25,Kakumiro,[],['Malaria'],[],['Measles']
25,Namisindwa,[],['Malaria'],[],[]
25,Mubende,[],['Malaria'],['Measles'],[]
25,Rakai,[],['Malaria'],[],['Measles']
25,Kassanda,[],['Malaria'],[],['Measles']
25,Kyankwanzi,[],['Malaria'],[],['Measles']
25,Namayingo,[],[],['Malaria'],[]
25,Kamwenge,[],['Malaria'],[],['Measles']
25,Kamuli,[],['Malaria'],[],[]
25,Kalungu,[],['Malaria'],[],['Measles']
25,Butambala,[],['Malaria'],[],['Measles']
25,Kayunga,[],['Malaria'],[],['Measles']
25,Bududa,[],[],['Malaria'],[]
25,Lwengo,[],['Malaria'],[],['Measles']
25,Masaka City,[],['Malaria'],[],['Measles']
25,Luwero,[],['Malaria'],[],['Measles']
25,Buliisa,[],['Malaria'],[],[]
25,Bulambuli,[],['Malaria'],[],[]
25,Kween,[],['Malaria'],[],[]
25,Kazo,['Anthrax'],['Malaria'],[],[]
25,Mityana,[],['Malaria'],[],['Measles']
25,Kiryandongo,[],['Malaria'],[],['Measles']
25,Bunyangabu,[],[],[],[]
25,Bushenyi,[],[],[],[]
25,Mbarara City,[],['Malaria'],['Influenza new subtype'],[]
25,Kyegegwa,[],['Malaria'],[],[]
25,Mbarara,[],['Malaria'],[],[]
25,Gulu,[],['Malaria'],[],[]
25,Rubanda,[],['Malaria'],[],[]
25,Rwampara,[],['Malaria'],[],[]
25,Wakiso,[],"['Malaria', 'Maternal Death']",['Measles'],[]
25,Ngora,[],['Malaria'],[],[]
25,Bugiri,[],['Malaria'],['Measles'],[]
25,Napak,[],['Malaria'],[],[]
25,Otuke,[],['Malaria'],[],[]
25,Ntungamo,[],['Malaria'],[],[]
25,Bukwo,[],[],['Malaria'],[]
25,Nakapiripirit,[],['Malaria'],[],['Measles']
25,Pakwach,[],"['Malaria', 'Schistosomiasis']",[],[]
25,Mpigi,[],['Malaria'],[],[]
25,Nwoya,[],['Malaria'],[],['Measles']
25,Bugweri,[],[],['Malaria'],[]
25,Nakasongola,[],['Malaria'],[],['Measles']
25,Lyantonde,[],['Malaria'],[],[]
25,Kibuku,[],['Malaria'],[],[]
25,Masindi,[],"['Malaria', 'Maternal Death']",[],[]
25,Obongi,[],[],[],[]
25,Nakaseke,[],['Malaria'],[],['Measles']
25,Jinja City,['Yellow Fever'],['Malaria'],[],['Measles']
25,Bukedea,[],['Malaria'],[],[]
25,Omoro,[],['Malaria'],[],[]
25,Moroto,[],[],['Malaria'],[]
25,Amuru,[],['Malaria'],[],[]
25,Busia,[],"['Malaria', 'Maternal Death']",[],['Measles']
25,Madi-Okollo,[],['Malaria'],[],['Measles']
25,Kitgum,[],['Malaria'],[],[]
25,Maracha,[],[],['Malaria'],[]
25,Arua,[],[],['Malaria'],[]
25,Pallisa,[],['Malaria'],[],[]
25,Kumi,[],['Malaria'],[],[]
25,Lamwo,[],['Malaria'],[],[]
25,Soroti,[],['Malaria'],[],[]
25,Kiboga,[],['Malaria'],[],['Measles']
25,Apac,[],['Malaria'],[],[]
25,Kapelebyong,[],['Malaria'],[],[]
25,Buikwe,[],"['Malaria', 'Maternal Death']",[],['Measles']
25,Amolatar,[],['Malaria'],[],[]
25,Lira,[],"['Malaria', 'Measles']",[],[]
25,Kibaale,[],['Malaria'],[],['Measles']
25,Tororo,[],"['Malaria', 'Maternal Death']",[],[]
25,Serere,[],['Malaria'],[],['Measles']
25,Nebbi,[],['Malaria'],[],[]
25,Kole,[],['Malaria'],[],[]
25,Yumbe,['Acute Flaccid Paralysis'],"['Malaria', 'Schistosomiasis']",[],[]
25,Kaberamaido,[],['Malaria'],[],[]
25,Abim,[],['Malaria'],[],[]
25,Agago,[],['Malaria'],[],[]
25,Kagadi,[],['Malaria'],[],[]
25,Alebtong,[],['Malaria'],[],[]
25,Kwania,[],['Malaria'],[],[]
25,Kitagwenda,[],['Malaria'],[],[]
25,Amuria,[],['Malaria'],[],[]
25,Oyam,[],['Malaria'],[],[]
25,Dokolo,[],['Malaria'],[],[]
25,Kalaki,[],['Malaria'],[],[]
25,Mbale City,['Plague'],"['Malaria', 'Maternal Death']",[],['Measles']
25,Amudat,[],['Malaria'],[],[]
25,Kapchorwa,[],['Maternal Death'],['Malaria'],['Measles']
25,Mukono,[],['Malaria'],[],['Measles']
25,Adjumani,[],"['Cholera', 'Malaria', 'Onchocerciasis']",[],[]
25,Soroti City,[],['Malaria'],[],[]
25,Arua City,[],['Malaria'],[],[]
25,Kabarole,[],['Malaria'],[],[]
25,Gulu City,[],"['Malaria', 'Maternal Death']",[],[]
25,Kampala,['Acute Flaccid Paralysis'],"['Malaria', 'Maternal Death', 'Measles']",[],[]
25,Pader,[],['Malaria'],[],[]
25,Zombo,[],['Malaria'],[],[]
25,Lira City,[],"['Malaria', 'Maternal Death']",[],['Measles']
25,Kotido,[],[],['Malaria'],[]
25,Moyo,[],['Cholera'],['Malaria'],[]
25,Rubirizi,[],['Malaria'],[],[]
25,Kyotera,[],['Malaria'],[],['Measles']
25,Terego,[],['Malaria'],[],[]
25,Katakwi,[],['Malaria'],[],[]
24,Sheema,[],[],[],[]
24,Nabilatuk,[],"['Malaria', 'Maternal Death']",[],[]
24,Karenga,[],['Malaria'],[],[]
24,Kaabong,[],['Malaria'],[],[]
24,Ntoroko,[],['Malaria'],[],['Measles']
24,Butebo,[],"['Malaria', 'Maternal Death']",[],[]
24,Rukungiri,[],['Malaria'],[],['Measles']
24,Sembabule,[],['Malaria'],[],[]
24,Gomba,[],['Malaria'],[],[]
24,Buyende,[],['Malaria'],[],['Measles']
24,Fort Portal City,[],['Malaria'],[],[]
24,Masaka,[],['Malaria'],[],[]
24,Kisoro,[],['Malaria'],[],[]
24,Kabale,[],"['Malaria', 'Maternal Death']",[],[]
24,Isingiro,[],['Malaria'],[],['Measles']
24,Kiruhura,[],['Malaria'],[],[]
24,0,[],[],[],[]
24,Jinja,[],['Malaria'],[],['Measles']
24,Namutumba,[],['Malaria'],[],['Measles']
24,Butambala,[],['Malaria'],[],['Measles']
24,Rubanda,[],['Malaria'],[],[]
24,Rwampara,[],['Malaria'],[],[]
24,Kyenjojo,[],['Malaria'],[],['Measles']
24,Mbale,['Acute Flaccid Paralysis'],['Malaria'],[],[]
24,Kaliro,[],['Malaria'],[],['Measles']
24,Luuka,[],"['Malaria', 'Maternal Death']",[],[]
24,Budaka,[],['Malaria'],[],[]
24,Rukiga,[],[],['Malaria'],[]
24,Manafwa,[],['Malaria'],[],[]
24,Bundibugyo,[],['Malaria'],[],[]
24,Sironko,[],['Malaria'],[],[]
24,Kalangala,[],['Malaria'],[],[]
24,Hoima,[],['Malaria'],[],[]
24,Mitooma,[],[],['Malaria'],[]
24,Buvuma,[],['Malaria'],[],['Measles']
24,Mubende,[],['Malaria'],[],['Measles']
24,Butaleja,[],['Malaria'],[],['Measles']
24,Koboko,[],['Malaria'],[],['Measles']
24,Luwero,[],['Malaria'],[],['Measles']
24,Buhweju,[],['Malaria'],[],[]
24,Kasese,['Yellow Fever'],"['Malaria', 'Maternal Death']",[],['Measles']
24,Iganga,[],['Malaria'],['Measles'],[]
24,Kakumiro,[],['Malaria'],[],[]
24,Namisindwa,[],['Malaria'],[],[]
24,Rakai,[],['Malaria'],[],[]
24,Kayunga,[],['Malaria'],['Measles'],[]
24,Kalungu,[],['Malaria'],[],['Measles']
24,Kassanda,[],['Malaria'],[],['Measles']
24,Kyankwanzi,[],['Malaria'],[],['Measles']
24,Namayingo,[],['Malaria'],[],['Measles']
24,Kamwenge,[],['Malaria'],[],['Measles']
24,Kamuli,[],['Malaria'],[],['Measles']
24,Kyotera,[],['Malaria'],[],['Measles']
24,Wakiso,[],"['Malaria', 'Maternal Death']",[],['Measles']
24,Bukomansimbi,[],['Malaria'],[],['Measles']
24,Bududa,[],[],['Malaria'],[]
24,Lwengo,[],['Malaria'],[],['Measles']
24,Kiryandongo,[],['Malaria'],[],['Measles']
24,Buliisa,[],['Malaria'],[],[]
24,Bulambuli,[],['Malaria'],[],[]
24,Kween,[],['Malaria'],[],[]
24,Kazo,['Anthrax'],['Malaria'],[],[]
24,Mityana,[],['Malaria'],[],['Measles']
24,Masaka City,[],['Malaria'],[],['Measles']
24,Bushenyi,[],['Malaria'],[],[]
24,Mayuge,[],['Malaria'],[],['Measles']
24,Mbarara City,[],['Malaria'],[],[]
24,Kyegegwa,[],['Malaria'],[],[]
24,Mbarara,[],['Malaria'],[],[]
24,Gulu,[],['Malaria'],[],[]
24,Bunyangabu,[],['Malaria'],[],[]
24,Hoima City,[],['Malaria'],[],[]
24,Kikuube,[],['Malaria'],[],['Measles']
24,Amuru,[],['Malaria'],[],['Measles']
24,Ngora,[],['Malaria'],[],[]
24,Nwoya,[],['Malaria'],[],[]
24,Kapchorwa,[],['Malaria'],[],[]
24,Busia,[],['Malaria'],[],['Measles']
24,Napak,[],['Malaria'],[],['Measles']
24,Ntungamo,[],['Malaria'],[],[]
24,Bukwo,[],[],['Malaria'],[]
24,Nakapiripirit,[],['Malaria'],[],[]
24,Kibaale,[],['Malaria'],[],[]
24,Obongi,[],[],[],[]
24,Mpigi,[],['Malaria'],[],['Measles']
24,Nakaseke,[],['Malaria'],[],['Measles']
24,Nakasongola,[],['Malaria'],[],[]
24,Bugiri,[],['Malaria'],[],['Measles']
24,Lyantonde,[],['Malaria'],[],[]
24,Kibuku,[],['Malaria'],[],[]
24,Bugweri,[],['Malaria'],[],[]
24,Pakwach,[],['Malaria'],[],[]
24,Masindi,[],['Malaria'],[],[]
24,Otuke,[],['Malaria'],[],[]
24,Buikwe,[],['Malaria'],[],[]
24,Bukedea,[],"['Malaria', 'Maternal Death']",[],[]
24,Madi-Okollo,[],['Malaria'],[],[]
24,Kitgum,[],"['Malaria', 'Maternal Death']",[],[]
24,Maracha,[],[],['Malaria'],[]
24,Arua,[],[],['Malaria'],[]
24,Pallisa,[],['Malaria'],[],[]
24,Kumi,[],['Malaria'],[],[]
24,Lamwo,[],['Malaria'],[],[]
24,Soroti,[],['Malaria'],[],['Measles']
24,Jinja City,[],['Malaria'],[],['Measles']
24,Kiboga,['Acute Flaccid Paralysis'],['Malaria'],[],[]
24,Apac,[],['Malaria'],[],[]
24,Kapelebyong,[],['Malaria'],[],[]
24,Amolatar,[],['Malaria'],[],[]
24,Moroto,[],[],['Malaria'],[]
24,Kanungu,[],['Malaria'],[],[]
24,Ibanda,['Anthrax'],['Malaria'],[],[]
24,Omoro,[],['Malaria'],[],[]
24,Lira,[],"['Malaria', 'Measles']",[],[]
24,Tororo,[],['Malaria'],[],['Measles']
24,Nebbi,[],['Malaria'],[],[]
24,Kole,[],['Malaria'],[],[]
24,Yumbe,[],"['Malaria', 'Maternal Death']",[],[]
24,Kaberamaido,[],['Malaria'],[],[]
24,Abim,[],['Malaria'],[],[]
24,Kalaki,[],['Malaria'],[],[]
24,Kagadi,[],['Malaria'],[],[]
24,Kwania,[],['Malaria'],[],[]
24,Kitagwenda,[],['Malaria'],[],[]
24,Amuria,[],['Malaria'],[],[]
24,Oyam,[],['Malaria'],[],[]
24,Dokolo,[],['Malaria'],[],[]
24,Terego,[],['Malaria'],[],[]
24,Mukono,['Yellow Fever'],['Malaria'],[],['Measles']
24,Agago,[],['Malaria'],[],[]
24,Amudat,['Anthrax'],[],['Malaria'],[]
24,Alebtong,[],['Malaria'],[],[]
24,Pader,[],['Malaria'],[],[]
24,Serere,[],['Malaria'],[],[]
24,Mbale City,[],"['Malaria', 'Maternal Death']",[],['Measles']
24,Lira City,[],['Malaria'],[],[]
24,Arua City,[],['Malaria'],[],['Measles']
24,Kabarole,[],['Malaria'],[],[]
24,Kampala,[],"['Malaria', 'Maternal Death', 'Measles']",[],[]
24,Gulu City,[],['Malaria'],[],[]
24,Zombo,[],['Malaria'],[],[]
24,Soroti City,[],['Malaria'],[],['Measles']
24,Adjumani,['Acute Flaccid Paralysis'],"['Cholera', 'Malaria']",[],['Measles']
24,Kotido,[],[],['Malaria'],[]
24,Katakwi,[],['Malaria'],[],[]
24,Moyo,[],['Cholera'],['Malaria'],[]
24,Rubirizi,[],['Malaria'],[],[]
23,Kotido,[],[],['Malaria'],[]
23,Adjumani,[],"['Malaria', 'Onchocerciasis']",[],[]
23,Wakiso,[],"['Malaria', 'Maternal Death']",[],['Measles']
23,Kyotera,[],['Malaria'],[],['Measles']
23,Rubirizi,[],['Malaria'],[],[]
23,Moyo,[],['Cholera'],['Malaria'],['Measles']
23,Katakwi,[],['Malaria'],[],[]
23,Lira City,[],['Malaria'],[],[]
23,Zombo,[],['Malaria'],[],[]
23,Mbale City,[],['Malaria'],['Measles'],[]
23,Pader,[],['Malaria'],[],[]
23,Kampala,['Measles'],"['Malaria', 'Maternal Death']",[],[]
23,Gulu City,[],['Malaria'],[],[]
23,Kabarole,[],['Malaria'],[],[]
23,Arua City,[],['Malaria'],[],[]
23,Mukono,[],['Malaria'],[],['Measles']
23,Soroti City,[],"['Malaria', 'Maternal Death']",[],[]
23,Napak,[],['Malaria'],[],[]
23,Serere,[],"['Malaria', 'Maternal Death']",[],[]
23,Kole,[],['Malaria'],[],[]
23,Tororo,[],['Malaria'],[],[]
23,Alebtong,[],['Malaria'],[],[]
23,Lira,[],['Malaria'],[],['Measles']
23,Kalaki,[],['Malaria'],[],[]
23,Dokolo,[],['Malaria'],[],[]
23,Oyam,[],['Malaria'],[],[]
23,Amuria,[],['Malaria'],[],[]
23,Kitagwenda,[],['Malaria'],[],[]
23,Kwania,[],['Malaria'],[],[]
23,Kagadi,[],['Malaria'],[],[]
23,Amudat,[],['Malaria'],[],[]
23,Agago,[],['Malaria'],[],[]
23,Abim,[],['Malaria'],[],[]
23,Kaberamaido,[],['Malaria'],[],[]
23,Yumbe,[],['Malaria'],[],[]
23,Nebbi,[],['Malaria'],[],[]
23,Bukedea,[],['Malaria'],[],[]
23,Omoro,[],['Malaria'],[],[]
23,Nakaseke,[],['Malaria'],[],['Measles']
23,Amolatar,[],['Malaria'],[],[]
23,Kapelebyong,[],['Malaria'],[],[]
23,Apac,[],['Malaria'],[],[]
23,Kiboga,[],['Malaria'],[],['Measles']
23,Soroti,[],['Malaria'],[],['Measles']
23,Madi-Okollo,[],['Malaria'],[],[]
23,Lamwo,[],['Malaria'],[],[]
23,Ngora,[],['Malaria'],[],[]
23,Pallisa,[],['Malaria'],[],[]
23,Arua,[],['Malaria'],[],[]
23,Maracha,['Acute Flaccid Paralysis'],['Malaria'],[],[]
23,Kitgum,[],['Malaria'],[],[]
23,Karenga,[],['Malaria'],[],[]
23,Kanungu,[],['Malaria'],[],[]
23,Busia,[],['Malaria'],['Measles'],[]
23,Moroto,[],[],['Malaria'],[]
23,Kumi,[],['Malaria'],[],[]
23,Nakasongola,[],['Malaria'],[],['Measles']
23,Otuke,[],['Malaria'],[],[]
23,Nwoya,[],['Malaria'],[],[]
23,Obongi,[],['Malaria'],[],[]
23,Masindi,[],['Malaria'],[],['Measles']
23,Kibuku,[],['Malaria'],[],['Measles']
23,Lyantonde,[],['Malaria'],[],[]
23,Bugiri,[],[],['Malaria'],['Measles']
23,Bugweri,[],['Malaria'],[],[]
23,Buikwe,[],"['Malaria', 'Maternal Death']",[],['Measles']
23,Mpigi,[],['Malaria'],[],['Measles']
23,Kibaale,[],['Malaria'],[],['Measles']
23,Pakwach,[],"['Malaria', 'Schistosomiasis']",[],[]
23,Nakapiripirit,[],['Malaria'],[],[]
23,Bukwo,['Acute Flaccid Paralysis'],['Malaria'],[],[]
23,Ntungamo,[],['Malaria'],[],[]
23,Jinja City,[],['Malaria'],[],['Measles']
23,Kapchorwa,[],['Malaria'],[],['Measles']
23,Rwampara,[],[],['Malaria'],[]
23,Terego,[],['Malaria'],[],[]
23,Hoima City,[],"['Malaria', 'Maternal Death']",[],[]
23,Luwero,[],['Malaria'],['Measles'],[]
23,Mbarara City,[],['Malaria'],[],['Measles']
23,Amuru,[],['Malaria'],[],[]
23,Mubende,[],['Malaria'],[],['Measles']
23,Bunyangabu,[],['Malaria'],[],[]
23,Gulu,[],['Malaria'],[],[]
23,Mbarara,[],['Malaria'],[],[]
23,Kyegegwa,[],['Malaria'],[],['Measles']
23,Bushenyi,[],['Malaria'],[],[]
23,Buliisa,[],['Malaria'],[],['Measles']
23,Kiryandongo,[],['Malaria'],[],['Measles']
23,Masaka City,[],"['Malaria', 'Maternal Death']",[],['Measles']
23,Mityana,[],['Malaria'],[],['Measles']
23,Kazo,[],['Malaria'],[],[]
23,Kween,[],[],[],[]
23,Kaliro,[],['Malaria'],[],[]
23,Kasese,['Yellow Fever'],"['Malaria', 'Maternal Death']",[],['Measles']
23,Buhweju,[],['Malaria'],[],[]
23,Iganga,[],['Malaria'],[],['Measles']
23,0,[],[],[],[]
23,Bukomansimbi,[],['Malaria'],[],['Measles']
23,Mayuge,[],['Malaria'],[],['Measles']
23,Lwengo,[],['Malaria'],[],['Measles']
23,Kayunga,[],['Malaria'],['Measles'],[]
23,Kamuli,[],"['Malaria', 'Maternal Death']",[],['Measles']
23,Kamwenge,[],['Malaria'],[],['Measles']
23,Namayingo,[],['Malaria'],[],['Measles']
23,Kyankwanzi,[],['Malaria'],[],['Measles']
23,Kassanda,[],['Malaria'],[],['Measles']
23,Kalungu,[],['Malaria'],[],['Measles']
23,Rakai,[],['Malaria'],[],[]
23,Bududa,[],[],['Malaria'],[]
23,Namisindwa,[],['Malaria'],[],[]
23,Kakumiro,[],['Malaria'],[],[]
23,Bulambuli,[],['Malaria'],[],[]
23,Koboko,[],['Malaria'],[],[]
23,Rubanda,[],[],['Malaria'],[]
23,Jinja,[],['Malaria'],[],[]
23,Sironko,[],['Malaria'],[],[]
23,Rukungiri,[],['Malaria'],[],[]
23,Butaleja,[],['Malaria'],[],[]
23,Isingiro,[],"['Malaria', 'Maternal Death']",[],['Measles']
23,Hoima,[],['Malaria'],[],[]
23,Kalangala,[],['Malaria'],[],[]
23,Mbale,[],['Malaria'],[],[]
23,Kikuube,[],['Malaria'],[],[]
23,Bundibugyo,[],['Malaria'],[],[]
23,Manafwa,[],['Malaria'],[],[]
23,Rukiga,[],[],['Malaria'],[]
23,Budaka,[],['Malaria'],[],[]
23,Luuka,[],['Malaria'],[],[]
23,Nabilatuk,[],['Malaria'],[],['Measles']
23,Kyenjojo,[],"['Malaria', 'Maternal Death']",[],[]
23,Mitooma,[],['Malaria'],[],[]
23,Kaabong,[],['Malaria'],[],[]
23,Gomba,[],['Malaria'],[],['Measles']
23,Ibanda,[],['Malaria'],[],[]
23,Butambala,[],['Malaria'],['Measles'],[]
23,Namutumba,[],[],['Malaria'],['Measles']
23,Sheema,[],[],[],[]
23,Kabale,[],"['Malaria', 'Maternal Death']",[],[]
23,Kisoro,[],['Malaria'],[],[]
23,Masaka,[],['Malaria'],[],[]
23,Buvuma,[],['Malaria'],[],['Measles']
23,Fort Portal City,[],['Malaria'],[],[]
23,Buyende,[],['Malaria'],[],['Measles']
23,Sembabule,[],['Malaria'],[],['Measles']
23,Kiruhura,[],['Malaria'],[],[]
23,Butebo,[],['Malaria'],[],[]
23,Ntoroko,[],[],['Malaria'],[]
22,Mbale City,[],['Malaria'],[],['Measles']
22,Kanungu,[],['Malaria'],[],[]
22,Kyotera,[],['Malaria'],[],['Measles']
22,Rubirizi,[],['Malaria'],[],[]
22,Moyo,['Acute Flaccid Paralysis'],[],['Malaria'],[]
22,Katakwi,[],['Malaria'],[],[]
22,Kotido,[],[],['Malaria'],[]
22,Zombo,[],['Malaria'],[],[]
22,Gulu City,[],['Malaria'],[],[]
22,Pader,[],['Malaria'],[],[]
22,Kampala,[],"['Malaria', 'Maternal Death', 'Measles']",[],[]
22,Soroti City,[],['Malaria'],[],[]
22,Kabarole,[],['Malaria'],[],[]
22,Arua City,[],['Malaria'],[],[]
22,Lira City,[],['Malaria'],[],['Measles']
22,Nebbi,[],['Malaria'],[],[]
22,Adjumani,[],"['Malaria', 'Maternal Death', 'Onchocerciasis']",[],[]
22,Alebtong,[],['Malaria'],[],[]
22,Mukono,[],['Malaria'],[],['Measles']
22,Serere,[],['Malaria'],[],[]
22,Omoro,[],['Malaria'],[],[]
22,Lira,[],['Malaria'],[],[]
22,Kalaki,[],['Malaria'],[],[]
22,Dokolo,[],['Malaria'],[],[]
22,Oyam,[],['Malaria'],[],[]
22,Amuria,[],['Malaria'],[],[]
22,Kitagwenda,[],['Malaria'],[],[]
22,Kwania,[],['Malaria'],[],['Measles']
22,Kagadi,[],['Malaria'],[],['Measles']
22,Amudat,[],['Malaria'],[],[]
22,Agago,[],['Malaria'],[],[]
22,Abim,[],['Malaria'],[],[]
22,Kaberamaido,[],['Malaria'],[],[]
22,Yumbe,['Acute Flaccid Paralysis'],['Malaria'],[],[]
22,Kole,[],['Malaria'],[],[]
22,Tororo,['Yellow Fever'],['Malaria'],[],[]
22,Busia,['Measles'],"['Malaria', 'Maternal Death']",[],[]
22,Nakasongola,[],['Malaria'],[],['Measles']
22,Nwoya,[],['Malaria'],[],[]
22,Moroto,[],['Maternal Death'],['Malaria'],['Measles']
22,Amolatar,[],['Malaria'],[],[]
22,Kapelebyong,[],['Malaria'],[],[]
22,Apac,[],['Malaria'],[],[]
22,Kiboga,[],['Malaria'],[],['Measles']
22,Soroti,[],['Malaria'],[],[]
22,Madi-Okollo,[],['Malaria'],[],[]
22,Lamwo,[],['Malaria'],[],[]
22,Ngora,[],['Malaria'],[],[]
22,Pallisa,[],['Malaria'],[],[]
22,Arua,[],[],['Malaria'],[]
22,Maracha,[],['Malaria'],[],[]
22,Kitgum,[],"['Malaria', 'Maternal Death']",[],[]
22,0,[],[],[],[]
22,Amuru,[],['Malaria'],[],[]
22,Nakaseke,[],['Malaria'],[],['Measles']
22,Kumi,[],['Malaria'],[],[]
22,Otuke,[],['Malaria'],[],[]
22,Buikwe,[],['Malaria'],[],['Measles']
22,Obongi,[],[],[],[]
22,Masindi,[],['Malaria'],[],[]
22,Kibuku,[],['Malaria'],[],['Measles']
22,Lyantonde,[],['Malaria'],[],['Measles']
22,Bugiri,[],['Malaria'],[],[]
22,Bugweri,[],['Malaria'],[],[]
22,Mpigi,[],['Malaria'],[],[]
22,Bukedea,[],['Malaria'],[],[]
22,Kibaale,['Yellow Fever'],['Malaria'],[],['Measles']
22,Pakwach,[],"['Malaria', 'Maternal Death']",[],[]
22,Nakapiripirit,[],['Malaria'],[],[]
22,Bukwo,[],['Malaria'],[],[]
22,Ntungamo,[],['Malaria'],[],[]
22,Jinja City,[],['Malaria'],[],['Measles']
22,Napak,['Acute Flaccid Paralysis'],['Malaria'],[],[]
22,Nabilatuk,[],['Malaria'],[],[]
22,Kapchorwa,[],[],['Malaria'],[]
22,Hoima City,[],['Malaria'],[],['Measles']
22,Bushenyi,[],[],[],[]
22,Mubende,[],['Malaria'],[],['Measles']
22,Bunyangabu,[],[],[],[]
22,Gulu,[],['Malaria'],[],[]
22,Mbarara,[],['Malaria'],[],[]
22,Kyegegwa,[],['Malaria'],[],[]
22,Mbarara City,[],['Malaria'],[],[]
22,Kiryandongo,['Acute Flaccid Paralysis'],['Malaria'],[],['Measles']
22,Luwero,[],['Malaria'],[],['Measles']
22,Masaka City,[],[],"['Malaria', 'Measles']",[]
22,Mityana,[],['Malaria'],[],['Measles']
22,Kazo,['Anthrax'],['Malaria'],[],[]
22,Kween,[],['Malaria'],[],[]
22,Bulambuli,[],['Malaria'],[],[]
22,Buliisa,['Yellow Fever'],['Malaria'],[],[]
22,Koboko,[],['Malaria'],[],[]
22,Mayuge,[],['Malaria'],[],['Measles']
22,Ibanda,[],['Malaria'],[],['Measles']
22,Buhweju,[],['Malaria'],[],[]
22,Rubanda,[],['Malaria'],[],[]
22,Lwengo,[],['Malaria'],[],['Measles']
22,Kayunga,[],"['Malaria', 'Maternal Death']",[],['Measles']
22,Kamuli,[],['Malaria'],[],['Measles']
22,Kamwenge,[],['Malaria'],[],[]
22,Namayingo,[],['Malaria'],[],[]
22,Kyankwanzi,[],['Malaria'],[],['Measles']
22,Kassanda,[],['Malaria'],[],['Measles']
22,Kalungu,[],['Malaria'],[],['Measles']
22,Rakai,[],['Malaria'],[],['Measles']
22,Bududa,[],['Malaria'],[],[]
22,Namisindwa,[],['Malaria'],[],[]
22,Kakumiro,[],['Malaria'],[],[]
22,Iganga,[],"['Malaria', 'Maternal Death']",[],['Measles']
22,Kasese,[],['Malaria'],[],['Measles']
22,Bukomansimbi,[],['Malaria'],[],['Measles']
22,Terego,[],['Malaria'],[],[]
22,Wakiso,[],['Malaria'],['Measles'],[]
22,Kikuube,[],['Malaria'],[],[]
22,Jinja,[],['Malaria'],[],['Measles']
22,Butaleja,[],['Malaria'],[],['Measles']
22,Isingiro,[],['Malaria'],[],['Measles']
22,Mitooma,[],['Malaria'],[],[]
22,Hoima,[],['Malaria'],[],[]
22,Kalangala,[],['Malaria'],[],['Measles']
22,Bundibugyo,[],['Malaria'],[],[]
22,Kyenjojo,[],['Malaria'],[],['Measles']
22,Manafwa,[],['Malaria'],[],[]
22,Rukiga,[],['Malaria'],[],[]
22,Budaka,[],['Malaria'],[],[]
22,Luuka,[],['Malaria'],[],[]
22,Kaliro,[],['Malaria'],[],[]
22,Mbale,[],['Malaria'],[],['Measles']
22,Rukungiri,['Anthrax'],['Malaria'],[],[]
22,Rwampara,[],['Malaria'],[],[]
22,Sironko,[],['Malaria'],[],[]
22,Buvuma,[],['Malaria'],[],['Measles']
22,Fort Portal City,[],['Malaria'],[],[]
22,Karenga,[],['Malaria'],[],[]
22,Namutumba,[],['Malaria'],[],[]
22,Sheema,[],['Malaria'],[],[]
22,Kabale,[],"['Malaria', 'Maternal Death']",[],[]
22,Kisoro,[],['Malaria'],[],[]
22,Gomba,[],['Malaria'],[],[]
22,Masaka,[],['Malaria'],[],[]
22,Buyende,[],['Malaria'],['Measles'],[]
22,Butambala,[],['Malaria'],[],['Measles']
22,Sembabule,[],['Malaria'],[],['Measles']
22,Kiruhura,[],['Malaria'],[],['Measles']
22,Butebo,[],['Malaria'],[],[]
22,Ntoroko,[],['Malaria'],[],['Measles']
22,Kaabong,[],['Malaria'],[],[]
21,Adjumani,[],"['Malaria', 'Maternal Death']",[],[]
21,Wakiso,[],"['Malaria', 'Maternal Death']",['Measles'],[]
21,Kanungu,[],['Malaria'],[],[]
21,Kyotera,[],['Malaria'],[],[]
21,Rubirizi,[],['Malaria'],[],[]
21,Moyo,[],['Maternal Death'],['Malaria'],[]
21,Katakwi,[],['Malaria'],[],[]
21,Kole,[],['Malaria'],[],[]
21,Lira City,[],['Malaria'],[],[]
21,Zombo,[],['Malaria'],[],[]
21,Pader,[],['Malaria'],[],[]
21,Kampala,"['Acute Flaccid Paralysis', 'Yellow Fever']","['Cholera', 'Malaria', 'Maternal Death', 'Measles']",[],[]
21,Gulu City,[],"['Malaria', 'Maternal Death']",[],[]
21,Kabarole,[],['Malaria'],[],[]
21,Arua City,[],['Malaria'],[],[]
21,Mbale City,[],"['Malaria', 'Maternal Death']",[],['Measles']
21,Kotido,[],['Malaria'],[],[]
21,Serere,[],['Malaria'],[],[]
21,Soroti City,[],['Malaria'],[],[]
21,Mukono,[],"['Malaria', 'Maternal Death']",[],['Measles']
21,Bukedea,[],['Malaria'],[],[]
21,Alebtong,[],['Malaria'],[],[]
21,Lira,[],['Malaria'],[],['Measles']
21,Kalaki,[],['Malaria'],[],[]
21,Dokolo,[],['Malaria'],[],[]
21,Oyam,[],['Malaria'],[],[]
21,Amuria,[],['Malaria'],[],[]
21,Kitagwenda,[],['Malaria'],[],[]
21,Kwania,[],['Malaria'],[],[]
21,Kagadi,[],['Malaria'],[],[]
21,Amudat,[],[],['Malaria'],[]
21,Agago,[],['Malaria'],[],[]
21,Abim,[],['Malaria'],[],[]
21,Kaberamaido,[],['Malaria'],[],[]
21,Yumbe,['Acute Flaccid Paralysis'],"['Malaria', 'Maternal Death']",[],[]
21,Tororo,[],['Malaria'],[],[]
21,Jinja City,[],['Malaria'],[],[]
21,Buikwe,[],['Malaria'],[],['Measles']
21,Nwoya,[],['Malaria'],[],[]
21,Nakaseke,[],['Malaria'],[],['Measles']
21,Moroto,[],['Maternal Death'],['Malaria'],[]
21,Amolatar,[],['Malaria'],[],[]
21,Kapelebyong,[],['Malaria'],[],[]
21,Apac,[],['Malaria'],[],[]
21,Kiboga,[],['Malaria'],[],['Measles']
21,Kumi,[],['Malaria'],[],[]
21,Soroti,[],['Malaria'],[],['Measles']
21,Lamwo,[],['Malaria'],[],[]
21,Ngora,[],['Malaria'],[],[]
21,Pallisa,[],['Malaria'],[],[]
21,Arua,[],[],['Malaria'],[]
21,Maracha,[],['Malaria'],[],[]
21,Kitgum,[],['Malaria'],[],['Measles']
21,0,[],[],[],[]
21,Otuke,[],['Malaria'],[],[]
21,Madi-Okollo,[],['Malaria'],[],['Measles']
21,Omoro,[],['Malaria'],[],['Measles']
21,Bugweri,[],['Malaria'],[],[]
21,Obongi,[],[],[],[]
21,Masindi,[],['Malaria'],[],[]
21,Kibuku,[],['Malaria'],[],[]
21,Lyantonde,[],['Malaria'],[],[]
21,Bugiri,[],"['Malaria', 'Maternal Death', 'Measles']",[],[]
21,Nakasongola,[],['Malaria'],[],['Measles']
21,Mpigi,[],['Malaria'],[],[]
21,Nabilatuk,[],['Malaria'],[],['Measles']
21,Kibaale,[],['Malaria'],[],['Measles']
21,Pakwach,[],['Malaria'],[],[]
21,Nakapiripirit,[],['Malaria'],[],['Measles']
21,Bukwo,[],['Malaria'],[],[]
21,Ntungamo,[],['Malaria'],[],[]
21,Napak,[],['Malaria'],[],[]
21,Nebbi,[],['Malaria'],[],[]
21,Busia,[],['Malaria'],['Measles'],[]
21,Kapchorwa,[],"['Malaria', 'Maternal Death']",[],[]
21,Hoima City,[],['Malaria'],[],[]
21,Mbarara City,[],[],['Malaria'],['Measles']
21,Amuru,[],['Malaria'],[],[]
21,Mubende,[],"['Malaria', 'Maternal Death']",[],['Measles']
21,Bunyangabu,[],['Malaria'],[],['Measles']
21,Gulu,[],['Malaria'],[],[]
21,Mbarara,[],['Malaria'],[],[]
21,Kyegegwa,[],['Malaria'],[],['Measles']
21,Bushenyi,[],[],['Malaria'],[]
21,Buliisa,[],['Malaria'],[],['Measles']
21,Kiryandongo,[],['Malaria'],[],['Measles']
21,Masaka City,[],['Malaria'],[],['Measles']
21,Mityana,[],"['Malaria', 'Maternal Death']",[],['Measles']
21,Kazo,['Anthrax'],['Malaria'],[],[]
21,Kween,[],['Malaria'],[],[]
21,Bulambuli,[],['Malaria'],[],[]
21,Koboko,[],['Malaria'],[],[]
21,Kasese,[],['Malaria'],[],['Measles']
21,Rubanda,[],[],['Malaria'],[]
21,Iganga,[],"['Malaria', 'Measles']",[],[]
21,Terego,[],['Malaria'],[],[]
21,Bukomansimbi,[],['Malaria'],[],['Measles']
21,Mayuge,[],['Malaria'],[],['Measles']
21,Lwengo,[],['Malaria'],[],['Measles']
21,Kayunga,[],['Malaria'],['Measles'],[]
21,Kamuli,[],['Malaria'],[],['Measles']
21,Kamwenge,[],['Malaria'],[],[]
21,Namayingo,[],['Malaria'],[],['Measles']
21,Kyankwanzi,[],['Malaria'],[],['Measles']
21,Kassanda,[],['Malaria'],[],['Measles']
21,Kalungu,[],['Malaria'],[],[]
21,Rakai,[],['Malaria'],[],['Measles']
21,Bududa,[],[],['Malaria'],[]
21,Namisindwa,[],['Malaria'],[],[]
21,Kakumiro,[],['Malaria'],[],['Measles']
21,Buhweju,[],['Malaria'],[],[]
21,Luwero,[],"['Malaria', 'Maternal Death']",[],['Measles']
21,Karenga,[],['Malaria'],[],[]
21,Rwampara,[],['Malaria'],[],[]
21,Sironko,[],"['Malaria', 'Maternal Death']",[],[]
21,Rukungiri,[],['Malaria'],[],[]
21,Butaleja,[],['Malaria'],[],[]
21,Isingiro,[],['Malaria'],['Measles'],[]
21,Mitooma,[],[],['Malaria'],[]
21,Hoima,[],['Malaria'],[],[]
21,Kalangala,[],['Malaria'],[],['Measles']
21,Jinja,[],['Malaria'],[],['Measles']
21,Mbale,[],['Malaria'],[],[]
21,Bundibugyo,[],['Malaria'],[],['Measles']
21,Manafwa,[],['Malaria'],[],[]
21,Rukiga,[],['Malaria'],[],[]
21,Budaka,[],['Malaria'],[],[]
21,Luuka,[],['Malaria'],[],[]
21,Ibanda,[],['Malaria'],[],[]
21,Kyenjojo,[],['Malaria'],[],['Measles']
21,Kaliro,[],['Malaria'],[],['Measles']
21,Kikuube,[],['Malaria'],[],[]
21,Gomba,[],['Malaria'],[],['Measles']
21,Kaabong,[],['Malaria'],[],[]
21,Butambala,[],['Malaria'],['Measles'],[]
21,Namutumba,[],['Malaria'],[],['Measles']
21,Sheema,[],[],[],[]
21,Kabale,[],['Malaria'],[],[]
21,Kisoro,[],['Malaria'],[],[]
21,Masaka,[],['Malaria'],[],['Measles']
21,Buvuma,[],['Malaria'],[],['Measles']
21,Fort Portal City,[],['Malaria'],[],[]
21,Sembabule,[],['Malaria'],[],['Measles']
21,Kiruhura,[],['Malaria'],[],[]
21,Butebo,[],['Malaria'],[],[]
21,Ntoroko,[],['Malaria'],[],[]
21,Buyende,[],"['Malaria', 'Maternal Death']",[],['Measles']
20,Zombo,[],['Malaria'],[],['Measles']
20,Alebtong,[],['Malaria'],[],[]
20,Kampala,"['Acute Flaccid Paralysis', 'Measles']","['Malaria', 'Maternal Death']",[],[]
20,Terego,[],['Malaria'],[],[]
20,Moyo,[],[],['Malaria'],[]
20,Kotido,[],['Malaria'],[],[]
20,Soroti City,[],"['Malaria', 'Maternal Death']",[],[]
20,Adjumani,[],"['Malaria', 'Onchocerciasis']",[],[]
20,Serere,[],['Malaria'],[],[]
20,Pader,['Acute Flaccid Paralysis'],['Malaria'],[],[]
20,Gulu City,[],['Malaria'],[],[]
20,Kabarole,[],[],['Malaria'],[]
20,Arua City,[],"['Malaria', 'Maternal Death']",[],[]
20,Lira City,[],"['Malaria', 'Maternal Death']",[],[]
20,Mbale City,[],"['Malaria', 'Maternal Death']",[],['Measles']
20,Kalaki,[],['Malaria'],[],[]
20,Lira,[],['Malaria'],[],[]
20,Agago,[],['Malaria'],[],[]
20,Omoro,[],['Malaria'],[],[]
20,Tororo,['Plague'],"['Malaria', 'Maternal Death']",[],[]
20,Otuke,[],['Malaria'],[],[]
20,Amuru,[],"['Malaria', 'Maternal Death']",[],['Measles']
20,Nakaseke,[],['Malaria'],[],['Measles']
20,Dokolo,[],['Malaria'],[],[]
20,Oyam,[],['Malaria'],[],[]
20,Amuria,[],['Malaria'],[],[]
20,Kitagwenda,[],['Malaria'],[],[]
20,Kwania,[],['Malaria'],[],[]
20,Kagadi,[],['Malaria'],[],[]
20,Amudat,[],['Malaria'],[],[]
20,Abim,[],['Malaria'],[],[]
20,Kaberamaido,[],['Malaria'],[],[]
20,Yumbe,[],['Malaria'],[],[]
20,Kole,[],"['Malaria', 'Maternal Death']",[],[]
20,Nebbi,[],['Malaria'],[],[]
20,Mukono,[],"['Malaria', 'Maternal Death']",[],['Measles']
20,Gulu,[],['Malaria'],[],[]
20,Katakwi,[],['Malaria'],[],[]
20,Moroto,[],['Malaria'],[],[]
20,Pallisa,[],['Malaria'],[],[]
20,Kapelebyong,[],['Malaria'],[],[]
20,Jinja City,[],"['Malaria', 'Maternal Death']",[],[]
20,Apac,[],['Malaria'],[],['Measles']
20,Kiboga,[],"['Malaria', 'Maternal Death']",[],['Measles']
20,Kumi,[],['Malaria'],[],[]
20,Soroti,[],['Malaria'],[],['Measles']
20,Ngora,[],['Malaria'],[],[]
20,Lamwo,[],['Malaria'],[],[]
20,Arua,[],['Malaria'],[],[]
20,Maracha,[],['Malaria'],[],[]
20,Kitgum,[],['Malaria'],[],[]
20,Madi-Okollo,[],['Malaria'],[],[]
20,Bukedea,[],['Malaria'],[],[]
20,Buikwe,['Plague'],"['Cholera', 'Guinea Worm', 'Malaria']",['Measles'],[]
20,Nwoya,[],['Malaria'],[],[]
20,Mpigi,[],['Malaria'],[],['Measles']
20,Masindi,[],['Malaria'],[],[]
20,Kibaale,[],['Malaria'],[],[]
20,Pakwach,[],"['Malaria', 'Schistosomiasis']",[],[]
20,Kibuku,[],['Malaria'],[],[]
20,Lyantonde,[],['Malaria'],[],[]
20,Bugiri,[],"['Malaria', 'Measles']",[],[]
20,Nakasongola,['Acute Flaccid Paralysis'],['Malaria'],[],[]
20,Bugweri,['Measles'],['Malaria'],[],[]
20,Nakapiripirit,[],['Malaria'],[],[]
20,Amolatar,[],['Malaria'],[],[]
20,Obongi,[],[],[],['Measles']
20,Bukwo,[],['Malaria'],[],[]
20,Ntungamo,[],['Malaria'],[],[]
20,Napak,[],['Malaria'],[],[]
20,Busia,[],['Malaria'],[],['Measles']
20,Kapchorwa,[],['Malaria'],[],[]
20,Wakiso,[],['Malaria'],['Measles'],[]
20,Kanungu,[],['Malaria'],[],['Measles']
20,Kikuube,[],['Malaria'],[],[]
20,Rubanda,[],[],['Malaria'],[]
20,Kayunga,[],"['Malaria', 'Maternal Death']",['Measles'],[]
20,Lwengo,[],['Malaria'],[],['Measles']
20,Mityana,[],['Malaria'],[],['Measles']
20,Mbarara,[],['Malaria'],[],[]
20,Kyegegwa,[],['Malaria'],[],['Measles']
20,Mbarara City,[],"['Malaria', 'Maternal Death']",[],['Measles']
20,Bushenyi,[],"['Malaria', 'Maternal Death']",[],[]
20,Kiryandongo,[],"['Malaria', 'Maternal Death']",[],['Measles']
20,Masaka City,[],['Malaria'],[],['Measles']
20,Kazo,[],['Malaria'],[],['Measles']
20,Mayuge,[],['Malaria'],[],['Measles']
20,Kween,[],['Malaria'],[],['Measles']
20,Bulambuli,[],['Malaria'],[],[]
20,Buliisa,[],['Malaria'],[],['Measles']
20,Luwero,[],['Malaria'],[],['Measles']
20,Ibanda,[],['Malaria'],[],[]
20,Bukomansimbi,[],['Malaria'],[],['Measles']
20,Hoima City,[],['Malaria'],[],['Measles']
20,Buhweju,[],['Malaria'],[],[]
20,Rwampara,[],['Malaria'],[],[]
20,Mubende,[],['Malaria'],[],['Measles']
20,Kyotera,[],['Malaria'],[],['Measles']
20,Butaleja,[],['Malaria'],[],['Measles']
20,Kamwenge,[],['Malaria'],[],[]
20,Namayingo,[],['Malaria'],[],[]
20,Kyankwanzi,[],['Malaria'],[],['Measles']
20,Kassanda,[],['Malaria'],[],['Measles']
20,Kalungu,[],['Malaria'],[],['Measles']
20,Rakai,[],['Malaria'],[],['Measles']
20,Bududa,[],['Malaria'],[],[]
20,Namisindwa,[],['Malaria'],[],[]
20,Kakumiro,[],['Malaria'],[],['Measles']
20,Iganga,[],['Malaria'],[],['Measles']
20,Kasese,[],['Malaria'],[],['Measles']
20,Koboko,[],['Malaria'],[],[]
20,Kamuli,['Yellow Fever'],['Malaria'],[],['Measles']
20,Rukungiri,[],['Malaria'],[],['Measles']
20,0,[],[],[],[]
20,Namutumba,[],['Malaria'],[],['Measles']
20,Butambala,[],['Malaria'],[],['Measles']
20,Rukiga,[],['Malaria'],[],[]
20,Hoima,[],['Malaria'],[],[]
20,Kalangala,[],['Malaria'],[],[]
20,Sironko,[],['Malaria'],[],[]
20,Jinja,[],['Malaria'],[],['Measles']
20,Bundibugyo,[],"['Lymphatic Filariasis', 'Malaria']",[],[]
20,Manafwa,[],['Malaria'],[],[]
20,Budaka,[],['Malaria'],[],['Measles']
20,Buvuma,[],['Malaria'],[],[]
20,Luuka,[],['Malaria'],[],['Measles']
20,Kaliro,[],['Malaria'],[],['Measles']
20,Mbale,[],['Malaria'],[],[]
20,Isingiro,[],['Malaria'],['Measles'],[]
20,Sheema,[],[],[],[]
20,Kyenjojo,[],['Malaria'],[],[]
20,Rubirizi,[],['Malaria'],[],[]
20,Buyende,[],['Malaria'],[],['Measles']
20,Nabilatuk,[],[],['Malaria'],[]
20,Mitooma,[],['Malaria'],[],[]
20,Kabale,[],['Malaria'],[],[]
20,Kisoro,[],['Malaria'],[],[]
20,Masaka,[],['Malaria'],[],['Measles']
20,Gomba,[],['Malaria'],[],[]
20,Fort Portal City,[],['Malaria'],[],[]
20,Bunyangabu,[],['Malaria'],[],[]
20,Sembabule,[],['Malaria'],[],[]
20,Butebo,[],['Malaria'],[],[]
20,Ntoroko,[],['Malaria'],[],[]
20,Kaabong,[],['Malaria'],[],[]
20,Karenga,[],['Malaria'],[],[]
20,Kiruhura,[],['Malaria'],[],[]
19,Namutumba,[],['Malaria'],[],['Measles']
19,Nabilatuk,[],[],[],['Measles']
19,Kaabong,[],['Malaria'],[],[]
19,Ntoroko,[],[],['Malaria'],[]
19,Butebo,[],['Malaria'],[],[]
19,Kiruhura,[],['Malaria'],[],[]
19,Ibanda,[],['Malaria'],[],[]
19,Buyende,[],"['Malaria', 'Maternal Death']",['Measles'],[]
19,Masaka,[],['Malaria'],[],[]
19,Fort Portal City,['Yellow Fever'],['Malaria'],[],[]
19,Gomba,[],['Malaria'],[],[]
19,Kisoro,[],['Malaria'],[],[]
19,Kabale,[],[],['Malaria'],[]
19,Sheema,[],[],['Malaria'],[]
19,Butaleja,[],['Malaria'],[],[]
19,Sembabule,['Yellow Fever'],['Malaria'],[],['Measles']
19,0,[],[],[],[]
19,Sironko,[],['Malaria'],[],[]
19,Butambala,[],['Malaria'],[],['Measles']
19,Buvuma,[],['Malaria'],[],[]
19,Rubanda,[],['Malaria'],[],[]
19,Kyenjojo,[],['Malaria'],[],['Measles']
19,Mbale,[],['Malaria'],[],['Measles']
19,Kaliro,[],['Malaria'],[],['Measles']
19,Luuka,[],['Malaria'],[],[]
19,Budaka,[],['Malaria'],[],[]
19,Rukiga,[],[],['Malaria'],[]
19,Manafwa,[],['Malaria'],[],['Measles']
19,Bundibugyo,[],['Malaria'],[],[]
19,Jinja,[],"['Malaria', 'Maternal Death']",[],[]
19,Kalangala,[],['Malaria'],[],[]
19,Hoima,[],['Malaria'],[],[]
19,Mitooma,[],['Malaria'],[],[]
19,Isingiro,[],['Malaria'],['Measles'],[]
19,Kikuube,[],['Malaria'],[],[]
19,Amuru,[],['Malaria'],[],['Measles']
19,Rukungiri,[],"['Malaria', 'Maternal Death']",[],[]
19,Luwero,[],"['Malaria', 'Maternal Death']",[],['Measles']
19,Buliisa,[],['Malaria'],[],['Measles']
19,Kasese,[],['Malaria'],[],['Measles']
19,Iganga,[],['Malaria'],[],['Measles']
19,Kakumiro,[],['Malaria'],[],[]
19,Namisindwa,[],['Malaria'],[],[]
19,Bududa,[],[],['Malaria'],[]
19,Kalungu,[],['Malaria'],[],['Measles']
19,Lwengo,[],"['Malaria', 'Measles']",[],[]
19,Kassanda,[],['Malaria'],[],['Measles']
19,Kyankwanzi,[],['Malaria'],[],['Measles']
19,Namayingo,[],['Malaria'],[],[]
19,Kamwenge,[],"['Malaria', 'Maternal Death']",[],['Measles']
19,Kamuli,[],['Malaria'],[],['Measles']
19,Kayunga,[],['Malaria'],['Measles'],[]
19,Karenga,[],['Malaria'],[],[]
19,Terego,[],['Malaria'],[],[]
19,Bukomansimbi,[],['Malaria'],[],['Measles']
19,Rakai,[],['Malaria'],[],['Measles']
19,Mayuge,[],['Malaria'],[],['Measles']
19,Bushenyi,[],[],['Malaria'],[]
19,Bulambuli,[],['Malaria'],[],['Measles']
19,Kween,[],['Malaria'],[],[]
19,Kazo,[],['Malaria'],[],['Measles']
19,Mityana,[],['Malaria'],[],['Measles']
19,Masaka City,[],['Malaria'],[],['Measles']
19,Kiryandongo,[],['Malaria'],['Measles'],[]
19,Mbarara City,[],['Maternal Death'],['Malaria'],['Measles']
19,Hoima City,[],['Malaria'],[],[]
19,Kyegegwa,[],['Malaria'],[],[]
19,Mbarara,[],['Malaria'],[],[]
19,Gulu,[],['Malaria'],[],[]
19,Bunyangabu,[],[],[],[]
19,Mubende,['Plague'],['Malaria'],[],['Measles']
19,Koboko,[],['Malaria'],[],[]
19,Rwampara,[],['Malaria'],[],[]
19,Kumi,[],['Malaria'],[],[]
19,Kapchorwa,[],[],['Malaria'],['Measles']
19,Buikwe,[],"['Malaria', 'Maternal Death']",[],[]
19,Tororo,['Yellow Fever'],['Malaria'],[],[]
19,Nakapiripirit,[],['Malaria'],[],['Measles']
19,Pakwach,[],['Malaria'],[],[]
19,Kibaale,[],['Malaria'],[],['Measles']
19,Mpigi,[],['Malaria'],[],['Measles']
19,Bugweri,[],['Malaria'],[],[]
19,Nakasongola,[],['Malaria'],[],['Measles']
19,Bugiri,[],"['Malaria', 'Measles']",[],[]
19,Lyantonde,[],['Malaria'],[],[]
19,Kibuku,[],['Malaria'],[],['Measles']
19,Masindi,[],['Malaria'],[],[]
19,Obongi,[],[],[],['Measles']
19,Nwoya,[],['Malaria'],[],[]
19,Jinja City,[],"['Malaria', 'Maternal Death']",[],[]
19,Omoro,[],['Malaria'],[],[]
19,Ntungamo,[],['Malaria'],[],[]
19,Bukedea,[],['Malaria'],[],[]
19,Nebbi,[],['Malaria'],[],[]
19,Bukwo,[],[],['Malaria'],[]
19,Maracha,[],[],['Malaria'],[]
19,Arua,[],['Malaria'],[],[]
19,Pallisa,[],['Malaria'],[],[]
19,Ngora,[],['Malaria'],[],[]
19,Lamwo,[],['Malaria'],[],[]
19,Soroti,[],['Malaria'],[],[]
19,Otuke,[],['Malaria'],[],[]
19,Kiboga,[],['Malaria'],[],['Measles']
19,Apac,[],['Malaria'],[],[]
19,Kapelebyong,[],['Malaria'],[],[]
19,Amolatar,[],['Malaria'],[],[]
19,Moroto,[],[],['Malaria'],[]
19,Nakaseke,[],['Malaria'],[],['Measles']
19,Madi-Okollo,[],['Malaria'],[],[]
19,Kitgum,[],['Malaria'],[],[]
19,Alebtong,[],['Malaria'],[],[]
19,Buhweju,[],['Malaria'],[],[]
19,Kole,[],['Malaria'],[],[]
19,Soroti City,[],['Malaria'],[],[]
19,Yumbe,[],['Malaria'],[],[]
19,Kaberamaido,[],['Malaria'],[],[]
19,Abim,[],['Malaria'],[],[]
19,Agago,[],['Malaria'],[],[]
19,Amudat,['Yellow Fever'],[],['Malaria'],[]
19,Kagadi,[],['Malaria'],[],[]
19,Mukono,[],['Malaria'],[],['Measles']
19,Amuria,[],['Malaria'],[],[]
19,Oyam,[],['Malaria'],[],[]
19,Dokolo,[],['Malaria'],[],[]
19,Kalaki,[],['Malaria'],[],[]
19,Lira,[],['Malaria'],[],['Measles']
19,Serere,[],['Malaria'],[],[]
19,Napak,[],['Malaria'],[],[]
19,Arua City,[],['Malaria'],[],[]
19,Kwania,[],['Malaria'],[],[]
19,Kitagwenda,[],['Malaria'],[],[]
19,Mbale City,[],"['Malaria', 'Maternal Death']",[],[]
19,Katakwi,[],['Malaria'],[],[]
19,Lira City,[],['Malaria'],[],[]
19,Gulu City,[],['Malaria'],[],[]
19,Kampala,"['Acute Flaccid Paralysis', 'Plague']","['Malaria', 'Maternal Death', 'Measles']",[],[]
19,Pader,[],['Malaria'],[],[]
19,Zombo,[],['Malaria'],[],[]
19,Kotido,['Acute Flaccid Paralysis'],['Malaria'],[],[]
19,Adjumani,[],"['Malaria', 'Onchocerciasis']",[],[]
19,Moyo,[],['Malaria'],[],[]
19,Kabarole,[],['Malaria'],[],[]
19,Rubirizi,[],['Malaria'],[],[]
19,Kyotera,[],['Malaria'],[],['Measles']
19,Kanungu,[],['Malaria'],[],[]
19,Busia,[],['Malaria'],[],['Measles']
19,Wakiso,[],['Malaria'],['Measles'],[]
18,Buyende,[],"['Malaria', 'Measles']",[],[]
18,Nabilatuk,[],[],[],[]
18,0,[],[],[],[]
18,Ntoroko,[],[],['Malaria'],[]
18,Butebo,[],['Malaria'],[],[]
18,Kiruhura,[],['Malaria'],[],[]
18,Sembabule,[],['Malaria'],[],[]
18,Butambala,['Measles'],['Malaria'],[],[]
18,Fort Portal City,[],['Malaria'],[],[]
18,Gomba,[],['Malaria'],[],['Measles']
18,Masaka,[],['Malaria'],[],[]
18,Kisoro,[],['Malaria'],[],[]
18,Kabale,[],['Malaria'],[],[]
18,Sheema,[],[],['Malaria'],[]
18,Namutumba,[],['Malaria'],[],['Measles']
18,Terego,[],[],['Malaria'],[]
18,Buvuma,[],['Malaria'],[],['Measles']
18,Mbale,[],['Malaria'],[],[]
18,Kikuube,[],['Malaria'],[],[]
18,Kyenjojo,[],['Malaria'],[],[]
18,Kaabong,[],['Malaria'],[],[]
18,Kaliro,[],['Malaria'],[],['Measles']
18,Luuka,[],['Malaria'],[],[]
18,Budaka,[],['Malaria'],[],[]
18,Rukiga,[],[],[],[]
18,Manafwa,[],['Malaria'],[],[]
18,Bundibugyo,[],['Malaria'],[],[]
18,Jinja,['Acute Flaccid Paralysis'],['Malaria'],[],['Measles']
18,Sironko,[],['Malaria'],[],[]
18,Kalangala,[],['Malaria'],[],[]
18,Hoima,[],['Malaria'],[],[]
18,Mitooma,[],['Malaria'],[],[]
18,Isingiro,[],['Malaria'],[],['Measles']
18,Butaleja,[],['Malaria'],[],['Measles']
18,Rukungiri,[],['Malaria'],[],[]
18,Ibanda,[],['Malaria'],[],[]
18,Amuru,[],['Malaria'],[],[]
18,Bukomansimbi,[],['Malaria'],[],['Measles']
18,Buhweju,[],['Malaria'],[],[]
18,Kasese,['Yellow Fever'],['Malaria'],[],['Measles']
18,Iganga,[],['Malaria'],[],['Measles']
18,Kakumiro,[],"['Malaria', 'Maternal Death']",[],[]
18,Namisindwa,[],['Malaria'],[],[]
18,Bududa,[],['Malaria'],[],[]
18,Rakai,[],['Malaria'],[],['Measles']
18,Kassanda,['Yellow Fever'],['Malaria'],[],['Measles']
18,Mayuge,[],['Malaria'],[],['Measles']
18,Kyankwanzi,[],['Malaria'],[],['Measles']
18,Namayingo,[],['Malaria'],[],['Measles']
18,Kamwenge,[],['Malaria'],[],['Measles']
18,Kamuli,[],['Malaria'],[],['Measles']
18,Kayunga,[],"['Malaria', 'Maternal Death', 'Measles']",[],[]
18,Lwengo,[],['Malaria'],[],['Measles']
18,Rubanda,[],['Malaria'],[],[]
18,Kalungu,[],['Malaria'],[],['Measles']
18,Hoima City,['Acute Flaccid Paralysis'],"['Malaria', 'Maternal Death']",[],[]
18,Koboko,[],['Malaria'],[],[]
18,Kiryandongo,[],['Malaria'],[],['Measles']
18,Buliisa,[],['Malaria'],[],['Measles']
18,Bulambuli,[],['Malaria'],[],[]
18,Kween,[],['Malaria'],[],[]
18,Kazo,[],['Malaria'],[],[]
18,Mityana,[],"['Malaria', 'Maternal Death']",[],['Measles']
18,Masaka City,[],"['Malaria', 'Maternal Death']",[],['Measles']
18,Bushenyi,[],[],[],[]
18,Luwero,[],"['Malaria', 'Maternal Death']",['Measles'],[]
18,Mbarara City,[],[],['Malaria'],[]
18,Kyegegwa,[],['Malaria'],[],['Measles']
18,Mbarara,[],['Malaria'],[],[]
18,Gulu,[],['Malaria'],[],[]
18,Bunyangabu,[],['Malaria'],[],[]
18,Mubende,[],['Malaria'],[],['Measles']
18,Rwampara,[],['Malaria'],[],[]
18,Kapchorwa,[],[],['Malaria'],[]
18,Karenga,[],['Malaria'],[],[]
18,Madi-Okollo,[],['Malaria'],[],[]
18,Bugweri,[],['Malaria'],[],[]
18,Ntungamo,[],['Malaria'],[],[]
18,Bukwo,[],['Malaria'],[],[]
18,Nakapiripirit,[],['Malaria'],[],['Measles']
18,Pakwach,[],['Malaria'],[],[]
18,Kibaale,[],['Malaria'],[],['Measles']
18,Mpigi,[],['Malaria'],[],['Measles']
18,Nakasongola,[],['Malaria'],[],['Measles']
18,Jinja City,[],"['Malaria', 'Maternal Death']",[],[]
18,Bugiri,[],['Malaria'],[],['Measles']
18,Lyantonde,[],['Malaria'],[],[]
18,Kibuku,[],['Malaria'],[],[]
18,Masindi,[],['Malaria'],[],['Measles']
18,Obongi,[],[],[],[]
18,Nwoya,[],['Malaria'],[],[]
18,Bukedea,[],['Malaria'],[],[]
18,Otuke,[],['Malaria'],[],[]
18,Nebbi,[],"['Malaria', 'Schistosomiasis']",[],[]
18,Nakaseke,[],['Malaria'],[],['Measles']
18,Napak,[],['Malaria'],[],[]
18,Tororo,[],['Malaria'],[],[]
18,Kitgum,[],['Malaria'],[],[]
18,Maracha,[],['Malaria'],[],[]
18,Arua,[],[],['Malaria'],[]
18,Pallisa,[],['Malaria'],[],[]
18,Ngora,[],['Malaria'],[],[]
18,Lamwo,[],['Malaria'],[],[]
18,Soroti,[],['Malaria'],[],['Measles']
18,Kumi,[],['Malaria'],[],[]
18,Kiboga,[],['Malaria'],[],['Measles']
18,Apac,[],['Malaria'],[],[]
18,Kapelebyong,[],['Malaria'],[],[]
18,Amolatar,[],['Malaria'],[],[]
18,Moroto,[],['Malaria'],[],[]
18,Omoro,[],['Malaria'],[],[]
18,Buikwe,[],"['Malaria', 'Maternal Death']",[],['Measles']
18,Busia,[],['Malaria'],[],['Measles']
18,Soroti City,[],"['Malaria', 'Maternal Death']",[],[]
18,Kwania,[],['Malaria'],[],[]
18,Yumbe,[],['Malaria'],[],[]
18,Kaberamaido,[],['Malaria'],[],[]
18,Abim,[],['Malaria'],[],[]
18,Agago,[],['Malaria'],[],[]
18,Amudat,[],[],['Malaria'],[]
18,Kagadi,[],['Malaria'],[],[]
18,Kitagwenda,[],['Malaria'],[],[]
18,Serere,[],['Malaria'],[],[]
18,Amuria,[],['Malaria'],[],[]
18,Oyam,[],['Malaria'],[],[]
18,Dokolo,[],['Malaria'],[],[]
18,Kalaki,[],['Malaria'],[],[]
18,Lira,[],['Malaria'],[],[]
18,Kole,[],['Malaria'],[],[]
18,Mukono,[],['Malaria'],[],['Measles']
18,Alebtong,[],['Malaria'],[],[]
18,Mbale City,[],"['Malaria', 'Maternal Death']",[],['Measles']
18,Adjumani,[],['Malaria'],[],['Measles']
18,Wakiso,[],['Malaria'],['Measles'],[]
18,Arua City,['Acute Flaccid Paralysis'],"['Malaria', 'Maternal Death']",[],[]
18,Kabarole,[],"['Lymphatic Filariasis', 'Malaria']",[],[]
18,Gulu City,[],"['Malaria', 'Maternal Death']",[],[]
18,Kampala,['Plague'],"['Malaria', 'Maternal Death', 'Measles']",[],[]
18,Pader,[],['Malaria'],[],[]
18,Zombo,[],['Malaria'],[],[]
18,Lira City,[],['Malaria'],[],[]
18,Kotido,[],[],['Malaria'],[]
18,Moyo,[],['Malaria'],[],[]
18,Rubirizi,[],['Malaria'],[],[]
18,Kyotera,[],['Malaria'],[],['Measles']
18,Kanungu,[],['Malaria'],[],['Measles']
18,Katakwi,[],['Malaria'],[],[]
17,Zombo,[],"['Malaria', 'Maternal Death']",[],[]
17,Alebtong,[],['Malaria'],[],[]
17,Kampala,['Plague'],"['Malaria', 'Maternal Death', 'Measles']",[],[]
17,Moyo,[],[],['Malaria'],[]
17,Katakwi,[],['Malaria'],[],[]
17,Kotido,[],[],['Malaria'],[]
17,Soroti City,[],['Malaria'],[],[]
17,Adjumani,['Acute Flaccid Paralysis'],['Malaria'],[],[]
17,Serere,[],['Malaria'],[],['Measles']
17,Pader,[],['Malaria'],[],[]
17,Gulu City,[],['Malaria'],[],[]
17,Kabarole,[],['Malaria'],[],[]
17,Arua City,[],"['Malaria', 'Maternal Death']",[],[]
17,Lira City,[],"['Malaria', 'Maternal Death']",[],[]
17,Mbale City,[],"['Malaria', 'Maternal Death']",[],['Measles']
17,Kalaki,[],"['Malaria', 'Maternal Death']",[],[]
17,Lira,[],['Malaria'],[],['Measles']
17,Agago,[],['Malaria'],[],[]
17,Omoro,[],['Malaria'],[],[]
17,Tororo,[],['Malaria'],[],[]
17,Otuke,[],['Malaria'],[],[]
17,Amuru,[],['Malaria'],[],[]
17,Terego,[],['Malaria'],[],[]
17,Dokolo,[],['Malaria'],[],[]
17,Oyam,[],['Malaria'],[],[]
17,Amuria,[],['Malaria'],[],[]
17,Kitagwenda,[],['Malaria'],[],[]
17,Kwania,[],['Malaria'],[],[]
17,Kagadi,[],['Malaria'],[],[]
17,Amudat,[],[],['Malaria'],[]
17,Abim,[],['Malaria'],[],[]
17,Kaberamaido,[],['Malaria'],[],[]
17,Yumbe,[],"['Malaria', 'Schistosomiasis']",[],[]
17,Kole,[],['Malaria'],[],[]
17,Nebbi,[],['Malaria'],[],[]
17,Mukono,[],['Malaria'],[],['Measles']
17,Bunyangabu,[],['Malaria'],[],[]
17,Nakaseke,[],['Malaria'],[],['Measles']
17,Moroto,[],[],['Malaria'],[]
17,Ngora,['Acute Flaccid Paralysis'],['Malaria'],[],[]
17,Kapelebyong,[],['Malaria'],[],[]
17,Apac,[],['Malaria'],[],['Measles']
17,Kiboga,[],"['Malaria', 'Maternal Death']",[],['Measles']
17,Kumi,[],['Malaria'],[],[]
17,Soroti,[],['Malaria'],[],['Measles']
17,Lamwo,[],['Malaria'],[],[]
17,Pallisa,[],['Malaria'],[],[]
17,Jinja City,[],"['Malaria', 'Maternal Death']",[],[]
17,Arua,[],['Malaria'],[],[]
17,Maracha,[],[],['Malaria'],[]
17,Kitgum,[],"['Cholera', 'Malaria', 'Maternal Death']",[],['Measles']
17,Madi-Okollo,[],['Malaria'],[],[]
17,Bukedea,[],['Malaria'],[],['Measles']
17,Buikwe,[],['Malaria'],[],['Measles']
17,Amolatar,['Plague'],['Malaria'],[],[]
17,Nwoya,[],['Malaria'],[],[]
17,Masindi,[],['Malaria'],[],[]
17,Mpigi,[],['Malaria'],[],['Measles']
17,Kibaale,[],['Malaria'],[],[]
17,Kibuku,[],['Malaria'],[],['Measles']
17,Lyantonde,[],['Malaria'],[],[]
17,Bugiri,['Acute Flaccid Paralysis'],"['Malaria', 'Measles']",[],[]
17,Nakasongola,[],['Malaria'],[],['Measles']
17,Bugweri,[],['Malaria'],[],[]
17,Pakwach,[],['Malaria'],[],[]
17,Kapchorwa,['Yellow Fever'],['Malaria'],[],[]
17,Obongi,[],[],[],[]
17,Nakapiripirit,[],['Malaria'],[],[]
17,Bukwo,[],[],['Malaria'],[]
17,Ntungamo,[],['Malaria'],[],[]
17,Napak,[],['Malaria'],[],[]
17,Busia,[],['Malaria'],[],['Measles']
17,Mubende,[],"['Malaria', 'Maternal Death']",[],['Measles']
17,Wakiso,[],['Malaria'],['Measles'],[]
17,Rwampara,[],['Malaria'],[],[]
17,Bukomansimbi,[],['Malaria'],[],['Measles']
17,Lwengo,[],"['Malaria', 'Measles']",[],[]
17,Mayuge,[],['Malaria'],[],['Measles']
17,Masaka City,[],['Malaria'],[],['Measles']
17,Gulu,[],['Malaria'],[],[]
17,Mbarara,[],['Malaria'],[],[]
17,Kyegegwa,[],['Malaria'],[],['Measles']
17,Mbarara City,[],[],['Malaria'],[]
17,Bushenyi,[],[],[],[]
17,Kiryandongo,[],"['Malaria', 'Measles']",[],[]
17,Mityana,[],['Malaria'],[],['Measles']
17,Hoima City,[],['Malaria'],[],['Measles']
17,Kazo,['Acute Flaccid Paralysis'],['Malaria'],[],[]
17,Kween,[],['Malaria'],[],[]
17,Bulambuli,[],"['Malaria', 'Maternal Death']",[],['Measles']
17,Buliisa,[],"['Malaria', 'Maternal Death']",[],['Measles']
17,Rubanda,[],[],['Malaria'],[]
17,Buhweju,[],['Malaria'],[],[]
17,Koboko,[],['Malaria'],[],[]
17,Kasese,[],['Malaria'],['Measles'],[]
17,Kyenjojo,[],['Malaria'],[],[]
17,Kanungu,[],['Malaria'],[],[]
17,Kyotera,[],['Malaria'],[],[]
17,Rukungiri,[],['Malaria'],[],['Measles']
17,Kamuli,[],['Malaria'],[],['Measles']
17,Kamwenge,[],['Malaria'],[],[]
17,Namayingo,[],['Malaria'],[],['Measles']
17,Kyankwanzi,[],['Malaria'],['Measles'],[]
17,Kassanda,[],['Malaria'],[],['Measles']
17,Kalungu,[],['Malaria'],[],[]
17,Rakai,[],['Malaria'],[],[]
17,Bududa,[],[],['Malaria'],['Measles']
17,Namisindwa,[],['Malaria'],[],[]
17,Kakumiro,['Yellow Fever'],['Malaria'],[],['Measles']
17,Iganga,[],"['Malaria', 'Maternal Death']",['Measles'],[]
17,Luwero,[],"['Malaria', 'Maternal Death']",['Measles'],[]
17,Kayunga,[],"['Malaria', 'Measles']",[],[]
17,Ibanda,[],['Malaria'],[],[]
17,0,[],[],[],[]
17,Butambala,[],['Malaria'],['Measles'],[]
17,Buvuma,[],['Malaria'],[],['Measles']
17,Manafwa,[],['Malaria'],[],[]
17,Mitooma,[],['Malaria'],[],[]
17,Hoima,[],['Malaria'],[],[]
17,Kalangala,[],['Malaria'],[],[]
17,Sironko,[],['Malaria'],[],[]
17,Jinja,[],['Malaria'],[],['Measles']
17,Bundibugyo,[],['Malaria'],[],[]
17,Rukiga,[],['Malaria'],[],[]
17,Kikuube,[],['Malaria'],[],[]
17,Budaka,[],['Malaria'],[],[]
17,Luuka,[],['Malaria'],[],[]
17,Kaliro,[],['Malaria'],[],[]
17,Butaleja,[],['Malaria'],[],[]
17,Namutumba,[],['Malaria'],[],['Measles']
17,Mbale,[],['Malaria'],[],[]
17,Nabilatuk,[],[],[],[]
17,Fort Portal City,[],['Malaria'],[],['Measles']
17,Karenga,[],['Malaria'],[],[]
17,Isingiro,[],['Malaria'],[],['Measles']
17,Sheema,[],[],[],[]
17,Kabale,[],['Malaria'],[],[]
17,Kisoro,[],"['Malaria', 'Maternal Death']",[],[]
17,Masaka,[],['Malaria'],[],[]
17,Gomba,[],['Malaria'],[],['Measles']
17,Rubirizi,[],['Malaria'],[],[]
17,Buyende,[],['Malaria'],[],['Measles']
17,Kiruhura,[],['Malaria'],[],[]
17,Butebo,[],"['Malaria', 'Maternal Death']",[],[]
17,Ntoroko,[],['Malaria'],[],[]
17,Kaabong,[],['Malaria'],[],[]
17,Sembabule,[],['Malaria'],[],['Measles']
16,Katakwi,[],['Malaria'],[],[]
16,Serere,[],['Malaria'],[],[]
16,Mukono,[],['Malaria'],[],['Measles']
16,Zombo,[],['Malaria'],[],[]
16,Busia,[],['Malaria'],[],[]
16,Rubirizi,[],['Malaria'],[],['Measles']
16,Arua City,[],['Malaria'],[],[]
16,Moyo,[],['Malaria'],[],[]
16,Pader,[],['Malaria'],[],[]
16,Kotido,[],[],['Malaria'],[]
16,Adjumani,[],['Malaria'],[],[]
16,Soroti City,[],"['Malaria', 'Maternal Death']",[],[]
16,Kampala,['Measles'],"['Cholera', 'Malaria', 'Maternal Death']",[],[]
16,Gulu City,[],['Malaria'],[],[]
16,Kabarole,[],[],['Malaria'],[]
16,Tororo,[],['Malaria'],[],[]
16,Alebtong,[],['Malaria'],[],[]
16,Kagadi,[],['Malaria'],[],[]
16,Nebbi,[],['Malaria'],[],[]
16,Kole,[],['Malaria'],[],[]
16,Mbale City,[],"['Malaria', 'Maternal Death']",[],['Measles']
16,Kaabong,[],['Malaria'],[],[]
16,Kapchorwa,[],[],['Malaria'],[]
16,Otuke,[],['Malaria'],[],[]
16,Kalaki,[],['Malaria'],[],[]
16,Dokolo,[],['Malaria'],[],[]
16,Oyam,[],['Malaria'],[],[]
16,Amuria,[],['Malaria'],[],[]
16,Kitagwenda,[],['Malaria'],[],[]
16,Kwania,[],['Malaria'],[],[]
16,Amudat,[],['Malaria'],[],[]
16,Agago,[],['Malaria'],[],[]
16,Abim,[],['Malaria'],[],[]
16,Kaberamaido,[],['Malaria'],[],[]
16,Yumbe,[],['Malaria'],[],[]
16,Lira City,[],['Malaria'],[],[]
16,Bukedea,[],['Malaria'],[],[]
16,Omoro,[],['Malaria'],[],[]
16,Lira,[],['Malaria'],[],['Measles']
16,Buikwe,[],['Malaria'],[],[]
16,Ngora,[],['Malaria'],[],[]
16,Amolatar,[],['Malaria'],[],[]
16,Kyotera,[],['Malaria'],[],[]
16,Apac,[],['Malaria'],[],[]
16,Kiboga,[],"['Malaria', 'Maternal Death']",[],[]
16,Kumi,[],['Malaria'],[],[]
16,Soroti,[],['Malaria'],[],[]
16,Lamwo,[],['Malaria'],[],[]
16,Kapelebyong,[],['Malaria'],[],[]
16,Pallisa,[],['Malaria'],[],[]
16,Arua,[],[],['Malaria'],[]
16,Maracha,[],['Malaria'],[],[]
16,Kitgum,[],['Malaria'],[],[]
16,Madi-Okollo,[],['Malaria'],[],[]
16,Nakasongola,[],['Malaria'],[],['Measles']
16,Nwoya,[],['Malaria'],[],[]
16,Napak,['Acute Flaccid Paralysis'],['Malaria'],[],[]
16,Bugiri,['Acute Flaccid Paralysis'],"['Malaria', 'Measles']",[],[]
16,Nakaseke,[],['Malaria'],[],['Measles']
16,Mpigi,[],['Malaria'],[],['Measles']
16,Obongi,[],[],[],[]
16,Masindi,[],['Malaria'],[],[]
16,Kibuku,[],['Malaria'],[],[]
16,Lyantonde,[],['Malaria'],[],[]
16,Bugweri,[],['Malaria'],[],[]
16,Moroto,[],[],[],[]
16,Kibaale,[],['Malaria'],[],[]
16,Jinja City,[],['Malaria'],[],[]
16,Pakwach,[],['Malaria'],[],[]
16,Nakapiripirit,[],['Malaria'],[],['Measles']
16,Bukwo,[],['Malaria'],[],[]
16,Ntungamo,[],['Malaria'],[],[]
16,Amuru,[],['Malaria'],[],['Measles']
16,Mbale,[],['Malaria'],[],[]
16,Kaliro,[],['Malaria'],[],[]
16,Kasese,['Yellow Fever'],['Malaria'],[],['Measles']
16,Mayuge,[],['Malaria'],[],['Measles']
16,Hoima City,[],"['Malaria', 'Maternal Death']",[],['Measles']
16,Koboko,[],['Malaria'],[],[]
16,Bushenyi,['Anthrax'],['Maternal Death'],[],[]
16,Mubende,[],['Malaria'],[],['Measles']
16,Bunyangabu,[],['Malaria'],[],[]
16,Gulu,[],['Malaria'],[],[]
16,Mbarara,[],['Malaria'],[],[]
16,Kyegegwa,[],['Malaria'],[],[]
16,Mbarara City,[],[],[],[]
16,Kiryandongo,[],"['Malaria', 'Maternal Death']",[],['Measles']
16,Luwero,[],['Malaria'],[],['Measles']
16,Masaka City,[],"['Malaria', 'Maternal Death']",[],['Measles']
16,Mityana,[],['Malaria'],[],['Measles']
16,Kazo,['Anthrax'],['Malaria'],[],['Measles']
16,Buhweju,[],['Malaria'],[],[]
16,Iganga,[],['Malaria'],['Measles'],[]
16,Bulambuli,[],[],['Malaria'],[]
16,Kakumiro,[],"['Dengue Fever', 'Malaria']",[],[]
16,Nabilatuk,[],[],[],[]
16,0,[],[],[],[]
16,Wakiso,['Acute Flaccid Paralysis'],['Malaria'],[],['Measles']
16,Rubanda,[],['Malaria'],[],[]
16,Lwengo,[],['Malaria'],['Measles'],[]
16,Kayunga,['Measles'],['Malaria'],[],[]
16,Kamuli,[],"['Malaria', 'Maternal Death']",[],['Measles']
16,Kamwenge,[],['Malaria'],[],['Measles']
16,Namayingo,[],['Malaria'],[],[]
16,Kyankwanzi,[],['Malaria'],[],['Measles']
16,Kassanda,[],['Malaria'],[],['Measles']
16,Kalungu,[],['Malaria'],[],['Measles']
16,Rakai,[],[],['Malaria'],['Measles']
16,Bududa,[],[],['Malaria'],[]
16,Namisindwa,[],['Malaria'],[],[]
16,Kween,[],['Malaria'],[],[]
16,Luuka,[],['Malaria'],[],[]
16,Buliisa,[],['Malaria'],[],[]
16,Karenga,[],['Malaria'],[],[]
16,Buvuma,[],['Malaria'],[],['Measles']
16,Kikuube,[],['Malaria'],[],[]
16,Rwampara,[],['Malaria'],[],[]
16,Jinja,[],['Malaria'],[],['Measles']
16,Butaleja,[],[],['Malaria'],['Measles']
16,Isingiro,[],['Malaria'],[],['Measles']
16,Hoima,[],['Malaria'],[],[]
16,Kalangala,[],['Malaria'],[],[]
16,Sironko,[],['Malaria'],[],[]
16,Bundibugyo,[],['Malaria'],[],[]
16,Kyenjojo,['Yellow Fever'],['Malaria'],[],['Measles']
16,Manafwa,[],['Malaria'],[],['Measles']
16,Rukiga,[],[],['Malaria'],[]
16,Budaka,[],['Malaria'],[],[]
16,Bukomansimbi,[],['Malaria'],[],['Measles']
16,Kanungu,[],['Malaria'],[],[]
16,Mitooma,[],['Malaria'],[],[]
16,Ntoroko,[],['Malaria'],[],[]
16,Kisoro,[],['Malaria'],[],[]
16,Butebo,[],['Malaria'],[],['Measles']
16,Terego,[],['Malaria'],[],[]
16,Rukungiri,[],[],['Malaria'],[]
16,Butambala,[],['Malaria'],[],['Measles']
16,Namutumba,[],['Malaria'],[],[]
16,Kabale,[],[],['Malaria'],[]
16,Sheema,[],[],[],[]
16,Masaka,[],['Malaria'],[],[]
16,Ibanda,['Anthrax'],['Malaria'],[],[]
16,Gomba,[],['Malaria'],[],[]
16,Fort Portal City,[],[],['Malaria'],[]
16,Buyende,[],['Malaria'],[],['Measles']
16,Sembabule,[],['Malaria'],[],['Measles']
16,Kiruhura,[],['Malaria'],[],[]
15,Kabale,['Anthrax'],[],['Malaria'],[]
15,Nabilatuk,[],[],['Malaria'],[]
15,Wakiso,['Plague'],['Malaria'],['Measles'],[]
15,Karenga,[],['Malaria'],[],[]
15,Kaabong,['Yellow Fever'],['Malaria'],[],[]
15,Ntoroko,[],[],['Malaria'],[]
15,Kiruhura,[],['Malaria'],[],[]
15,Butaleja,[],['Malaria'],[],[]
15,Sembabule,[],['Malaria'],[],['Measles']
15,Buyende,[],['Malaria'],[],['Measles']
15,Fort Portal City,[],['Malaria'],[],[]
15,Gomba,[],['Malaria'],[],['Measles']
15,Masaka,[],['Malaria'],[],[]
15,Kisoro,[],['Malaria'],[],[]
15,Mitooma,[],[],['Malaria'],[]
15,Butebo,[],['Malaria'],[],['Measles']
15,0,[],[],[],[]
15,Kikuube,[],['Malaria'],[],[]
15,Sheema,[],[],[],[]
15,Namutumba,['Acute Flaccid Paralysis'],['Malaria'],[],['Measles']
15,Rukungiri,[],[],['Malaria'],[]
15,Rwampara,[],[],['Malaria'],[]
15,Kyenjojo,['Acute Flaccid Paralysis'],['Malaria'],[],[]
15,Mbale,[],['Malaria'],[],['Measles']
15,Kaliro,[],['Malaria'],[],['Measles']
15,Luuka,[],['Malaria'],[],['Measles']
15,Budaka,[],['Malaria'],[],[]
15,Rukiga,[],[],['Malaria'],[]
15,Manafwa,[],['Malaria'],[],[]
15,Bundibugyo,['Yellow Fever'],['Malaria'],[],[]
15,Jinja,[],['Malaria'],[],[]
15,Sironko,[],['Malaria'],[],['Measles']
15,Kalangala,[],['Malaria'],[],[]
15,Hoima,[],['Malaria'],[],[]
15,Butambala,[],['Malaria'],[],[]
15,Bunyangabu,[],['Malaria'],[],[]
15,Lwengo,[],"['Malaria', 'Measles']",[],[]
15,Hoima City,[],['Malaria'],[],['Measles']
15,Koboko,[],['Maternal Death'],['Malaria'],[]
15,Buhweju,[],['Malaria'],[],[]
15,Kasese,[],"['Malaria', 'Maternal Death']",[],['Measles']
15,Iganga,[],"['Malaria', 'Maternal Death', 'Measles']",[],[]
15,Kakumiro,[],['Malaria'],[],[]
15,Bududa,[],[],['Malaria'],[]
15,Kamuli,[],['Malaria'],[],['Measles']
15,Rakai,[],['Malaria'],[],[]
15,Kalungu,[],['Malaria'],[],['Measles']
15,Kassanda,[],['Malaria'],[],['Measles']
15,Kyankwanzi,[],['Malaria'],[],['Measles']
15,Namayingo,[],['Malaria'],[],[]
15,Kamwenge,[],['Malaria'],[],['Measles']
15,Kanungu,[],['Malaria'],[],[]
15,Kyotera,[],['Malaria'],[],['Measles']
15,Isingiro,[],['Malaria'],[],[]
15,Bukomansimbi,[],['Malaria'],[],['Measles']
15,Ibanda,[],['Malaria'],[],[]
15,Namisindwa,[],['Malaria'],[],[]
15,Masaka City,[],['Maternal Death'],['Malaria'],['Measles']
15,Luwero,[],['Malaria'],['Measles'],[]
15,Buliisa,[],['Malaria'],[],['Measles']
15,Bulambuli,[],['Malaria'],[],[]
15,Kween,[],['Malaria'],[],['Measles']
15,Kazo,[],['Malaria'],[],['Measles']
15,Mityana,[],"['Malaria', 'Maternal Death']",[],['Measles']
15,Kiryandongo,[],['Malaria'],[],['Measles']
15,Kayunga,[],"['Malaria', 'Maternal Death', 'Measles']",[],[]
15,Bushenyi,[],[],[],[]
15,Mbarara City,[],[],[],[]
15,Kyegegwa,[],['Malaria'],[],['Measles']
15,Mbarara,[],['Malaria'],[],[]
15,Gulu,[],['Malaria'],[],[]
15,Mayuge,[],['Malaria'],['Measles'],[]
15,Buvuma,[],['Malaria'],[],[]
15,Mubende,[],"['Malaria', 'Maternal Death']",[],['Measles']
15,Ngora,[],['Malaria'],[],[]
15,Nwoya,[],['Malaria'],[],[]
15,Kapchorwa,[],[],['Malaria'],[]
15,Napak,['Acute Flaccid Paralysis'],['Malaria'],[],[]
15,Ntungamo,[],['Malaria'],[],[]
15,Bukwo,[],[],['Malaria'],[]
15,Nakapiripirit,[],['Malaria'],[],[]
15,Pakwach,[],['Malaria'],[],[]
15,Kibaale,['Yellow Fever'],['Malaria'],[],['Measles']
15,Mpigi,[],['Malaria'],[],['Measles']
15,Bugweri,[],['Malaria'],[],[]
15,Nakasongola,[],['Malaria'],[],[]
15,Bugiri,['Acute Flaccid Paralysis'],['Malaria'],['Measles'],[]
15,Lyantonde,[],['Malaria'],[],[]
15,Kibuku,[],['Malaria'],[],['Measles']
15,Masindi,[],['Malaria'],[],[]
15,Moroto,[],[],['Malaria'],[]
15,Obongi,[],[],[],[]
15,Busia,[],"['Malaria', 'Maternal Death']",[],[]
15,Otuke,[],['Malaria'],[],['Measles']
15,Buikwe,[],['Malaria'],[],['Measles']
15,Rubanda,[],['Malaria'],[],[]
15,Bukedea,[],['Malaria'],[],['Measles']
15,Madi-Okollo,[],['Malaria'],[],[]
15,Kitgum,[],['Malaria'],[],[]
15,Maracha,[],[],[],[]
15,Arua,[],[],[],[]
15,Pallisa,[],"['Malaria', 'Maternal Death']",[],[]
15,Kumi,[],['Malaria'],[],[]
15,Lamwo,[],"['Cholera', 'Malaria']",[],[]
15,Soroti,['Acute Flaccid Paralysis'],['Malaria'],[],['Measles']
15,Jinja City,[],"['Malaria', 'Maternal Death']",[],[]
15,Kiboga,[],['Malaria'],[],['Measles']
15,Apac,[],['Malaria'],[],[]
15,Kapelebyong,[],[],['Malaria'],['Measles']
15,Amolatar,[],['Malaria'],[],[]
15,Moyo,[],[],['Malaria'],[]
15,Nakaseke,[],['Malaria'],[],['Measles']
15,Omoro,[],['Malaria'],[],[]
15,Lira,[],['Malaria'],[],['Measles']
15,Tororo,[],['Malaria'],[],[]
15,Nebbi,[],['Malaria'],[],[]
15,Kole,[],['Malaria'],[],[]
15,Yumbe,['Yellow Fever'],['Malaria'],[],[]
15,Kaberamaido,[],['Malaria'],[],['Measles']
15,Abim,[],['Malaria'],[],['Measles']
15,Amudat,[],['Malaria'],[],[]
15,Kalaki,[],['Malaria'],[],[]
15,Kagadi,[],['Malaria'],[],[]
15,Kwania,[],['Malaria'],[],[]
15,Kitagwenda,[],['Malaria'],[],[]
15,Amuria,[],['Malaria'],[],[]
15,Oyam,[],['Malaria'],[],[]
15,Dokolo,[],['Malaria'],[],[]
15,Mukono,[],['Malaria'],[],['Measles']
15,Agago,['Anthrax'],['Malaria'],[],[]
15,Terego,[],['Malaria'],[],[]
15,Alebtong,[],['Malaria'],[],[]
15,Pader,[],['Malaria'],[],[]
15,Serere,[],['Malaria'],[],[]
15,Mbale City,[],['Malaria'],[],[]
15,Lira City,[],"['Malaria', 'Maternal Death']",[],[]
15,Arua City,[],"['Malaria', 'Maternal Death']",[],[]
15,Kabarole,[],['Malaria'],[],[]
15,Gulu City,[],['Malaria'],[],[]
15,Kampala,"['Acute Flaccid Paralysis', 'Plague']","['Dengue Fever', 'Malaria', 'Maternal Death']",[],['Measles']
15,Soroti City,[],['Malaria'],[],[]
15,Zombo,[],['Malaria'],[],[]
15,Kotido,[],[],['Malaria'],[]
15,Katakwi,[],['Malaria'],[],[]
15,Amuru,[],['Malaria'],['Measles'],[]
15,Rubirizi,[],['Malaria'],[],[]
15,Adjumani,['Acute Flaccid Paralysis'],['Malaria'],[],[]
14,Adjumani,['Yellow Fever'],['Malaria'],[],[]
14,Wakiso,[],['Malaria'],['Measles'],[]
14,Kanungu,[],"['Malaria', 'Maternal Death']",[],[]
14,Kyotera,[],['Malaria'],[],['Measles']
14,Rubirizi,[],['Malaria'],[],[]
14,Moyo,[],[],['Malaria'],[]
14,Kole,[],['Malaria'],[],[]
14,Katakwi,[],['Malaria'],[],[]
14,Pader,[],['Malaria'],[],[]
14,Lira City,[],['Malaria'],[],[]
14,Zombo,[],['Malaria'],[],[]
14,Kampala,[],"['Malaria', 'Maternal Death', 'Measles']",[],[]
14,Gulu City,[],['Malaria'],[],['Measles']
14,Kabarole,[],['Malaria'],[],[]
14,Arua City,[],['Malaria'],[],[]
14,Mbale City,[],['Malaria'],[],['Measles']
14,Kotido,[],[],['Malaria'],[]
14,Kagadi,[],['Malaria'],[],[]
14,Soroti City,[],['Malaria'],[],[]
14,Mukono,['Yellow Fever'],['Malaria'],[],[]
14,Napak,[],['Malaria'],[],[]
14,Serere,[],['Malaria'],[],[]
14,Alebtong,[],['Malaria'],[],[]
14,Lira,[],"['Malaria', 'Measles']",[],[]
14,Kalaki,[],['Malaria'],[],[]
14,Dokolo,[],['Malaria'],[],[]
14,Oyam,[],"['Malaria', 'Maternal Death']",[],[]
14,Amuria,[],['Malaria'],[],[]
14,Kitagwenda,[],['Malaria'],[],[]
14,Kwania,[],['Malaria'],[],[]
14,Amudat,[],['Malaria'],[],[]
14,Agago,[],['Malaria'],[],[]
14,Abim,[],['Malaria'],[],[]
14,Kaberamaido,[],['Malaria'],[],[]
14,Yumbe,[],['Malaria'],[],[]
14,Tororo,[],"['Malaria', 'Maternal Death']",[],['Measles']
14,Karenga,[],[],[],[]
14,Omoro,[],['Malaria'],[],[]
14,Jinja City,[],['Malaria'],[],[]
14,Otuke,[],['Malaria'],[],[]
14,Nakaseke,[],['Malaria'],[],['Measles']
14,Moroto,[],['Maternal Death'],[],[]
14,Amolatar,[],['Malaria'],[],[]
14,Kapelebyong,[],[],['Malaria'],[]
14,Apac,[],['Malaria'],[],[]
14,Kumi,[],['Malaria'],[],[]
14,Kitgum,[],['Malaria'],[],[]
14,Soroti,[],['Malaria'],[],['Measles']
14,Lamwo,[],[],['Malaria'],[]
14,Ngora,[],"['Malaria', 'Maternal Death']",[],[]
14,Pallisa,[],['Malaria'],[],['Measles']
14,Arua,[],[],[],[]
14,Maracha,[],[],['Malaria'],[]
14,0,[],[],[],[]
14,Kiboga,[],['Malaria'],[],[]
14,Madi-Okollo,[],['Malaria'],[],['Measles']
14,Bukedea,[],['Malaria'],[],['Measles']
14,Nakasongola,[],"['Malaria', 'Maternal Death']",[],[]
14,Nwoya,[],['Malaria'],[],[]
14,Obongi,[],[],[],[]
14,Masindi,[],['Malaria'],[],[]
14,Kibuku,[],['Malaria'],['Measles'],[]
14,Lyantonde,[],['Malaria'],[],[]
14,Bugiri,[],['Malaria'],['Measles'],[]
14,Bugweri,[],['Malaria'],[],[]
14,Buikwe,[],['Malaria'],['Measles'],[]
14,Mpigi,[],['Malaria'],[],[]
14,Kibaale,[],['Malaria'],[],['Measles']
14,Pakwach,[],"['Malaria', 'Schistosomiasis']",[],[]
14,Nakapiripirit,[],['Malaria'],[],['Measles']
14,Bukwo,[],[],['Malaria'],[]
14,Ntungamo,[],['Malaria'],[],[]
14,Nebbi,[],['Malaria'],[],[]
14,Nabilatuk,[],[],['Malaria'],[]
14,Busia,[],['Malaria'],[],['Measles']
14,Hoima City,[],['Malaria'],[],[]
14,Mbarara City,[],['Malaria'],[],[]
14,Amuru,[],['Malaria'],[],['Measles']
14,Mubende,[],"['Malaria', 'Maternal Death']",['Measles'],[]
14,Bunyangabu,[],['Malaria'],[],[]
14,Gulu,[],['Malaria'],[],[]
14,Mbarara,[],['Malaria'],[],[]
14,Kyegegwa,[],['Malaria'],[],[]
14,Bushenyi,[],[],[],[]
14,Buliisa,[],['Malaria'],[],['Measles']
14,Kiryandongo,[],['Malaria'],[],['Measles']
14,Masaka City,[],['Malaria'],[],['Measles']
14,Mityana,[],['Malaria'],[],['Measles']
14,Kazo,['Anthrax'],['Malaria'],[],[]
14,Kween,[],[],['Malaria'],[]
14,Bulambuli,[],['Malaria'],[],['Measles']
14,Koboko,[],['Malaria'],[],[]
14,Kasese,[],['Malaria'],[],['Measles']
14,Rubanda,[],['Malaria'],[],[]
14,Iganga,[],['Malaria'],['Measles'],[]
14,Terego,[],['Malaria'],[],[]
14,Bukomansimbi,[],['Malaria'],[],['Measles']
14,Mayuge,[],['Malaria'],[],['Measles']
14,Lwengo,[],['Malaria'],[],['Measles']
14,Kayunga,[],"['Malaria', 'Measles']",[],[]
14,Kamuli,[],['Malaria'],[],['Measles']
14,Kamwenge,[],['Malaria'],[],['Measles']
14,Namayingo,[],['Malaria'],[],['Measles']
14,Kyankwanzi,[],['Malaria'],[],['Measles']
14,Kassanda,[],['Malaria'],[],['Measles']
14,Kalungu,[],['Malaria'],[],[]
14,Rakai,[],['Malaria'],['Measles'],[]
14,Bududa,[],[],['Malaria'],[]
14,Namisindwa,[],['Malaria'],[],[]
14,Kakumiro,[],['Malaria'],[],['Measles']
14,Buhweju,[],['Malaria'],[],[]
14,Luwero,[],"['Malaria', 'Maternal Death']",[],['Measles']
14,Kapchorwa,[],[],['Malaria'],[]
14,Rwampara,[],[],['Malaria'],[]
14,Sironko,[],['Malaria'],[],[]
14,Rukungiri,[],['Malaria'],[],[]
14,Butaleja,[],['Malaria'],[],[]
14,Isingiro,[],['Malaria'],[],[]
14,Mitooma,[],['Malaria'],[],[]
14,Hoima,[],['Malaria'],[],[]
14,Kalangala,[],['Malaria'],[],[]
14,Jinja,[],['Malaria'],[],['Measles']
14,Mbale,[],['Malaria'],[],['Measles']
14,Bundibugyo,[],['Malaria'],[],[]
14,Manafwa,[],['Malaria'],[],[]
14,Rukiga,[],[],['Malaria'],[]
14,Budaka,[],['Malaria'],[],[]
14,Luuka,[],['Malaria'],[],[]
14,Ibanda,[],['Malaria'],[],[]
14,Kyenjojo,[],['Malaria'],[],[]
14,Kaliro,[],['Malaria'],['Measles'],[]
14,Kikuube,[],['Malaria'],[],['Measles']
14,Gomba,[],['Malaria'],[],['Measles']
14,Kaabong,[],['Malaria'],[],[]
14,Butambala,[],['Malaria'],[],['Measles']
14,Namutumba,[],['Malaria'],[],['Measles']
14,Sheema,[],['Malaria'],[],['Measles']
14,Kabale,['Anthrax'],['Malaria'],[],[]
14,Kisoro,[],[],['Malaria'],[]
14,Masaka,[],['Malaria'],[],[]
14,Buvuma,[],['Malaria'],[],['Measles']
14,Fort Portal City,['Yellow Fever'],"['Malaria', 'Maternal Death']",[],[]
14,Sembabule,[],['Malaria'],[],['Measles']
14,Kiruhura,[],['Malaria'],[],[]
14,Butebo,[],['Malaria'],[],[]
14,Ntoroko,[],['Malaria'],[],[]
14,Buyende,[],['Malaria'],['Measles'],[]
13,Kaabong,[],['Malaria'],[],[]
13,Sheema,[],[],[],[]
13,Butebo,[],['Malaria'],[],[]
13,Kyotera,[],['Malaria'],[],['Measles']
13,0,[],[],[],[]
13,Nabilatuk,[],"['Malaria', 'Maternal Death']",[],[]
13,Masaka,[],['Malaria'],[],[]
13,Karenga,[],['Malaria'],[],[]
13,Kabale,[],[],['Malaria'],['Measles']
13,Ntoroko,[],['Malaria'],[],['Measles']
13,Kiruhura,[],['Malaria'],[],[]
13,Sembabule,[],['Malaria'],[],['Measles']
13,Buyende,[],['Malaria'],[],['Measles']
13,Fort Portal City,[],['Malaria'],[],[]
13,Gomba,[],['Malaria'],[],['Measles']
13,Butambala,[],['Malaria'],['Measles'],[]
13,Namutumba,[],['Malaria'],[],['Measles']
13,Budaka,[],['Malaria'],[],[]
13,Hoima,[],['Malaria'],[],[]
13,Kalangala,[],['Malaria'],[],['Measles']
13,Mubende,[],['Malaria'],[],['Measles']
13,Gulu,[],['Malaria'],[],[]
13,Mbarara,[],['Malaria'],[],[]
13,Buvuma,[],['Malaria'],[],[]
13,Kikuube,[],"['Malaria', 'Schistosomiasis']",[],[]
13,Rwampara,[],['Malaria'],[],[]
13,Kyenjojo,[],['Malaria'],[],[]
13,Mbale,[],['Malaria'],[],['Measles']
13,Kaliro,[],['Malaria'],[],['Measles']
13,Luuka,[],['Malaria'],[],['Measles']
13,Rukiga,[],[],['Malaria'],[]
13,Manafwa,[],['Malaria'],[],[]
13,Bundibugyo,[],"['Lymphatic Filariasis', 'Malaria']",[],[]
13,Jinja,[],['Malaria'],[],['Measles']
13,Sironko,[],['Malaria'],[],[]
13,Kisoro,[],['Malaria'],[],[]
13,Wakiso,[],['Malaria'],[],['Measles']
13,Isingiro,[],['Malaria'],[],[]
13,Butaleja,[],['Malaria'],[],['Measles']
13,Kakumiro,['Yellow Fever'],['Malaria'],[],['Measles']
13,Ibanda,['Anthrax'],"['Malaria', 'Maternal Death']",[],[]
13,Rubanda,[],[],['Malaria'],[]
13,Bukomansimbi,[],['Malaria'],[],['Measles']
13,Buhweju,[],['Malaria'],[],[]
13,Kasese,[],"['Malaria', 'Measles']",[],[]
13,Iganga,[],['Malaria'],[],['Measles']
13,Namisindwa,[],['Malaria'],[],[]
13,Kamwenge,[],['Malaria'],[],['Measles']
13,Bududa,[],[],['Malaria'],[]
13,Rakai,[],['Malaria'],[],['Measles']
13,Kalungu,[],['Malaria'],[],['Measles']
13,Kassanda,[],['Malaria'],[],['Measles']
13,Kyankwanzi,[],['Malaria'],[],['Measles']
13,Namayingo,[],['Malaria'],[],['Measles']
13,Rukungiri,[],"['Malaria', 'Maternal Death', 'Onchocerciasis']",[],[]
13,Kamuli,['Yellow Fever'],['Malaria'],[],['Measles']
13,Lwengo,[],['Malaria'],[],['Measles']
13,Bulambuli,[],['Malaria'],[],[]
13,Kween,[],"['Guinea Worm', 'Malaria']",[],['Measles']
13,Mayuge,[],['Malaria'],[],['Measles']
13,Hoima City,[],"['Malaria', 'Maternal Death']",[],['Measles']
13,Koboko,[],['Malaria'],[],[]
13,Luwero,[],"['Malaria', 'Maternal Death', 'Measles']",[],[]
13,Buliisa,[],['Malaria'],[],[]
13,Kazo,['Anthrax'],['Malaria'],[],['Measles']
13,Kyegegwa,[],['Malaria'],[],[]
13,Kayunga,[],"['Malaria', 'Maternal Death', 'Measles']",[],[]
13,Mityana,['Acute Flaccid Paralysis'],['Malaria'],[],['Measles']
13,Masaka City,[],"['Malaria', 'Maternal Death']",[],[]
13,Kiryandongo,[],['Malaria'],[],['Measles']
13,Bushenyi,['Anthrax'],"['Malaria', 'Maternal Death']",[],[]
13,Mbarara City,[],[],['Malaria'],[]
13,Bunyangabu,[],['Malaria'],[],['Measles']
13,Mitooma,[],['Malaria'],[],[]
13,Amuria,[],['Malaria'],[],[]
13,Apac,[],['Malaria'],[],[]
13,Masindi,[],['Malaria'],[],[]
13,Kibuku,[],"['Malaria', 'Maternal Death']",[],['Measles']
13,Bukwo,[],[],['Malaria'],[]
13,Amuru,[],['Malaria'],[],['Measles']
13,Terego,[],[],['Malaria'],[]
13,Kapchorwa,[],['Malaria'],[],['Measles']
13,Busia,[],['Malaria'],[],['Measles']
13,Napak,"['Acute Flaccid Paralysis', 'Yellow Fever']",['Malaria'],[],['Measles']
13,Ntungamo,[],['Malaria'],[],[]
13,Nakapiripirit,[],['Malaria'],[],['Measles']
13,Lyantonde,[],['Malaria'],[],[]
13,Pakwach,[],"['Malaria', 'Schistosomiasis']",[],[]
13,Kibaale,[],['Malaria'],[],['Measles']
13,Mpigi,[],['Malaria'],[],[]
13,Bugweri,[],['Malaria'],[],[]
13,Obongi,[],[],[],[]
13,Kiboga,[],['Malaria'],[],['Measles']
13,Bugiri,['Measles'],"['Malaria', 'Maternal Death']",[],[]
13,Kumi,[],['Malaria'],[],[]
13,Rubirizi,[],['Malaria'],[],[]
13,Moyo,[],[],[],[]
13,Amolatar,[],['Malaria'],[],[]
13,Nwoya,[],['Malaria'],[],[]
13,Jinja City,[],['Malaria'],[],[]
13,Buikwe,[],['Malaria'],[],['Measles']
13,Bukedea,[],['Malaria'],[],[]
13,Madi-Okollo,[],['Malaria'],[],[]
13,Kitgum,[],['Malaria'],[],[]
13,Maracha,[],[],['Malaria'],[]
13,Arua,[],['Maternal Death'],[],[]
13,Pallisa,[],['Malaria'],[],[]
13,Ngora,[],['Malaria'],[],[]
13,Lamwo,[],['Malaria'],[],[]
13,Soroti,[],['Malaria'],[],[]
13,Nakasongola,[],['Malaria'],[],['Measles']
13,Kitagwenda,[],['Malaria'],[],[]
13,Kapelebyong,[],['Malaria'],[],[]
13,Katakwi,[],['Malaria'],[],[]
13,Kalaki,[],['Malaria'],[],[]
13,Dokolo,[],"['Malaria', 'Maternal Death']",[],[]
13,Kaberamaido,['Acute Flaccid Paralysis'],['Malaria'],[],[]
13,Otuke,[],['Malaria'],[],[]
13,Omoro,[],['Malaria'],[],[]
13,Tororo,[],"['Malaria', 'Maternal Death']",[],[]
13,Kole,[],['Malaria'],[],[]
13,Yumbe,[],['Malaria'],[],[]
13,Abim,[],['Malaria'],[],[]
13,Oyam,[],['Malaria'],[],[]
13,Agago,[],['Malaria'],[],[]
13,Amudat,[],['Maternal Death'],['Malaria'],[]
13,Kagadi,[],['Malaria'],[],[]
13,Kwania,[],['Malaria'],[],[]
13,Moroto,[],"['Malaria', 'Maternal Death']",[],['Measles']
13,Lira,[],['Malaria'],[],['Measles']
13,Nebbi,[],['Malaria'],[],[]
13,Kotido,[],['Malaria'],[],[]
13,Lira City,[],['Malaria'],[],[]
13,Adjumani,[],"['Malaria', 'Onchocerciasis']",[],[]
13,Nakaseke,[],['Malaria'],['Measles'],[]
13,Alebtong,[],"['Malaria', 'Maternal Death']",[],[]
13,Serere,[],['Malaria'],[],[]
13,Mukono,[],['Malaria'],[],[]
13,Mbale City,[],['Malaria'],[],[]
13,Soroti City,[],"['Malaria', 'Maternal Death']",[],[]
13,Arua City,[],['Malaria'],[],['Measles']
13,Kanungu,[],['Malaria'],[],[]
13,Kabarole,[],[],['Malaria'],[]
13,Gulu City,['Acute Flaccid Paralysis'],['Malaria'],[],[]
13,Kampala,['Acute Flaccid Paralysis'],"['Cholera', 'Malaria', 'Maternal Death']",[],['Measles']
13,Pader,[],['Malaria'],[],[]
13,Zombo,[],['Malaria'],[],[]
12,Sembabule,[],['Malaria'],[],[]
12,Buyende,[],"['Malaria', 'Measles']",[],[]
12,Karenga,[],[],[],[]
12,Kaabong,[],[],['Malaria'],[]
12,Ntoroko,[],['Maternal Death'],['Malaria'],[]
12,Butebo,[],['Malaria'],[],['Measles']
12,Kiruhura,[],['Malaria'],[],[]
12,Namutumba,[],['Malaria'],[],['Measles']
12,Fort Portal City,[],"['Malaria', 'Maternal Death']",[],[]
12,Butambala,[],['Malaria'],[],['Measles']
12,Gomba,[],['Malaria'],[],[]
12,Masaka,[],['Malaria'],[],[]
12,Kisoro,[],['Malaria'],[],[]
12,Kabale,[],[],['Malaria'],[]
12,Sheema,[],[],['Malaria'],[]
12,Kikuube,[],['Malaria'],[],[]
12,Buvuma,[],['Malaria'],[],['Measles']
12,Mubende,[],"['Malaria', 'Maternal Death']",['Measles'],[]
12,Rwampara,[],['Malaria'],[],[]
12,Butaleja,[],['Malaria'],[],['Measles']
12,Ibanda,['Anthrax'],['Malaria'],[],[]
12,Kyenjojo,[],['Malaria'],[],['Measles']
12,Mbale,[],['Malaria'],[],[]
12,Kaliro,[],['Malaria'],[],['Measles']
12,Luuka,[],['Malaria'],[],['Measles']
12,Budaka,[],['Malaria'],[],[]
12,Rukiga,[],['Malaria'],[],[]
12,Manafwa,[],['Malaria'],[],['Measles']
12,Bundibugyo,[],['Malaria'],[],[]
12,Jinja,[],['Malaria'],[],['Measles']
12,Sironko,[],['Malaria'],[],[]
12,Kalangala,[],['Malaria'],[],[]
12,Hoima,[],[],['Malaria'],[]
12,Mitooma,[],[],['Malaria'],[]
12,Isingiro,[],['Malaria'],[],[]
12,Rukungiri,[],['Malaria'],[],[]
12,Koboko,[],[],['Malaria'],[]
12,Rubanda,[],['Malaria'],[],[]
12,Masaka City,[],['Malaria'],[],['Measles']
12,Kasese,[],"['Malaria', 'Maternal Death']",[],[]
12,Iganga,[],['Malaria'],['Measles'],[]
12,Kakumiro,[],['Malaria'],[],['Measles']
12,Namisindwa,[],['Malaria'],[],[]
12,Bududa,[],[],[],[]
12,Kalungu,[],"['Malaria', 'Maternal Death']",[],['Measles']
12,Lwengo,[],['Malaria'],[],['Measles']
12,Kassanda,[],['Malaria'],[],['Measles']
12,Kyankwanzi,[],['Malaria'],['Measles'],[]
12,Namayingo,[],['Malaria'],[],['Measles']
12,Kamwenge,[],['Malaria'],[],[]
12,Kamuli,[],['Malaria'],[],['Measles']
12,Kayunga,[],"['Malaria', 'Measles']",[],[]
12,Kanungu,[],['Malaria'],[],[]
12,Terego,[],['Malaria'],[],[]
12,Buhweju,[],['Malaria'],[],[]
12,Rakai,[],['Malaria'],[],[]
12,Bukomansimbi,[],['Malaria'],[],['Measles']
12,Kiryandongo,[],"['Cholera', 'Malaria']",[],['Measles']
12,Luwero,[],['Malaria'],[],['Measles']
12,Buliisa,[],"['Malaria', 'Maternal Death']",[],[]
12,Bulambuli,[],['Malaria'],[],[]
12,Kween,[],['Malaria'],[],[]
12,Kazo,[],['Malaria'],[],['Measles']
12,Mityana,[],"['Malaria', 'Maternal Death']",[],['Measles']
12,Hoima City,[],"['Malaria', 'Maternal Death']",[],['Measles']
12,Mayuge,[],['Malaria'],[],['Measles']
12,Bushenyi,[],['Malaria'],[],[]
12,Mbarara City,['Anthrax'],[],['Malaria'],[]
12,Kyegegwa,[],['Malaria'],[],[]
12,Mbarara,[],['Malaria'],[],[]
12,Gulu,[],['Malaria'],[],[]
12,Bunyangabu,[],['Malaria'],[],[]
12,Amuru,[],['Malaria'],['Measles'],[]
12,Kapchorwa,[],['Malaria'],[],[]
12,Wakiso,['Measles'],['Malaria'],[],[]
12,Moroto,[],['Maternal Death'],['Malaria'],[]
12,Nwoya,[],['Malaria'],[],[]
12,Kibaale,[],['Malaria'],[],[]
12,Busia,['Yellow Fever'],['Malaria'],['Measles'],[]
12,Napak,[],['Malaria'],[],['Measles']
12,Ntungamo,['Yellow Fever'],"['Malaria', 'Maternal Death']",[],[]
12,Bukwo,[],[],['Malaria'],[]
12,Nakapiripirit,[],['Malaria'],[],[]
12,Pakwach,[],"['Malaria', 'Schistosomiasis']",[],[]
12,Mpigi,[],['Malaria'],[],[]
12,Obongi,[],[],[],['Measles']
12,Bugweri,[],['Malaria'],[],[]
12,Nakasongola,[],['Malaria'],[],['Measles']
12,Bugiri,['Measles'],['Malaria'],[],[]
12,Lyantonde,[],['Malaria'],[],[]
12,Kibuku,[],"['Malaria', 'Maternal Death']",[],['Measles']
12,Buikwe,[],['Malaria'],[],['Measles']
12,Amolatar,[],['Malaria'],[],[]
12,Nakaseke,[],"['Malaria', 'Maternal Death']",[],['Measles']
12,Kapelebyong,[],['Malaria'],[],[]
12,Kalaki,[],['Malaria'],[],[]
12,Nabilatuk,[],['Malaria'],[],['Measles']
12,Otuke,[],['Malaria'],[],[]
12,Bukedea,[],['Malaria'],[],[]
12,Madi-Okollo,[],['Malaria'],[],['Measles']
12,Kitgum,[],['Malaria'],[],[]
12,Maracha,[],[],['Malaria'],[]
12,Arua,[],['Trachoma'],[],['Measles']
12,Pallisa,[],['Malaria'],[],['Measles']
12,Ngora,['Plague'],"['Malaria', 'Maternal Death']",[],[]
12,Lamwo,[],['Malaria'],[],[]
12,Soroti,[],['Malaria'],[],['Measles']
12,Kumi,[],['Malaria'],[],[]
12,Kiboga,[],['Malaria'],[],['Measles']
12,Apac,[],['Malaria'],[],[]
12,Masindi,[],['Malaria'],[],[]
12,Jinja City,[],['Malaria'],[],['Measles']
12,Omoro,[],['Malaria'],[],[]
12,Mukono,['Yellow Fever'],['Malaria'],[],['Measles']
12,Alebtong,[],['Malaria'],[],[]
12,Amudat,[],['Malaria'],[],['Measles']
12,Nebbi,[],"['Malaria', 'Maternal Death']",[],[]
12,Kole,[],['Malaria'],[],[]
12,Yumbe,[],['Malaria'],[],[]
12,Kaberamaido,[],['Malaria'],[],[]
12,Abim,[],['Malaria'],[],[]
12,Agago,[],['Malaria'],[],[]
12,Kagadi,[],['Malaria'],[],[]
12,Lira,[],['Malaria'],[],[]
12,Kwania,[],['Malaria'],[],[]
12,Kitagwenda,[],['Malaria'],[],[]
12,Amuria,[],['Malaria'],[],[]
12,Oyam,[],"['Malaria', 'Maternal Death']",[],[]
12,0,[],[],[],[]
12,Serere,[],"['Malaria', 'Maternal Death']",[],[]
12,Dokolo,[],['Malaria'],[],[]
12,Kyotera,[],['Malaria'],[],[]
12,Kampala,[],"['Malaria', 'Maternal Death']",['Measles'],[]
12,Rubirizi,['Anthrax'],['Malaria'],[],[]
12,Soroti City,[],['Malaria'],[],[]
12,Mbale City,['Acute Flaccid Paralysis'],"['Malaria', 'Measles']",[],[]
12,Lira City,[],"['Malaria', 'Maternal Death']",[],[]
12,Arua City,[],['Malaria'],[],['Measles']
12,Kabarole,[],['Malaria'],[],[]
12,Gulu City,['Acute Flaccid Paralysis'],"['Malaria', 'Maternal Death']",[],['Measles']
12,Tororo,[],['Malaria'],[],[]
12,Pader,[],['Malaria'],[],[]
12,Adjumani,[],['Malaria'],[],[]
12,Kotido,[],[],['Malaria'],[]
12,Katakwi,[],['Malaria'],[],[]
12,Moyo,[],[],[],[]
12,Zombo,[],['Malaria'],[],[]
11,Gomba,[],['Malaria'],[],[]
11,Kaabong,[],['Malaria'],[],[]
11,Ntoroko,[],['Maternal Death'],['Malaria'],[]
11,Butebo,[],['Malaria'],[],[]
11,Kiruhura,[],['Malaria'],[],[]
11,Sembabule,[],['Malaria'],[],[]
11,Ibanda,[],['Malaria'],[],[]
11,Buyende,[],['Malaria'],[],['Measles']
11,Kisoro,[],[],['Malaria'],[]
11,Buvuma,[],['Malaria'],[],[]
11,Masaka,[],['Malaria'],[],[]
11,Kabale,[],['Malaria'],[],[]
11,Sheema,[],[],['Malaria'],['Measles']
11,Namutumba,[],['Malaria'],[],['Measles']
11,Butambala,[],['Malaria'],[],[]
11,Kikuube,[],['Malaria'],[],[]
11,Fort Portal City,[],"['Malaria', 'Maternal Death']",[],[]
11,Kalangala,[],['Malaria'],[],['Measles']
11,Rwampara,[],['Malaria'],[],[]
11,Kyenjojo,[],"['Malaria', 'Maternal Death']",[],[]
11,Bukomansimbi,[],['Malaria'],[],['Measles']
11,Mbale,[],['Malaria'],[],[]
11,Kaliro,[],['Malaria'],[],['Measles']
11,Luuka,[],['Malaria'],[],[]
11,Budaka,[],['Malaria'],[],[]
11,Rukiga,[],[],['Malaria'],[]
11,Manafwa,[],['Malaria'],[],['Measles']
11,Bundibugyo,[],['Malaria'],[],[]
11,Jinja,[],['Malaria'],[],[]
11,Sironko,[],['Malaria'],[],[]
11,Hoima,[],['Malaria'],[],[]
11,Mitooma,[],['Malaria'],[],[]
11,Isingiro,[],['Malaria'],[],['Measles']
11,Butaleja,[],['Malaria'],[],['Measles']
11,Rukungiri,[],['Malaria'],[],[]
11,Rubanda,[],['Malaria'],[],[]
11,Karenga,[],[],['Malaria'],[]
11,Kiryandongo,[],"['Cholera', 'Malaria']",[],['Measles']
11,Buliisa,[],['Malaria'],[],['Measles']
11,Iganga,[],"['Malaria', 'Maternal Death']",[],['Measles']
11,Kakumiro,[],['Malaria'],[],['Measles']
11,Namisindwa,[],['Malaria'],[],[]
11,Bududa,[],[],['Malaria'],[]
11,Rakai,[],['Malaria'],[],[]
11,Kassanda,[],['Malaria'],[],['Measles']
11,Mayuge,[],['Malaria'],[],['Measles']
11,Kyankwanzi,[],['Malaria'],[],['Measles']
11,Namayingo,[],['Malaria'],[],['Measles']
11,Kamwenge,[],['Malaria'],[],['Measles']
11,Kamuli,[],"['Malaria', 'Maternal Death']",[],['Measles']
11,Kayunga,[],"['Malaria', 'Measles']",[],[]
11,Lwengo,[],['Malaria'],[],['Measles']
11,0,[],[],[],[]
11,Wakiso,[],"['Malaria', 'Measles']",[],[]
11,Kasese,[],['Malaria'],[],[]
11,Kalungu,[],['Malaria'],[],['Measles']
11,Buhweju,[],['Malaria'],[],[]
11,Koboko,[],['Malaria'],[],[]
11,Bulambuli,[],['Malaria'],[],['Measles']
11,Kween,[],['Malaria'],[],['Measles']
11,Kazo,[],['Malaria'],[],['Measles']
11,Mityana,[],['Malaria'],[],['Measles']
11,Masaka City,[],['Malaria'],[],['Measles']
11,Bushenyi,[],['Malaria'],[],[]
11,Mbarara City,[],['Malaria'],[],[]
11,Hoima City,[],"['Malaria', 'Maternal Death']",[],['Measles']
11,Kyegegwa,[],['Malaria'],[],[]
11,Mbarara,[],['Malaria'],[],[]
11,Gulu,[],['Malaria'],[],[]
11,Bunyangabu,[],['Malaria'],[],[]
11,Mubende,[],['Malaria'],['Measles'],[]
11,Luwero,[],"['Malaria', 'Maternal Death']",[],['Measles']
11,Amuru,[],['Malaria'],[],['Measles']
11,Terego,[],['Malaria'],[],[]
11,Kanungu,[],['Malaria'],[],['Measles']
11,Bukedea,[],['Malaria'],[],[]
11,Jinja City,[],['Malaria'],[],[]
11,Mpigi,[],['Malaria'],[],[]
11,Napak,[],['Malaria'],[],['Measles']
11,Ntungamo,[],['Malaria'],[],[]
11,Bukwo,[],['Malaria'],[],[]
11,Nakapiripirit,[],"['Malaria', 'Measles']",[],[]
11,Pakwach,[],['Schistosomiasis'],['Malaria'],[]
11,Kibaale,[],['Malaria'],[],['Measles']
11,Bugweri,[],['Malaria'],[],['Measles']
11,Nwoya,[],['Malaria'],[],[]
11,Nakasongola,[],['Malaria'],[],[]
11,Bugiri,[],"['Malaria', 'Measles']",[],[]
11,Lyantonde,[],['Malaria'],[],[]
11,Kibuku,[],['Malaria'],[],[]
11,Masindi,[],['Malaria'],[],[]
11,Buikwe,[],['Malaria'],[],['Measles']
11,Nakaseke,[],['Malaria'],[],['Measles']
11,Otuke,[],['Malaria'],[],[]
11,Moroto,['Yellow Fever'],[],[],[]
11,Nabilatuk,[],['Malaria'],[],['Measles']
11,Kapchorwa,[],['Malaria'],[],[]
11,Madi-Okollo,[],['Malaria'],['Measles'],[]
11,Kitgum,[],['Malaria'],[],[]
11,Maracha,[],['Maternal Death'],['Malaria'],[]
11,Arua,[],[],['Malaria'],[]
11,Pallisa,[],['Malaria'],[],['Measles']
11,Ngora,[],['Malaria'],[],[]
11,Lamwo,[],"['Cholera', 'Malaria']",[],[]
11,Soroti,['Acute Flaccid Paralysis'],['Malaria'],[],[]
11,Kumi,[],['Malaria'],[],[]
11,Kiboga,[],['Malaria'],[],['Measles']
11,Apac,[],['Malaria'],[],[]
11,Kapelebyong,[],['Malaria'],[],[]
11,Amolatar,[],['Malaria'],[],[]
11,Obongi,[],[],[],[]
11,Busia,[],['Malaria'],[],['Measles']
11,Omoro,[],['Malaria'],[],[]
11,Serere,[],['Malaria'],[],[]
11,Kagadi,[],['Malaria'],[],[]
11,Kole,[],['Malaria'],[],[]
11,Yumbe,[],['Malaria'],[],[]
11,Kaberamaido,[],['Malaria'],[],[]
11,Abim,[],['Malaria'],[],[]
11,Agago,[],['Malaria'],[],[]
11,Kwania,[],['Malaria'],[],[]
11,Alebtong,[],['Malaria'],[],[]
11,Kitagwenda,[],['Malaria'],[],[]
11,Amuria,[],['Malaria'],[],[]
11,Oyam,[],['Malaria'],[],[]
11,Dokolo,[],['Malaria'],[],[]
11,Kalaki,[],['Malaria'],[],[]
11,Lira,[],['Malaria'],[],[]
11,Tororo,[],['Malaria'],[],[]
11,Nebbi,[],[],['Malaria'],[]
11,Amudat,[],"['Malaria', 'Maternal Death']",[],[]
11,Soroti City,[],['Malaria'],[],[]
11,Zombo,[],['Malaria'],[],[]
11,Kyotera,[],['Malaria'],[],['Measles']
11,Mbale City,['Acute Flaccid Paralysis'],"['Malaria', 'Maternal Death']",[],['Measles']
11,Lira City,[],['Malaria'],[],[]
11,Arua City,[],['Malaria'],[],['Measles']
11,Kabarole,[],['Malaria'],[],[]
11,Kampala,['Acute Flaccid Paralysis'],"['Malaria', 'Measles']",[],[]
11,Gulu City,[],"['Malaria', 'Maternal Death']",[],[]
11,Mukono,[],['Malaria'],[],['Measles']
11,Pader,[],['Malaria'],[],[]
11,Adjumani,[],['Malaria'],[],['Measles']
11,Kotido,['Anthrax'],[],[],[]
11,Katakwi,[],['Malaria'],[],[]
11,Moyo,[],[],['Malaria'],[]
11,Rubirizi,[],['Malaria'],[],[]
10,Katakwi,[],['Malaria'],[],[]
10,Soroti City,[],"['Malaria', 'Maternal Death']",[],['Measles']
10,Adjumani,[],['Malaria'],[],[]
10,Kapchorwa,[],['Malaria'],[],[]
10,Kyotera,[],['Malaria'],[],['Measles']
10,Rubirizi,[],['Malaria'],[],[]
10,Moyo,[],['Malaria'],[],[]
10,Arua City,[],['Malaria'],[],['Measles']
10,Kotido,[],[],['Malaria'],[]
10,Zombo,[],[],['Malaria'],[]
10,Mbale City,[],['Malaria'],['Measles'],[]
10,Pader,[],['Malaria'],[],[]
10,Kampala,['Yellow Fever'],"['Malaria', 'Maternal Death', 'Measles']",[],[]
10,Gulu City,['Acute Flaccid Paralysis'],['Malaria'],[],['Measles']
10,Kabarole,[],['Malaria'],[],['Measles']
10,Serere,[],['Malaria'],[],[]
10,Mukono,[],['Malaria'],[],['Measles']
10,Terego,[],['Malaria'],[],[]
10,Nebbi,[],['Malaria'],[],[]
10,Kole,[],['Malaria'],[],['Measles']
10,Tororo,[],['Malaria'],[],[]
10,Omoro,[],['Malaria'],[],[]
10,Alebtong,[],['Malaria'],[],[]
10,Kalaki,[],['Malaria'],[],[]
10,Dokolo,[],['Malaria'],[],[]
10,Oyam,[],['Malaria'],[],[]
10,Amuria,[],['Malaria'],[],[]
10,Kitagwenda,[],['Malaria'],[],[]
10,Kwania,[],['Malaria'],[],[]
10,Kagadi,[],['Malaria'],[],[]
10,Amudat,[],[],['Malaria'],['Measles']
10,Agago,[],['Malaria'],[],[]
10,Abim,[],['Malaria'],[],[]
10,Kaberamaido,[],['Malaria'],[],[]
10,Yumbe,[],['Malaria'],[],[]
10,Lira City,[],['Malaria'],[],['Measles']
10,Nakaseke,[],['Malaria'],[],['Measles']
10,Lira,[],['Malaria'],[],[]
10,Bukedea,[],['Malaria'],[],[]
10,Busia,[],['Malaria'],[],[]
10,Amolatar,[],['Malaria'],[],['Measles']
10,Kapelebyong,[],[],['Malaria'],[]
10,Apac,[],['Malaria'],[],[]
10,Kiboga,[],['Malaria'],[],['Measles']
10,Kumi,[],['Malaria'],[],[]
10,Soroti,[],['Malaria'],[],[]
10,Moroto,[],[],['Malaria'],['Measles']
10,Ngora,[],['Malaria'],[],[]
10,Arua,[],['Trachoma'],['Malaria'],[]
10,Maracha,[],[],['Malaria'],[]
10,Kitgum,[],['Malaria'],[],[]
10,Madi-Okollo,[],['Malaria'],[],['Measles']
10,Pallisa,[],['Malaria'],[],[]
10,0,[],[],[],[]
10,Lamwo,['Cholera'],['Malaria'],[],[]
10,Bugiri,[],['Malaria'],['Measles'],[]
10,Otuke,[],['Malaria'],[],['Measles']
10,Jinja City,[],['Malaria'],['Influenza new subtype'],[]
10,Buikwe,[],['Malaria'],[],['Measles']
10,Nwoya,[],['Malaria'],[],[]
10,Obongi,[],['Malaria'],[],[]
10,Masindi,[],['Malaria'],[],['Measles']
10,Kibuku,[],['Malaria'],[],['Measles']
10,Lyantonde,[],['Malaria'],[],[]
10,Nakasongola,[],['Malaria'],[],['Measles']
10,Bugweri,[],['Malaria'],[],[]
10,Mpigi,[],['Malaria'],[],['Measles']
10,Kibaale,[],['Malaria'],[],[]
10,Pakwach,[],"['Malaria', 'Schistosomiasis']",[],[]
10,Nakapiripirit,[],['Malaria'],[],['Measles']
10,Bukwo,[],['Malaria'],[],[]
10,Ntungamo,[],['Malaria'],[],[]
10,Napak,[],['Malaria'],[],['Measles']
10,Mubende,['Plague'],"['Malaria', 'Measles']",[],[]
10,Namutumba,[],['Malaria'],[],['Measles']
10,Rwampara,[],['Malaria'],[],[]
10,Kayunga,[],"['Malaria', 'Measles']",[],[]
10,Amuru,[],['Malaria'],[],[]
10,Hoima City,['Yellow Fever'],"['Malaria', 'Maternal Death']",[],[]
10,Bunyangabu,[],['Malaria'],[],[]
10,Gulu,[],['Malaria'],[],[]
10,Mbarara,[],['Malaria'],[],[]
10,Kyegegwa,[],['Malaria'],[],[]
10,Mbarara City,[],['Malaria'],[],['Measles']
10,Bushenyi,[],['Malaria'],[],[]
10,Kiryandongo,[],"['Cholera', 'Malaria']",[],['Measles']
10,Masaka City,[],['Maternal Death'],['Malaria'],[]
10,Mityana,[],['Malaria'],[],['Measles']
10,Kazo,['Anthrax'],['Malaria'],[],['Measles']
10,Kween,[],[],['Malaria'],[]
10,Bulambuli,[],['Malaria'],['Measles'],[]
10,Buliisa,[],['Malaria'],[],['Measles']
10,Kyenjojo,[],['Malaria'],[],['Measles']
10,Rubanda,[],[],['Malaria'],[]
10,Koboko,[],['Malaria'],[],[]
10,Bukomansimbi,[],['Malaria'],[],['Measles']
10,Kanungu,[],['Malaria'],[],[]
10,Lwengo,[],['Malaria'],[],['Measles']
10,Kamuli,[],['Malaria'],[],['Measles']
10,Kamwenge,[],['Malaria'],[],[]
10,Namayingo,[],['Malaria'],[],['Measles']
10,Kyankwanzi,[],"['Malaria', 'Maternal Death']",[],['Measles']
10,Kassanda,[],['Malaria'],[],['Measles']
10,Kalungu,[],['Malaria'],[],['Measles']
10,Rakai,[],['Malaria'],[],['Measles']
10,Bududa,[],[],['Malaria'],[]
10,Namisindwa,[],['Malaria'],[],[]
10,Kakumiro,[],['Malaria'],[],[]
10,Iganga,[],"['Malaria', 'Measles']",[],[]
10,Kasese,[],"['Guinea Worm', 'Malaria']",[],['Measles']
10,Buhweju,[],['Malaria'],[],[]
10,Luwero,[],['Malaria'],['Measles'],[]
10,Mayuge,[],['Malaria'],[],['Measles']
10,Ibanda,['Anthrax'],['Malaria'],[],['Measles']
10,Bundibugyo,[],['Malaria'],[],[]
10,Buvuma,[],['Malaria'],[],[]
10,Manafwa,[],['Malaria'],[],['Measles']
10,Mitooma,[],[],['Malaria'],[]
10,Hoima,[],['Malaria'],[],[]
10,Sironko,[],['Malaria'],[],[]
10,Jinja,[],['Malaria'],[],[]
10,Rukiga,[],['Malaria'],[],[]
10,Wakiso,[],"['Malaria', 'Measles']",[],[]
10,Kikuube,[],['Malaria'],[],[]
10,Budaka,[],['Malaria'],[],[]
10,Luuka,[],['Malaria'],[],[]
10,Kaliro,[],['Malaria'],[],[]
10,Mbale,[],['Malaria'],[],[]
10,Rukungiri,[],['Malaria'],[],[]
10,Butambala,[],['Malaria'],[],[]
10,Kalangala,[],['Malaria'],[],[]
10,Nabilatuk,[],['Malaria'],[],['Measles']
10,Buyende,[],"['Malaria', 'Measles']",[],[]
10,Butaleja,[],['Malaria'],[],['Measles']
10,Sheema,[],[],['Malaria'],[]
10,Kabale,[],[],['Malaria'],[]
10,Kisoro,[],['Malaria'],[],['Measles']
10,Masaka,[],['Malaria'],[],[]
10,Gomba,[],['Malaria'],[],['Measles']
10,Fort Portal City,['Plague'],['Malaria'],[],[]
10,Isingiro,[],['Malaria'],[],[]
10,Sembabule,[],['Malaria'],[],[]
10,Kiruhura,[],['Malaria'],[],[]
10,Butebo,[],['Malaria'],[],['Measles']
10,Ntoroko,[],[],['Malaria'],[]
10,Kaabong,[],[],['Malaria'],[]
10,Karenga,['Measles'],['Malaria'],[],[]
9,Pader,[],['Malaria'],['Measles'],[]
9,Kyotera,[],['Malaria'],[],['Measles']
9,Rubirizi,[],['Malaria'],[],[]
9,Moyo,[],['Malaria'],[],[]
9,Katakwi,[],['Malaria'],[],[]
9,Kotido,[],['Malaria'],[],[]
9,Zombo,['Acute Flaccid Paralysis'],['Malaria'],[],[]
9,Mbale City,[],['Malaria'],[],['Measles']
9,Kabarole,[],['Malaria'],[],[]
9,Kampala,"['Acute Flaccid Paralysis', 'Yellow Fever']","['Malaria', 'Maternal Death', 'Measles']",[],[]
9,Gulu City,[],['Malaria'],[],['Measles']
9,Adjumani,[],['Malaria'],[],['Measles']
9,Arua City,[],"['Malaria', 'Maternal Death']",[],[]
9,Lira City,[],['Malaria'],[],[]
9,Nebbi,[],['Malaria'],[],['Measles']
9,Omoro,[],['Malaria'],[],[]
9,Kanungu,[],['Malaria'],[],['Measles']
9,Lira,[],"['Malaria', 'Maternal Death']",['Measles'],[]
9,Soroti City,[],['Malaria'],[],['Measles']
9,Mukono,[],['Malaria'],[],['Measles']
9,Otuke,[],['Malaria'],['Measles'],[]
9,Kalaki,[],['Malaria'],[],['Measles']
9,Dokolo,[],"['Malaria', 'Maternal Death']",[],[]
9,Oyam,[],['Malaria'],[],[]
9,Amuria,[],['Malaria'],[],[]
9,Kitagwenda,[],['Malaria'],[],[]
9,Kwania,['Measles'],['Malaria'],[],[]
9,Kagadi,[],['Malaria'],[],[]
9,Amudat,['Anthrax'],['Malaria'],['Measles'],[]
9,Agago,[],['Malaria'],[],['Measles']
9,Abim,[],['Malaria'],[],[]
9,Kaberamaido,['Acute Flaccid Paralysis'],['Malaria'],[],['Measles']
9,Yumbe,['Acute Flaccid Paralysis'],"['Malaria', 'Maternal Death']",[],[]
9,Kole,[],['Malaria'],[],['Measles']
9,Serere,[],['Malaria'],[],['Measles']
9,Kapchorwa,[],['Malaria'],[],['Measles']
9,Tororo,[],"['Malaria', 'Maternal Death']",[],['Measles']
9,Obongi,[],[],[],[]
9,Masindi,[],['Malaria'],[],['Measles']
9,Amolatar,[],['Malaria'],[],['Measles']
9,Kapelebyong,[],['Malaria'],[],[]
9,Apac,[],"['Malaria', 'Maternal Death']",[],[]
9,Kiboga,[],['Malaria'],[],[]
9,Kumi,[],"['Malaria', 'Maternal Death']",[],[]
9,Lamwo,['Cholera'],['Malaria'],[],[]
9,Bukedea,[],['Malaria'],[],[]
9,Ngora,[],['Malaria'],[],[]
9,Pallisa,[],['Malaria'],[],[]
9,Arua,[],[],['Malaria'],[]
9,Maracha,[],['Malaria'],[],[]
9,Kitgum,[],['Malaria'],[],[]
9,Madi-Okollo,[],['Malaria'],['Measles'],[]
9,0,[],[],[],[]
9,Wakiso,[],"['Malaria', 'Maternal Death']",[],['Measles']
9,Moroto,[],['Malaria'],[],['Measles']
9,Soroti,[],['Malaria'],[],['Measles']
9,Buikwe,['Measles'],"['Malaria', 'Maternal Death']",[],[]
9,Kibaale,['Plague'],['Malaria'],[],['Measles']
9,Kibuku,[],['Malaria'],[],['Measles']
9,Lyantonde,[],['Malaria'],[],['Measles']
9,Bugiri,[],"['Malaria', 'Maternal Death']",['Measles'],[]
9,Nakasongola,[],['Malaria'],[],[]
9,Bugweri,['Acute Flaccid Paralysis'],['Malaria'],[],['Measles']
9,Mpigi,[],['Malaria'],[],[]
9,Pakwach,['Yellow Fever'],"['Malaria', 'Schistosomiasis']",[],[]
9,Jinja City,[],['Malaria'],[],[]
9,Nakapiripirit,['Yellow Fever'],['Malaria'],['Measles'],[]
9,Bukwo,[],[],['Malaria'],[]
9,Ntungamo,[],['Malaria'],[],['Measles']
9,Napak,[],['Malaria'],[],['Measles']
9,Busia,[],['Malaria'],[],['Measles']
9,Nwoya,[],['Malaria'],[],['Measles']
9,Alebtong,[],['Malaria'],[],['Measles']
9,Rakai,[],['Malaria'],[],['Measles']
9,Terego,['Acute Flaccid Paralysis'],[],['Malaria'],[]
9,Hoima City,[],['Malaria'],[],['Measles']
9,Gulu,[],['Malaria'],[],[]
9,Mbarara,[],['Malaria'],[],[]
9,Kyegegwa,[],"['Malaria', 'Maternal Death']",[],['Measles']
9,Mbarara City,[],"['Malaria', 'Maternal Death']",[],['Measles']
9,Bushenyi,[],['Malaria'],[],[]
9,Kiryandongo,[],"['Cholera', 'Malaria']",[],['Measles']
9,Masaka City,[],"['Malaria', 'Maternal Death']",[],['Measles']
9,Mityana,[],['Malaria'],['Measles'],[]
9,Kazo,['Anthrax'],['Malaria'],[],['Measles']
9,Kween,[],['Malaria'],[],[]
9,Bulambuli,[],['Malaria'],[],[]
9,Buliisa,[],['Malaria'],[],['Measles']
9,Luwero,[],['Malaria'],['Measles'],[]
9,Koboko,[],"['Malaria', 'Maternal Death']",[],[]
9,Rubanda,[],['Malaria'],[],[]
9,Ibanda,[],"['Malaria', 'Maternal Death']",[],[]
9,Mayuge,[],['Malaria'],[],['Measles']
9,Rukungiri,[],"['Malaria', 'Maternal Death']",[],['Measles']
9,Bunyangabu,[],['Malaria'],[],['Measles']
9,Kamuli,['Yellow Fever'],"['Malaria', 'Maternal Death']",[],['Measles']
9,Kamwenge,[],['Malaria'],[],[]
9,Namayingo,[],['Malaria'],[],['Measles']
9,Kyankwanzi,[],['Malaria'],[],['Measles']
9,Kassanda,[],['Malaria'],[],['Measles']
9,Kalungu,[],"['Malaria', 'Maternal Death']",[],['Measles']
9,Kakumiro,[],['Malaria'],[],['Measles']
9,Bududa,[],"['Malaria', 'Maternal Death']",[],[]
9,Namisindwa,[],"['Malaria', 'Maternal Death']",[],[]
9,Iganga,[],['Malaria'],[],['Measles']
9,Kasese,[],['Malaria'],[],['Measles']
9,Buhweju,[],['Malaria'],[],[]
9,Bukomansimbi,[],['Malaria'],[],[]
9,Lwengo,[],['Malaria'],[],['Measles']
9,Kayunga,[],"['Malaria', 'Measles']",[],[]
9,Nabilatuk,[],[],['Malaria'],['Measles']
9,Nakaseke,[],['Malaria'],[],['Measles']
9,Butaleja,[],['Malaria'],[],['Measles']
9,Kikuube,[],['Malaria'],[],[]
9,Isingiro,[],['Malaria'],[],[]
9,Mitooma,[],['Malaria'],[],[]
9,Hoima,[],['Malaria'],[],[]
9,Kalangala,[],['Malaria'],[],['Measles']
9,Sironko,[],['Malaria'],[],[]
9,Jinja,[],['Malaria'],[],[]
9,Rwampara,[],['Malaria'],[],[]
9,Rukiga,[],['Malaria'],[],[]
9,Budaka,[],"['Malaria', 'Maternal Death']",[],['Measles']
9,Luuka,[],['Malaria'],[],[]
9,Kaliro,[],['Malaria'],['Measles'],[]
9,Mbale,[],['Malaria'],[],['Measles']
9,Kyenjojo,[],['Malaria'],[],['Measles']
9,Mubende,"['Measles', 'Plague']",['Malaria'],[],[]
9,Namutumba,[],['Malaria'],[],['Measles']
9,Bundibugyo,[],['Malaria'],[],[]
9,Manafwa,[],['Malaria'],[],['Measles']
9,Buvuma,[],['Malaria'],[],['Measles']
9,Sembabule,[],['Malaria'],[],[]
9,Butambala,[],"['Malaria', 'Maternal Death']",[],[]
9,Kabale,[],['Malaria'],[],[]
9,Kisoro,[],['Malaria'],[],[]
9,Masaka,[],['Malaria'],[],[]
9,Gomba,[],['Malaria'],[],['Measles']
9,Buyende,[],['Malaria'],[],['Measles']
9,Fort Portal City,[],['Malaria'],[],['Measles']
9,Kiruhura,[],['Malaria'],[],[]
9,Sheema,[],[],"['Malaria', 'Measles']",[]
9,Butebo,[],['Malaria'],['Measles'],[]
9,Ntoroko,[],[],['Malaria'],[]
9,Kaabong,[],['Malaria'],[],[]
9,Karenga,[],['Malaria'],[],[]
9,Amuru,[],['Malaria'],[],['Measles']
8,Lira City,['Acute Flaccid Paralysis'],"['Malaria', 'Maternal Death']",[],['Measles']
8,Kanungu,[],"['Malaria', 'Maternal Death']",[],[]
8,Kyotera,[],['Malaria'],['Measles'],[]
8,Rubirizi,[],['Malaria'],[],['Measles']
8,Moyo,[],['Malaria'],[],[]
8,Katakwi,[],['Malaria'],[],[]
8,Adjumani,[],['Malaria'],[],['Measles']
8,Nebbi,[],['Malaria'],[],[]
8,Zombo,[],"['Malaria', 'Maternal Death']",[],[]
8,Pader,[],['Malaria'],['Measles'],[]
8,Kampala,"['Acute Flaccid Paralysis', 'Plague']","['Malaria', 'Maternal Death', 'Measles']",[],[]
8,Gulu City,[],['Malaria'],[],['Measles']
8,Kabarole,[],"['Malaria', 'Trachoma']",[],[]
8,Arua City,[],"['Cholera', 'Malaria', 'Maternal Death']",[],[]
8,Kole,[],['Malaria'],[],['Measles']
8,Kotido,[],['Malaria'],[],[]
8,Wakiso,[],"['Malaria', 'Maternal Death', 'Measles']",[],[]
8,Alebtong,[],"['Malaria', 'Maternal Death']",[],[]
8,Mbale City,[],"['Malaria', 'Maternal Death']",[],['Measles']
8,Soroti City,[],['Malaria'],[],[]
8,Bugiri,[],"['Malaria', 'Measles']",[],[]
8,Lira,[],['Malaria'],[],['Measles']
8,Kalaki,[],['Malaria'],[],['Measles']
8,Dokolo,[],['Malaria'],[],[]
8,Oyam,[],['Malaria'],[],[]
8,Amuria,[],['Malaria'],[],[]
8,Kitagwenda,[],['Malaria'],[],[]
8,Kwania,[],['Malaria'],[],[]
8,Kagadi,[],['Malaria'],[],[]
8,Amudat,[],[],['Malaria'],['Measles']
8,Agago,[],['Malaria'],[],['Measles']
8,Abim,[],"['Malaria', 'Maternal Death']",[],['Measles']
8,Kaberamaido,[],['Malaria'],[],[]
8,Yumbe,['Acute Flaccid Paralysis'],[],['Malaria'],[]
8,Mukono,['Yellow Fever'],['Malaria'],[],['Measles']
8,Tororo,['Yellow Fever'],['Malaria'],[],['Measles']
8,Omoro,[],['Malaria'],[],[]
8,Jinja City,[],"['Malaria', 'Maternal Death']",[],"['Influenza new subtype', 'Measles']"
8,Nwoya,[],['Malaria'],[],['Measles']
8,Amolatar,[],['Malaria'],['Measles'],[]
8,Kapelebyong,[],['Malaria'],[],[]
8,Apac,[],['Malaria'],[],[]
8,Kumi,[],['Malaria'],[],[]
8,Kitgum,[],['Malaria'],[],['Measles']
8,Soroti,[],['Malaria'],[],[]
8,Lamwo,[],"['Cholera', 'Malaria']",[],[]
8,Ngora,[],"['Malaria', 'Maternal Death']",[],['Measles']
8,Pallisa,[],['Malaria'],[],[]
8,Arua,[],['Trachoma'],['Malaria'],[]
8,Maracha,[],['Malaria'],[],[]
8,Kaabong,[],['Malaria'],[],[]
8,Karenga,[],[],['Malaria'],[]
8,0,[],[],[],[]
8,Ntungamo,[],"['Malaria', 'Maternal Death']",[],[]
8,Moroto,[],[],['Malaria'],[]
8,Nakaseke,[],['Malaria'],[],['Measles']
8,Otuke,[],['Malaria'],[],['Measles']
8,Bugweri,[],['Malaria'],[],['Measles']
8,Obongi,[],[],['Malaria'],[]
8,Masindi,[],['Malaria'],[],[]
8,Kibuku,[],"['Malaria', 'Measles']",[],[]
8,Lyantonde,['Anthrax'],"['Malaria', 'Maternal Death']",[],[]
8,Nakasongola,[],['Malaria'],[],[]
8,Bukedea,[],['Malaria'],[],[]
8,Mpigi,[],['Malaria'],[],[]
8,Kiboga,[],['Malaria'],[],['Measles']
8,Kibaale,[],['Malaria'],[],['Measles']
8,Pakwach,[],"['Malaria', 'Schistosomiasis']",[],[]
8,Nakapiripirit,[],['Malaria'],[],['Measles']
8,Bukwo,[],['Malaria'],[],[]
8,Buikwe,[],['Malaria'],[],['Measles']
8,Madi-Okollo,[],['Malaria'],[],['Measles']
8,Serere,[],['Malaria'],[],[]
8,Nabilatuk,[],['Malaria'],[],['Measles']
8,Kapchorwa,['Yellow Fever'],"['Malaria', 'Maternal Death']",[],[]
8,Hoima City,[],"['Malaria', 'Maternal Death']",[],['Measles']
8,Mbarara City,[],['Malaria'],[],[]
8,Amuru,[],['Malaria'],[],['Measles']
8,Mubende,[],['Malaria'],[],['Measles']
8,Bunyangabu,[],['Malaria'],[],['Measles']
8,Gulu,[],['Malaria'],[],[]
8,Mbarara,[],['Malaria'],[],[]
8,Kyegegwa,[],['Malaria'],[],['Measles']
8,Bushenyi,[],['Malaria'],[],[]
8,Buliisa,[],['Malaria'],[],['Measles']
8,Kiryandongo,[],"['Cholera', 'Malaria']",[],['Measles']
8,Masaka City,[],"['Malaria', 'Maternal Death']",['Influenza new subtype'],['Measles']
8,Mityana,[],"['Dengue Fever', 'Malaria']",['Measles'],[]
8,Kazo,['Anthrax'],['Malaria'],[],['Measles']
8,Kween,['Anthrax'],['Malaria'],[],['Measles']
8,Bulambuli,[],['Malaria'],[],['Measles']
8,Koboko,[],['Malaria'],[],[]
8,Kasese,[],['Malaria'],[],['Measles']
8,Bukomansimbi,[],['Malaria'],[],[]
8,Iganga,[],"['Malaria', 'Maternal Death', 'Measles']",[],[]
8,Napak,[],['Malaria'],[],['Measles']
8,Busia,[],['Malaria'],['Measles'],[]
8,Mayuge,[],"['Malaria', 'Measles']",[],[]
8,Lwengo,[],['Malaria'],[],['Measles']
8,Kayunga,"['Acute Flaccid Paralysis', 'Yellow Fever']","['Malaria', 'Maternal Death']",['Measles'],[]
8,Kamuli,[],"['Guinea Worm', 'Malaria', 'Maternal Death']",[],['Measles']
8,Kamwenge,[],['Malaria'],[],['Measles']
8,Namayingo,[],['Malaria'],[],['Measles']
8,Kyankwanzi,[],['Malaria'],[],['Measles']
8,Kassanda,['Yellow Fever'],['Malaria'],[],['Measles']
8,Kalungu,[],['Malaria'],[],['Measles']
8,Rakai,[],['Malaria'],[],['Measles']
8,Bududa,[],['Malaria'],[],[]
8,Namisindwa,[],['Malaria'],[],[]
8,Kakumiro,[],['Malaria'],[],['Measles']
8,Buhweju,[],['Malaria'],[],[]
8,Luwero,[],['Malaria'],[],['Measles']
8,Rubanda,[],['Malaria'],[],[]
8,Ibanda,['Acute Flaccid Paralysis'],['Malaria'],[],['Measles']
8,Rukungiri,[],['Malaria'],[],['Measles']
8,Butaleja,[],['Malaria'],[],[]
8,Isingiro,['Acute Flaccid Paralysis'],['Malaria'],[],[]
8,Mitooma,[],['Malaria'],[],[]
8,Hoima,[],['Malaria'],[],[]
8,Kalangala,[],['Malaria'],[],['Measles']
8,Jinja,[],['Malaria'],[],[]
8,Mbale,[],['Malaria'],[],['Measles']
8,Bundibugyo,[],"['Lymphatic Filariasis', 'Malaria']",[],[]
8,Manafwa,[],['Malaria'],[],['Measles']
8,Rukiga,[],[],['Malaria'],[]
8,Budaka,[],"['Malaria', 'Maternal Death']",[],[]
8,Luuka,[],['Malaria'],[],['Measles']
8,Kaliro,[],['Malaria'],['Measles'],[]
8,Masaka,[],['Malaria'],[],[]
8,Sironko,[],['Malaria'],[],[]
8,Terego,[],"['Malaria', 'Maternal Death']",[],[]
8,Kyenjojo,[],['Malaria'],[],['Measles']
8,Rwampara,[],['Malaria'],[],[]
8,Kikuube,[],['Malaria'],[],['Measles']
8,Butambala,['Acute Flaccid Paralysis'],['Malaria'],[],[]
8,Namutumba,[],"['Malaria', 'Measles']",[],[]
8,Sheema,[],[],['Malaria'],['Measles']
8,Kabale,[],['Maternal Death'],['Malaria'],['Measles']
8,Kisoro,[],['Malaria'],[],[]
8,Gomba,[],['Malaria'],[],['Measles']
8,Buvuma,[],['Malaria'],[],[]
8,Fort Portal City,['Acute Flaccid Paralysis'],['Malaria'],[],['Measles']
8,Sembabule,[],['Malaria'],[],[]
8,Kiruhura,[],['Malaria'],[],[]
8,Butebo,[],['Malaria'],[],[]
8,Ntoroko,[],['Malaria'],[],['Measles']
8,Buyende,[],"['Malaria', 'Maternal Death']",['Measles'],[]
7,Gulu City,['Acute Flaccid Paralysis'],"['Malaria', 'Maternal Death']",[],['Measles']
7,Moyo,[],['Malaria'],[],[]
7,Katakwi,[],['Malaria'],[],[]
7,Kotido,[],['Malaria'],[],[]
7,Adjumani,[],['Malaria'],[],[]
7,Zombo,[],['Malaria'],[],['Measles']
7,Otuke,[],['Malaria'],['Measles'],[]
7,Pader,[],"['Malaria', 'Measles']",[],[]
7,Arua City,[],['Malaria'],[],[]
7,Serere,[],"['Malaria', 'Maternal Death']",[],['Measles']
7,Kabarole,[],['Malaria'],[],[]
7,Lira City,[],"['Malaria', 'Maternal Death']",[],['Measles']
7,Mbale City,[],['Malaria'],['Measles'],[]
7,Soroti City,[],['Malaria'],[],[]
7,Mukono,[],['Malaria'],[],['Measles']
7,Alebtong,[],['Malaria'],[],[]
7,Kampala,[],"['Malaria', 'Maternal Death', 'Measles']",[],[]
7,Kaberamaido,[],['Malaria'],[],['Measles']
7,Lira,[],['Malaria'],[],['Measles']
7,Kalaki,[],['Malaria'],[],['Measles']
7,Amuru,[],['Malaria'],['Measles'],[]
7,Dokolo,[],['Malaria'],[],[]
7,Oyam,[],['Malaria'],[],[]
7,Amuria,[],['Malaria'],[],[]
7,Kitagwenda,['Yellow Fever'],['Malaria'],[],[]
7,Kwania,[],['Malaria'],[],[]
7,Kagadi,[],['Malaria'],['Measles'],[]
7,Amudat,[],[],[],['Measles']
7,Agago,[],['Malaria'],[],['Measles']
7,Abim,[],['Malaria'],[],['Measles']
7,Yumbe,['Acute Flaccid Paralysis'],['Malaria'],[],[]
7,Kole,[],['Malaria'],[],['Measles']
7,Nebbi,[],['Malaria'],[],[]
7,Tororo,['Yellow Fever'],['Malaria'],[],[]
7,Omoro,[],"['Malaria', 'Measles']",[],[]
7,Moroto,['Acute Flaccid Paralysis'],['Maternal Death'],['Malaria'],['Measles']
7,Rubirizi,[],['Malaria'],[],[]
7,Amolatar,[],['Malaria'],[],['Measles']
7,Kibuku,[],['Malaria'],[],['Measles']
7,Kapelebyong,[],['Malaria'],[],[]
7,Apac,[],['Malaria'],[],[]
7,Kiboga,[],"['Malaria', 'Maternal Death']",[],['Measles']
7,Kumi,[],['Malaria'],[],[]
7,Soroti,[],['Malaria'],[],[]
7,Lamwo,[],"['Cholera', 'Malaria']",[],[]
7,Pallisa,[],['Malaria'],[],[]
7,Jinja City,[],['Malaria'],[],"['Influenza new subtype', 'Measles']"
7,Arua,[],['Trachoma'],['Malaria'],[]
7,Maracha,[],['Malaria'],[],[]
7,Kitgum,[],['Malaria'],[],[]
7,Madi-Okollo,[],['Malaria'],[],['Measles']
7,Bukedea,[],['Malaria'],[],['Measles']
7,Buikwe,[],['Malaria'],[],['Measles']
7,Kyotera,[],['Malaria'],[],['Measles']
7,Ngora,['Yellow Fever'],['Malaria'],[],[]
7,Nwoya,[],['Malaria'],[],['Measles']
7,Obongi,[],[],[],[]
7,Pakwach,[],['Schistosomiasis'],['Malaria'],[]
7,Lyantonde,['Anthrax'],['Malaria'],[],[]
7,Bugiri,[],['Malaria'],[],['Measles']
7,Nakasongola,[],['Malaria'],[],['Measles']
7,Bugweri,[],['Malaria'],[],['Measles']
7,Mpigi,[],['Malaria'],[],['Measles']
7,Kibaale,[],['Malaria'],[],[]
7,Nakapiripirit,"['Acute Flaccid Paralysis', 'Anthrax']","['Malaria', 'Measles']",[],[]
7,Masindi,[],['Malaria'],[],[]
7,Bukwo,[],['Malaria'],[],[]
7,Ntungamo,[],['Malaria'],[],[]
7,Napak,[],['Malaria'],['Measles'],[]
7,Busia,[],"['Malaria', 'Maternal Death']",[],['Measles']
7,Kapchorwa,[],['Malaria'],[],[]
7,Terego,[],"['Malaria', 'Schistosomiasis']",[],[]
7,Nakaseke,[],['Malaria'],[],['Measles']
7,Lwengo,[],['Malaria'],[],['Measles']
7,Mubende,"['Acute Flaccid Paralysis', 'Plague']",['Malaria'],[],['Measles']
7,Mayuge,[],['Malaria'],[],['Measles']
7,Bunyangabu,[],['Malaria'],[],['Measles']
7,Gulu,[],['Malaria'],[],[]
7,Mbarara,[],['Malaria'],[],[]
7,Kyegegwa,[],['Malaria'],[],['Measles']
7,Mbarara City,[],['Malaria'],[],['Measles']
7,Bushenyi,[],"['Malaria', 'Maternal Death']",[],[]
7,Kiryandongo,['Cholera'],['Malaria'],[],['Measles']
7,Masaka City,[],"['Malaria', 'Maternal Death']",['Measles'],[]
7,Mityana,[],['Malaria'],[],['Measles']
7,Kazo,['Anthrax'],['Malaria'],[],['Measles']
7,Kween,[],['Malaria'],[],[]
7,Bulambuli,[],['Malaria'],[],[]
7,Buliisa,[],['Malaria'],[],['Measles']
7,Luwero,[],['Malaria'],[],['Measles']
7,Koboko,[],['Malaria'],[],[]
7,0,[],[],[],[]
7,Kayunga,[],['Malaria'],['Measles'],[]
7,Wakiso,[],"['Malaria', 'Maternal Death', 'Measles']",[],[]
7,Rubanda,[],['Malaria'],[],[]
7,Rukungiri,[],['Malaria'],[],[]
7,Kamuli,[],"['Malaria', 'Maternal Death']",[],['Measles']
7,Kamwenge,[],['Malaria'],[],[]
7,Namayingo,[],['Malaria'],[],[]
7,Kyankwanzi,[],['Malaria'],[],['Measles']
7,Kassanda,[],"['Malaria', 'Maternal Death']",[],['Measles']
7,Kalungu,[],['Malaria'],[],['Measles']
7,Rakai,[],['Malaria'],[],['Measles']
7,Bududa,[],[],['Malaria'],[]
7,Namisindwa,['Acute Flaccid Paralysis'],['Malaria'],[],[]
7,Kakumiro,[],['Malaria'],[],['Measles']
7,Iganga,[],"['Malaria', 'Maternal Death']",['Measles'],[]
7,Kasese,[],"['Malaria', 'Maternal Death']",[],['Measles']
7,Buhweju,[],['Malaria'],[],[]
7,Bukomansimbi,[],['Malaria'],[],[]
7,Ibanda,[],['Malaria'],[],[]
7,Hoima City,[],"['Malaria', 'Maternal Death']",[],['Measles']
7,Butaleja,[],['Malaria'],[],['Measles']
7,Butambala,[],"['Malaria', 'Maternal Death']",[],[]
7,Manafwa,[],['Malaria'],[],[]
7,Mitooma,[],['Malaria'],[],[]
7,Hoima,[],['Malaria'],[],[]
7,Kalangala,['Yellow Fever'],['Malaria'],[],['Measles']
7,Sironko,[],['Malaria'],[],[]
7,Jinja,[],['Malaria'],[],['Measles']
7,Bundibugyo,['Yellow Fever'],"['Lymphatic Filariasis', 'Malaria', 'Maternal Death']",[],['Measles']
7,Rukiga,['Acute Flaccid Paralysis'],[],['Malaria'],[]
7,Kikuube,[],['Malaria'],[],['Measles']
7,Budaka,[],"['Malaria', 'Maternal Death']",[],['Measles']
7,Luuka,[],['Malaria'],[],['Measles']
7,Kaliro,[],['Malaria'],[],['Measles']
7,Mbale,[],['Malaria'],[],['Measles']
7,Kyenjojo,['Acute Flaccid Paralysis'],['Malaria'],[],['Measles']
7,Isingiro,['Acute Flaccid Paralysis'],['Malaria'],[],[]
7,Buvuma,[],['Malaria'],[],['Measles']
7,Rwampara,[],[],['Malaria'],[]
7,Namutumba,[],"['Malaria', 'Maternal Death']",[],['Measles']
7,Sembabule,['Anthrax'],['Malaria'],[],[]
7,Kanungu,[],['Malaria'],[],['Measles']
7,Kabale,[],['Malaria'],[],['Measles']
7,Kisoro,[],['Malaria'],[],[]
7,Masaka,[],['Malaria'],[],['Measles']
7,Gomba,[],['Malaria'],[],[]
7,Fort Portal City,[],[],['Malaria'],[]
7,Buyende,[],['Malaria'],[],['Measles']
7,Sheema,[],[],['Malaria'],[]
7,Kiruhura,[],['Malaria'],[],[]
7,Ntoroko,[],[],['Malaria'],[]
7,Kaabong,[],['Malaria'],[],[]
7,Karenga,[],['Malaria'],[],[]
7,Nabilatuk,[],['Malaria'],[],['Measles']
7,Butebo,[],['Malaria'],[],['Measles']
6,Mbale City,[],"['Malaria', 'Maternal Death']",[],['Measles']
6,Kyotera,[],['Malaria'],[],['Measles']
6,Rubirizi,[],['Malaria'],[],[]
6,Moyo,[],"['Malaria', 'Maternal Death']",[],[]
6,Katakwi,[],['Malaria'],[],[]
6,Kotido,[],['Malaria'],[],['Measles']
6,Tororo,[],"['Guinea Worm', 'Malaria', 'Maternal Death']",[],['Measles']
6,Zombo,[],['Malaria'],[],[]
6,Gulu City,['Plague'],"['Malaria', 'Maternal Death']",[],['Measles']
6,Pader,[],"['Malaria', 'Measles']",[],[]
6,Kampala,['Plague'],"['Malaria', 'Maternal Death', 'Measles']",[],[]
6,Kabarole,[],['Malaria'],[],[]
6,Arua City,[],"['Malaria', 'Maternal Death']",[],[]
6,Lira City,[],['Malaria'],['Measles'],[]
6,Kole,[],['Malaria'],[],['Measles']
6,Adjumani,['Acute Flaccid Paralysis'],['Malaria'],[],[]
6,Kanungu,['Anthrax'],['Malaria'],[],['Measles']
6,Amudat,['Plague'],['Malaria'],[],['Measles']
6,Nebbi,['Yellow Fever'],['Malaria'],[],['Measles']
6,Soroti City,[],['Malaria'],[],[]
6,Ntungamo,['Yellow Fever'],"['Malaria', 'Maternal Death']",[],[]
6,Alebtong,[],['Malaria'],[],[]
6,Lira,[],['Malaria'],[],['Measles']
6,Kalaki,[],['Malaria'],[],[]
6,Dokolo,[],['Malaria'],[],[]
6,Oyam,[],['Malaria'],[],[]
6,Amuria,[],['Malaria'],[],[]
6,Kwania,[],['Malaria'],[],[]
6,Mukono,['Yellow Fever'],['Malaria'],[],['Measles']
6,Kagadi,[],['Malaria'],['Measles'],[]
6,Agago,[],['Malaria'],[],['Measles']
6,Abim,[],['Malaria'],[],[]
6,Kaberamaido,[],['Malaria'],[],[]
6,Yumbe,['Acute Flaccid Paralysis'],['Malaria'],[],[]
6,Serere,[],['Malaria'],[],[]
6,Napak,[],"['Malaria', 'Measles']",[],[]
6,Nabilatuk,[],['Malaria'],['Measles'],[]
6,Bugiri,[],"['Malaria', 'Maternal Death']",[],['Measles']
6,Jinja City,[],['Malaria'],[],[]
6,Nakaseke,[],"['Malaria', 'Maternal Death']",[],['Measles']
6,Moroto,[],"['Malaria', 'Maternal Death']",[],['Measles']
6,Amolatar,[],['Malaria'],[],['Measles']
6,Kapelebyong,[],['Malaria'],[],[]
6,Apac,[],['Malaria'],[],['Measles']
6,Kumi,[],['Malaria'],[],[]
6,Kitgum,[],['Malaria'],[],['Measles']
6,Soroti,[],['Malaria'],[],[]
6,Lamwo,[],"['Cholera', 'Malaria']",[],[]
6,Ngora,[],['Malaria'],[],['Measles']
6,Pallisa,[],['Malaria'],[],[]
6,Arua,[],[],['Malaria'],[]
6,Maracha,[],['Malaria'],[],[]
6,Kapchorwa,[],['Malaria'],[],['Measles']
6,0,[],[],[],[]
6,Otuke,[],['Malaria'],[],['Measles']
6,Kiboga,[],"['Malaria', 'Maternal Death']",[],['Measles']
6,Omoro,[],"['Malaria', 'Maternal Death']",[],[]
6,Bukedea,[],['Malaria'],[],[]
6,Nwoya,[],['Malaria'],[],[]
6,Obongi,[],[],[],[]
6,Masindi,[],['Malaria'],[],[]
6,Kibuku,[],['Malaria'],[],['Measles']
6,Lyantonde,['Anthrax'],['Malaria'],[],[]
6,Nakasongola,[],['Malaria'],[],['Measles']
6,Bugweri,[],['Malaria'],[],[]
6,Madi-Okollo,[],['Malaria'],[],[]
6,Mpigi,[],['Malaria'],[],[]
6,Kibaale,[],['Malaria'],[],[]
6,Pakwach,[],"['Malaria', 'Schistosomiasis']",[],[]
6,Nakapiripirit,[],"['Malaria', 'Measles']",[],[]
6,Bukwo,[],"['Malaria', 'Maternal Death']",[],[]
6,Buikwe,[],['Malaria'],[],['Measles']
6,Kitagwenda,[],['Malaria'],[],[]
6,Bukomansimbi,[],['Malaria'],[],['Measles']
6,Busia,[],"['Malaria', 'Maternal Death']",[],['Measles']
6,Kasese,['Anthrax'],['Malaria'],[],['Measles']
6,Koboko,[],['Malaria'],[],[]
6,Luwero,[],['Malaria'],['Measles'],[]
6,Mbarara City,[],"['Malaria', 'Maternal Death']",[],[]
6,Amuru,[],['Malaria'],[],['Measles']
6,Mubende,['Acute Flaccid Paralysis'],['Malaria'],[],['Measles']
6,Bunyangabu,[],['Malaria'],[],['Measles']
6,Gulu,[],['Malaria'],[],[]
6,Mbarara,[],['Malaria'],[],[]
6,Kyegegwa,[],['Malaria'],[],['Measles']
6,Bushenyi,[],"['Malaria', 'Maternal Death']",[],[]
6,Buliisa,[],"['Malaria', 'Schistosomiasis']",[],['Measles']
6,Kiryandongo,['Yellow Fever'],"['Cholera', 'Malaria']",[],['Measles']
6,Masaka City,[],['Maternal Death'],['Malaria'],['Measles']
6,Mityana,[],['Malaria'],[],['Measles']
6,Kazo,['Anthrax'],['Malaria'],[],[]
6,Hoima City,[],"['Malaria', 'Maternal Death']",[],['Measles']
6,Iganga,[],['Malaria'],['Measles'],[]
6,Bulambuli,[],['Malaria'],['Measles'],[]
6,Kakumiro,[],['Malaria'],[],['Measles']
6,Karenga,[],['Malaria'],[],[]
6,Kaabong,[],['Malaria'],[],[]
6,Wakiso,"['Measles', 'Yellow Fever']","['Malaria', 'Maternal Death']",[],[]
6,Mayuge,[],['Malaria'],[],['Measles']
6,Lwengo,[],['Malaria'],[],['Measles']
6,Kayunga,[],['Malaria'],['Measles'],[]
6,Kamuli,[],"['Guinea Worm', 'Malaria', 'Maternal Death']",[],['Measles']
6,Kamwenge,[],['Malaria'],[],[]
6,Namayingo,[],['Malaria'],[],['Measles']
6,Kyankwanzi,[],['Malaria'],[],['Measles']
6,Kassanda,[],['Malaria'],[],['Measles']
6,Kalungu,[],"['Malaria', 'Maternal Death']",[],[]
6,Rakai,[],['Malaria'],[],['Measles']
6,Bududa,[],[],['Malaria'],[]
6,Namisindwa,[],['Malaria'],[],[]
6,Kween,[],['Malaria'],[],[]
6,Terego,[],['Malaria'],[],[]
6,Buhweju,[],['Malaria'],[],[]
6,Kyenjojo,[],"['Malaria', 'Maternal Death']",[],[]
6,Sironko,[],"['Malaria', 'Maternal Death']",[],[]
6,Rukungiri,[],"['Malaria', 'Maternal Death']",[],[]
6,Butaleja,[],['Malaria'],[],[]
6,Isingiro,[],"['Malaria', 'Maternal Death']",[],[]
6,Mitooma,[],['Malaria'],[],[]
6,Hoima,[],['Malaria'],[],[]
6,Jinja,[],['Malaria'],[],[]
6,Mbale,[],['Malaria'],[],[]
6,Bundibugyo,[],['Malaria'],[],[]
6,Manafwa,[],['Malaria'],[],[]
6,Rukiga,[],['Malaria'],[],[]
6,Budaka,[],['Malaria'],[],[]
6,Luuka,[],['Malaria'],[],['Measles']
6,Kaliro,[],['Malaria'],[],['Measles']
6,Rubanda,[],[],['Malaria'],[]
6,Ibanda,[],"['Malaria', 'Maternal Death']",[],[]
6,Kalangala,[],['Malaria'],[],['Measles']
6,Kikuube,[],['Malaria'],[],['Measles']
6,Gomba,[],"['Malaria', 'Maternal Death']",[],['Measles']
6,Ntoroko,[],['Malaria'],[],['Measles']
6,Buvuma,[],['Malaria'],[],['Measles']
6,Butambala,[],"['Malaria', 'Maternal Death']",[],['Measles']
6,Namutumba,[],['Malaria'],['Measles'],[]
6,Sheema,[],['Malaria'],[],[]
6,Kisoro,[],"['Malaria', 'Maternal Death']",[],[]
6,Kabale,[],"['Malaria', 'Maternal Death']",[],['Measles']
6,Rwampara,[],['Malaria'],[],[]
6,Masaka,[],['Malaria'],[],[]
6,Fort Portal City,[],"['Malaria', 'Maternal Death']",[],['Measles']
6,Buyende,[],['Malaria'],[],['Measles']
6,Sembabule,['Anthrax'],['Malaria'],[],[]
6,Kiruhura,[],['Malaria'],[],[]
6,Butebo,[],['Malaria'],[],[]
5,Buyende,[],['Malaria'],[],[]
5,Amuru,[],['Malaria'],[],[]
5,Kaabong,[],['Malaria'],[],[]
5,Ntoroko,['Yellow Fever'],['Malaria'],[],['Measles']
5,Butebo,[],['Malaria'],[],['Measles']
5,Kiruhura,[],['Malaria'],[],[]
5,Sembabule,[],['Malaria'],[],['Measles']
5,Butambala,[],['Malaria'],[],['Measles']
5,Fort Portal City,[],['Malaria'],[],[]
5,Gomba,[],['Malaria'],[],[]
5,Masaka,[],['Malaria'],[],['Measles']
5,Kisoro,[],['Malaria'],[],[]
5,Kabale,[],['Malaria'],[],[]
5,Sheema,[],[],['Malaria'],[]
5,Namutumba,[],['Malaria'],[],['Measles']
5,Rubanda,[],['Malaria'],[],[]
5,Buvuma,[],['Malaria'],[],[]
5,Mbale,[],['Malaria'],[],[]
5,Kikuube,[],['Malaria'],[],[]
5,Kyenjojo,[],"['Malaria', 'Maternal Death']",[],[]
5,Karenga,[],['Malaria'],[],[]
5,Kaliro,[],['Malaria'],[],['Measles']
5,Luuka,[],['Malaria'],[],[]
5,Budaka,['Acute Flaccid Paralysis'],['Malaria'],[],['Measles']
5,Rukiga,[],['Malaria'],[],[]
5,Manafwa,[],['Malaria'],[],[]
5,Bundibugyo,[],"['Lymphatic Filariasis', 'Malaria']",[],[]
5,Jinja,[],['Malaria'],[],['Measles']
5,Sironko,[],['Malaria'],[],[]
5,Kalangala,[],['Malaria'],[],[]
5,Hoima,[],['Malaria'],[],[]
5,Mitooma,[],['Malaria'],[],[]
5,Isingiro,[],['Malaria'],[],[]
5,Butaleja,[],['Malaria'],[],['Measles']
5,Rukungiri,[],['Malaria'],[],[]
5,Ibanda,[],['Malaria'],[],[]
5,Mubende,[],"['Malaria', 'Maternal Death']",[],['Measles']
5,Bukomansimbi,[],['Malaria'],[],['Measles']
5,Hoima City,[],"['Malaria', 'Maternal Death']",[],[]
5,Lwengo,[],['Malaria'],[],['Measles']
5,Buhweju,[],"['Malaria', 'Maternal Death']",[],[]
5,Kasese,[],"['Malaria', 'Maternal Death']",[],['Measles']
5,Iganga,[],"['Malaria', 'Maternal Death', 'Measles']",[],[]
5,Kakumiro,[],['Malaria'],[],['Measles']
5,Bududa,[],['Malaria'],[],[]
5,Namisindwa,[],['Malaria'],[],[]
5,Kalungu,[],['Malaria'],[],['Measles']
5,Kassanda,[],['Malaria'],[],['Measles']
5,Kyankwanzi,[],['Malaria'],[],['Measles']
5,Namayingo,[],['Malaria'],[],[]
5,Kamwenge,[],['Malaria'],[],[]
5,Kamuli,[],"['Guinea Worm', 'Malaria', 'Maternal Death']",[],['Measles']
5,Kayunga,[],"['Malaria', 'Maternal Death', 'Measles']",[],[]
5,Terego,[],"['Malaria', 'Schistosomiasis']",[],[]
5,Rakai,[],['Malaria'],[],['Measles']
5,Mayuge,[],['Malaria'],[],['Measles']
5,0,[],[],[],[]
5,Masaka City,[],"['Malaria', 'Maternal Death']",[],['Measles']
5,Luwero,[],['Malaria'],[],['Measles']
5,Buliisa,[],['Malaria'],[],['Measles']
5,Bulambuli,[],['Malaria'],['Measles'],[]
5,Kween,[],['Malaria'],[],['Measles']
5,Kazo,['Anthrax'],['Malaria'],[],['Measles']
5,Mityana,[],['Malaria'],['Measles'],[]
5,Kiryandongo,[],"['Malaria', 'Maternal Death']",[],['Measles']
5,Koboko,[],['Malaria'],[],[]
5,Bushenyi,[],['Malaria'],[],[]
5,Mbarara City,[],['Malaria'],[],[]
5,Kyegegwa,[],['Malaria'],[],['Measles']
5,Mbarara,[],['Malaria'],[],[]
5,Gulu,[],['Malaria'],[],[]
5,Bunyangabu,[],['Malaria'],[],[]
5,Rwampara,[],['Malaria'],[],[]
5,Omoro,[],['Malaria'],[],[]
5,Nabilatuk,[],['Malaria'],[],['Measles']
5,Bukedea,[],['Malaria'],[],[]
5,Mpigi,[],['Malaria'],[],[]
5,Napak,['Acute Flaccid Paralysis'],"['Malaria', 'Measles']",[],[]
5,Ntungamo,[],['Malaria'],[],[]
5,Bukwo,[],['Malaria'],[],[]
5,Nakapiripirit,[],['Malaria'],['Measles'],[]
5,Pakwach,[],"['Malaria', 'Schistosomiasis']",[],[]
5,Kibaale,[],['Malaria'],[],[]
5,Bugweri,[],['Malaria'],[],[]
5,Nwoya,[],['Malaria'],[],[]
5,Nakasongola,[],['Malaria'],[],['Measles']
5,Bugiri,[],['Malaria'],[],['Measles']
5,Lyantonde,[],['Malaria'],[],[]
5,Kibuku,[],['Malaria'],[],['Measles']
5,Masindi,['Acute Flaccid Paralysis'],['Malaria'],[],['Measles']
5,Obongi,[],[],[],[]
5,Jinja City,[],"['Malaria', 'Maternal Death']",[],['Measles']
5,Nakaseke,[],['Malaria'],[],['Measles']
5,Nebbi,[],['Malaria'],[],[]
5,Moroto,[],['Malaria'],['Measles'],[]
5,Busia,[],['Malaria'],[],['Measles']
5,Soroti,['Yellow Fever'],['Malaria'],[],[]
5,Madi-Okollo,[],['Malaria'],[],['Measles']
5,Kitgum,[],"['Malaria', 'Maternal Death']",['Measles'],[]
5,Maracha,[],['Malaria'],[],[]
5,Arua,[],['Malaria'],[],[]
5,Pallisa,[],['Malaria'],[],[]
5,Ngora,[],['Malaria'],[],[]
5,Lamwo,[],"['Cholera', 'Malaria', 'Maternal Death']",[],[]
5,Kumi,[],['Malaria'],[],[]
5,Buikwe,[],"['Malaria', 'Maternal Death']",[],['Measles']
5,Kiboga,[],['Malaria'],[],['Measles']
5,Apac,[],"['Malaria', 'Maternal Death']",[],[]
5,Kapelebyong,[],['Malaria'],[],[]
5,Amolatar,[],['Malaria'],[],['Measles']
5,Otuke,[],['Malaria'],[],['Measles']
5,Tororo,[],['Malaria'],[],['Measles']
5,Kapchorwa,[],['Malaria'],[],['Measles']
5,Soroti City,[],['Malaria'],[],[]
5,Kwania,[],"['Cholera', 'Malaria']",[],[]
5,Yumbe,['Acute Flaccid Paralysis'],"['Malaria', 'Trachoma']",[],[]
5,Kaberamaido,[],['Malaria'],[],[]
5,Abim,[],['Malaria'],[],['Measles']
5,Agago,[],"['Cholera', 'Malaria']",[],['Measles']
5,Amudat,[],['Malaria'],['Measles'],[]
5,Kagadi,[],['Malaria'],[],['Measles']
5,Kitagwenda,[],['Malaria'],[],[]
5,Serere,[],['Malaria'],[],[]
5,Amuria,[],['Malaria'],[],[]
5,Oyam,[],['Malaria'],[],[]
5,Dokolo,[],['Malaria'],[],[]
5,Kalaki,[],['Malaria'],[],[]
5,Lira,[],['Malaria'],[],[]
5,Kole,[],['Malaria'],[],['Measles']
5,Mukono,[],"['Malaria', 'Maternal Death']",[],['Measles']
5,Alebtong,[],"['Malaria', 'Maternal Death']",[],[]
5,Mbale City,[],"['Dengue Fever', 'Malaria']",['Measles'],[]
5,Adjumani,['Acute Flaccid Paralysis'],['Malaria'],[],[]
5,Wakiso,['Measles'],"['Guinea Worm', 'Malaria']",[],[]
5,Arua City,[],"['Malaria', 'Maternal Death']",[],[]
5,Kabarole,[],['Malaria'],[],[]
5,Gulu City,[],"['Malaria', 'Maternal Death']",[],[]
5,Kampala,"['Measles', 'Plague']","['Malaria', 'Maternal Death']",[],[]
5,Pader,[],"['Malaria', 'Measles']",[],[]
5,Zombo,[],"['Malaria', 'Maternal Death']",[],[]
5,Lira City,[],"['Malaria', 'Maternal Death']",[],[]
5,Kotido,[],['Malaria'],[],[]
5,Moyo,[],[],['Malaria'],[]
5,Rubirizi,[],['Malaria'],[],[]
5,Kyotera,[],['Malaria'],[],[]
5,Kanungu,['Acute Flaccid Paralysis'],['Malaria'],[],['Measles']
5,Katakwi,[],['Malaria'],[],[]
4,Sembabule,[],['Malaria'],[],[]
4,Nabilatuk,[],['Malaria'],['Measles'],[]
4,Karenga,[],['Malaria'],[],[]
4,Kaabong,[],"['Malaria', 'Maternal Death']",[],[]
4,Ntoroko,[],['Malaria'],[],['Measles']
4,Butebo,[],['Malaria'],[],[]
4,Butaleja,[],['Malaria'],[],['Measles']
4,Kiruhura,[],"['Malaria', 'Maternal Death']",[],['Measles']
4,Gomba,[],['Malaria'],[],[]
4,Buyende,[],"['Malaria', 'Maternal Death']",[],[]
4,Fort Portal City,[],"['Malaria', 'Maternal Death']",[],[]
4,Masaka,[],['Malaria'],[],['Measles']
4,Kisoro,['Maternal Death'],['Malaria'],[],[]
4,Kabale,[],['Malaria'],[],['Measles']
4,Sheema,[],['Malaria'],[],[]
4,Namutumba,[],['Malaria'],[],['Measles']
4,Amuru,[],"['Malaria', 'Maternal Death']",[],[]
4,Sironko,[],['Malaria'],[],[]
4,Rukungiri,[],['Malaria'],[],[]
4,Butambala,[],['Malaria'],[],['Measles']
4,Ibanda,[],['Malaria'],[],[]
4,Kyenjojo,[],['Malaria'],[],['Measles']
4,Mbale,[],['Malaria'],[],['Measles']
4,Kaliro,[],['Malaria'],[],['Measles']
4,Luuka,[],"['Malaria', 'Maternal Death']",[],['Measles']
4,Budaka,[],['Malaria'],[],['Measles']
4,Rukiga,[],[],['Malaria'],[]
4,Manafwa,[],['Malaria'],[],[]
4,Bundibugyo,[],['Malaria'],[],[]
4,Jinja,[],"['Guinea Worm', 'Malaria']",[],['Measles']
4,Kalangala,[],['Malaria'],[],['Measles']
4,Hoima,[],['Malaria'],[],[]
4,Mitooma,[],['Malaria'],[],[]
4,Isingiro,[],['Malaria'],[],['Measles']
4,Kikuube,[],['Malaria'],[],[]
4,0,[],[],[],[]
4,Buvuma,[],['Malaria'],[],['Measles']
4,Hoima City,[],['Malaria'],[],['Measles']
4,Luwero,[],['Malaria'],[],['Measles']
4,Lwengo,[],['Malaria'],[],['Measles']
4,Bukomansimbi,['Acute Flaccid Paralysis'],['Malaria'],[],['Measles']
4,Buhweju,[],['Malaria'],[],[]
4,Kasese,[],"['Malaria', 'Maternal Death']",[],['Measles']
4,Iganga,['Plague'],"['Malaria', 'Maternal Death']",['Measles'],[]
4,Namisindwa,[],['Malaria'],[],[]
4,Bududa,[],[],['Malaria'],[]
4,Kakumiro,[],['Malaria'],[],['Measles']
4,Kalungu,[],['Malaria'],[],[]
4,Kassanda,[],['Malaria'],[],['Measles']
4,Kyankwanzi,[],['Malaria'],[],['Measles']
4,Namayingo,[],['Malaria'],[],['Measles']
4,Kamwenge,[],['Malaria'],[],['Measles']
4,Kamuli,[],['Malaria'],[],['Measles']
4,Kayunga,[],"['Malaria', 'Measles']",[],[]
4,Rakai,[],['Malaria'],[],['Measles']
4,Mayuge,['Yellow Fever'],['Malaria'],['Measles'],[]
4,Mubende,[],['Malaria'],['Measles'],[]
4,Kiryandongo,['Yellow Fever'],"['Malaria', 'Maternal Death']",[],['Measles']
4,Buliisa,[],['Malaria'],[],[]
4,Bulambuli,[],['Malaria'],[],['Measles']
4,Kween,['Acute Flaccid Paralysis'],['Malaria'],[],['Measles']
4,Kazo,['Anthrax'],['Malaria'],[],['Measles']
4,Mityana,['Measles'],['Malaria'],[],[]
4,Masaka City,[],"['Malaria', 'Maternal Death']",[],['Measles']
4,Bushenyi,[],['Malaria'],[],[]
4,Koboko,[],['Malaria'],[],[]
4,Mbarara City,[],"['Malaria', 'Maternal Death']",[],['Measles']
4,Kyegegwa,[],['Malaria'],[],['Measles']
4,Mbarara,[],['Malaria'],[],[]
4,Gulu,[],['Malaria'],[],[]
4,Bunyangabu,[],['Malaria'],[],[]
4,Rubanda,[],['Malaria'],[],[]
4,Rwampara,[],['Malaria'],[],[]
4,Soroti,[],['Malaria'],[],[]
4,Terego,[],['Malaria'],[],[]
4,Buikwe,[],['Malaria'],[],[]
4,Ntungamo,[],"['Malaria', 'Maternal Death']",[],[]
4,Bukwo,[],['Malaria'],[],[]
4,Nakapiripirit,[],"['Malaria', 'Measles']",[],[]
4,Pakwach,[],"['Malaria', 'Schistosomiasis']",[],[]
4,Kibaale,[],['Malaria'],[],[]
4,Mpigi,[],['Malaria'],[],['Measles']
4,Bugweri,[],['Malaria'],[],[]
4,Nakasongola,[],['Malaria'],[],['Measles']
4,Omoro,[],['Malaria'],[],[]
4,Lyantonde,[],['Malaria'],[],['Measles']
4,Kibuku,['Acute Flaccid Paralysis'],['Malaria'],[],['Measles']
4,Masindi,[],['Malaria'],[],['Measles']
4,Obongi,[],[],[],[]
4,Nwoya,[],['Malaria'],[],[]
4,Otuke,[],['Malaria'],[],['Measles']
4,Jinja City,[],['Malaria'],[],['Measles']
4,Bugiri,[],"['Malaria', 'Maternal Death', 'Measles']",[],[]
4,Tororo,[],"['Malaria', 'Maternal Death']",[],['Measles']
4,Madi-Okollo,[],['Malaria'],[],[]
4,Busia,[],['Malaria'],[],[]
4,Kitgum,['Acute Flaccid Paralysis'],"['Malaria', 'Maternal Death']",[],[]
4,Maracha,[],[],['Malaria'],[]
4,Arua,[],[],['Malaria'],[]
4,Pallisa,[],['Malaria'],[],[]
4,Ngora,[],['Malaria'],[],[]
4,Lamwo,['Cholera'],['Malaria'],[],[]
4,Nakaseke,[],['Malaria'],[],['Measles']
4,Kumi,[],['Malaria'],[],[]
4,Kiboga,[],['Malaria'],['Measles'],[]
4,Apac,['Acute Flaccid Paralysis'],['Malaria'],[],[]
4,Kapelebyong,[],['Malaria'],[],[]
4,Amolatar,[],['Malaria'],[],['Measles']
4,Moroto,[],['Malaria'],[],['Measles']
4,Bukedea,[],['Malaria'],[],[]
4,Amudat,[],['Malaria'],['Measles'],[]
4,Napak,[],['Malaria'],[],['Measles']
4,Nebbi,[],['Malaria'],[],[]
4,Mukono,[],"['Malaria', 'Maternal Death']",[],['Measles']
4,Kole,[],['Malaria'],[],['Measles']
4,Yumbe,['Acute Flaccid Paralysis'],['Malaria'],[],[]
4,Kaberamaido,[],['Malaria'],[],[]
4,Abim,[],"['Malaria', 'Maternal Death', 'Measles']",[],[]
4,Agago,[],"['Cholera', 'Malaria']",[],['Measles']
4,Kagadi,[],['Malaria'],[],['Measles']
4,Kitagwenda,[],['Malaria'],[],[]
4,Kapchorwa,[],['Malaria'],[],[]
4,Amuria,[],['Malaria'],[],[]
4,Oyam,[],['Malaria'],[],['Measles']
4,Dokolo,[],['Malaria'],[],[]
4,Kalaki,[],['Malaria'],[],['Measles']
4,Lira,[],['Malaria'],[],[]
4,Alebtong,[],"['Malaria', 'Maternal Death']",[],[]
4,Lira City,[],"['Malaria', 'Maternal Death']",[],[]
4,Kwania,[],['Malaria'],[],[]
4,Serere,[],['Malaria'],[],[]
4,Soroti City,[],['Malaria'],[],[]
4,Kotido,[],"['Malaria', 'Maternal Death']",[],[]
4,Mbale City,['Acute Flaccid Paralysis'],"['Malaria', 'Maternal Death']",[],['Measles']
4,Kabarole,[],['Malaria'],[],[]
4,Gulu City,[],['Malaria'],[],['Measles']
4,Kampala,['Measles'],"['Malaria', 'Maternal Death']",[],[]
4,Pader,[],"['Malaria', 'Measles']",[],[]
4,Zombo,[],['Malaria'],[],['Measles']
4,Adjumani,['Acute Flaccid Paralysis'],"['Malaria', 'Onchocerciasis']",[],['Measles']
4,Arua City,[],['Malaria'],[],['Measles']
4,Katakwi,[],['Malaria'],[],[]
4,Rubirizi,[],['Malaria'],[],[]
4,Kyotera,[],['Malaria'],[],[]
4,Kanungu,[],['Malaria'],[],['Measles']
4,Wakiso,[],"['Malaria', 'Maternal Death']",[],['Measles']
4,Moyo,[],['Malaria'],[],[]
3,Butebo,[],['Malaria'],[],[]
3,Kiruhura,[],"['Malaria', 'Maternal Death']",[],[]
3,0,[],[],[],[]
3,Nabilatuk,[],['Malaria'],[],['Measles']
3,Karenga,[],[],['Malaria'],[]
3,Kaabong,[],['Malaria'],[],[]
3,Kabale,[],['Malaria'],[],[]
3,Ntoroko,[],['Malaria'],[],['Measles']
3,Buyende,[],['Malaria'],[],['Measles']
3,Sembabule,[],"['Malaria', 'Maternal Death']",[],[]
3,Sheema,[],['Malaria'],[],[]
3,Fort Portal City,['Acute Flaccid Paralysis'],"['Malaria', 'Maternal Death']",[],['Measles']
3,Gomba,[],['Malaria'],[],['Measles']
3,Masaka,[],['Malaria'],[],[]
3,Kisoro,[],"['Malaria', 'Maternal Death']",[],[]
3,Butambala,[],['Malaria'],[],['Measles']
3,Namutumba,[],['Malaria'],['Measles'],[]
3,Manafwa,[],['Malaria'],[],[]
3,Buvuma,[],['Malaria'],[],['Measles']
3,Mitooma,[],['Malaria'],[],[]
3,Koboko,[],['Malaria'],[],[]
3,Butaleja,[],['Malaria'],[],['Measles']
3,Kikuube,[],['Malaria'],[],['Measles']
3,Rwampara,[],[],['Malaria'],[]
3,Kyenjojo,[],['Malaria'],[],['Measles']
3,Mbale,[],['Malaria'],[],['Measles']
3,Kaliro,[],['Malaria'],[],[]
3,Luuka,[],['Malaria'],[],['Measles']
3,Budaka,[],['Malaria'],[],['Measles']
3,Rukiga,[],['Malaria'],[],[]
3,Bundibugyo,[],['Malaria'],[],[]
3,Jinja,[],['Malaria'],[],[]
3,Sironko,[],['Malaria'],[],[]
3,Kalangala,[],['Malaria'],[],[]
3,Hoima,[],['Malaria'],[],[]
3,Isingiro,[],['Malaria'],[],[]
3,Rubanda,[],['Malaria'],[],[]
3,Amuru,[],['Malaria'],[],['Measles']
3,Ibanda,[],['Malaria'],[],[]
3,Bududa,[],['Malaria'],[],[]
3,Bukomansimbi,[],['Malaria'],[],['Measles']
3,Buhweju,[],['Malaria'],[],[]
3,Kasese,[],"['Malaria', 'Maternal Death']",[],['Measles']
3,Iganga,[],['Malaria'],[],['Measles']
3,Kakumiro,[],['Malaria'],[],[]
3,Namisindwa,[],['Malaria'],[],[]
3,Rakai,[],['Malaria'],[],['Measles']
3,Kayunga,[],"['Malaria', 'Measles']",[],[]
3,Kalungu,[],"['Malaria', 'Maternal Death']",[],['Measles']
3,Kassanda,[],['Malaria'],[],['Measles']
3,Kyankwanzi,[],['Malaria'],[],['Measles']
3,Namayingo,[],['Malaria'],[],['Measles']
3,Kamwenge,[],['Malaria'],[],[]
3,Kamuli,[],"['Malaria', 'Maternal Death']",[],[]
3,Lwengo,[],['Malaria'],['Measles'],[]
3,Mayuge,[],['Malaria'],[],['Measles']
3,Hoima City,[],"['Malaria', 'Maternal Death']",[],[]
3,Masaka City,[],"['Malaria', 'Maternal Death']",[],['Measles']
3,Luwero,[],['Malaria'],[],['Measles']
3,Buliisa,['Yellow Fever'],['Malaria'],[],['Measles']
3,Bulambuli,[],['Malaria'],[],['Measles']
3,Kween,[],['Malaria'],[],[]
3,Kazo,['Anthrax'],['Malaria'],[],[]
3,Mityana,[],"['Malaria', 'Maternal Death']",[],['Measles']
3,Kiryandongo,[],"['Malaria', 'Maternal Death']",[],['Measles']
3,Mubende,['Acute Flaccid Paralysis'],"['Malaria', 'Maternal Death']",[],['Measles']
3,Bushenyi,[],"['Malaria', 'Maternal Death']",[],[]
3,Mbarara City,[],['Malaria'],[],[]
3,Kyegegwa,[],['Malaria'],[],['Measles']
3,Mbarara,[],['Malaria'],[],[]
3,Gulu,[],['Malaria'],[],[]
3,Bunyangabu,[],['Malaria'],[],['Measles']
3,Terego,[],"['Malaria', 'Schistosomiasis']",[],[]
3,Rukungiri,[],['Malaria'],[],[]
3,Busia,[],"['Malaria', 'Maternal Death']",[],['Measles']
3,Lyantonde,['Yellow Fever'],['Malaria'],[],['Measles']
3,Mpigi,[],['Malaria'],[],[]
3,Omoro,[],['Malaria'],[],[]
3,Ntungamo,[],['Malaria'],[],[]
3,Bukwo,[],['Malaria'],[],[]
3,Nakapiripirit,[],"['Malaria', 'Measles']",[],[]
3,Pakwach,[],"['Malaria', 'Schistosomiasis']",[],[]
3,Kibaale,[],['Malaria'],[],[]
3,Bugweri,['Acute Flaccid Paralysis'],['Malaria'],[],['Measles']
3,Jinja City,[],"['Malaria', 'Maternal Death']",[],['Measles']
3,Nakasongola,[],['Malaria'],[],['Measles']
3,Bugiri,['Acute Flaccid Paralysis'],"['Malaria', 'Maternal Death', 'Measles']",[],[]
3,Kibuku,[],['Malaria'],[],['Measles']
3,Masindi,[],"['Malaria', 'Maternal Death']",[],['Measles']
3,Obongi,[],['Malaria'],[],[]
3,Nwoya,[],['Malaria'],[],[]
3,Buikwe,[],['Malaria'],[],['Measles']
3,Madi-Okollo,[],['Malaria'],[],['Measles']
3,Alebtong,[],['Malaria'],[],[]
3,Otuke,[],['Malaria'],[],['Measles']
3,Soroti,[],['Malaria'],[],[]
3,Kitgum,['Acute Flaccid Paralysis'],"['Cholera', 'Malaria']",[],[]
3,Maracha,[],['Malaria'],[],[]
3,Arua,[],['Malaria'],[],[]
3,Pallisa,[],['Malaria'],[],['Measles']
3,Ngora,[],['Malaria'],[],[]
3,Lamwo,['Cholera'],['Malaria'],[],[]
3,Nakaseke,[],['Malaria'],['Measles'],[]
3,Kumi,[],['Malaria'],[],[]
3,Kiboga,[],['Malaria'],[],['Measles']
3,Apac,[],"['Malaria', 'Maternal Death']",[],[]
3,Kapelebyong,[],['Malaria'],[],[]
3,Amolatar,[],"['Malaria', 'Maternal Death']",[],['Measles']
3,Moroto,[],['Malaria'],[],['Measles']
3,Bukedea,['Acute Flaccid Paralysis'],['Malaria'],[],[]
3,Napak,[],"['Malaria', 'Measles']",[],[]
3,Kapchorwa,[],['Malaria'],[],[]
3,Tororo,[],['Malaria'],[],['Measles']
3,Mukono,[],['Malaria'],[],['Measles']
3,Serere,[],['Malaria'],[],[]
3,Kole,[],['Malaria'],[],[]
3,Yumbe,['Acute Flaccid Paralysis'],['Malaria'],[],[]
3,Kaberamaido,[],['Malaria'],[],[]
3,Abim,[],['Malaria'],[],['Measles']
3,Agago,[],"['Cholera', 'Malaria']",[],[]
3,Kagadi,[],['Malaria'],[],[]
3,Kwania,[],['Malaria'],[],[]
3,Kitagwenda,[],['Malaria'],[],[]
3,Amuria,[],['Malaria'],[],[]
3,Oyam,[],['Malaria'],[],[]
3,Dokolo,[],['Malaria'],[],[]
3,Kalaki,[],['Malaria'],[],[]
3,Lira,[],['Malaria'],[],[]
3,Soroti City,[],['Malaria'],[],[]
3,Nebbi,[],"['Malaria', 'Maternal Death']",[],[]
3,Amudat,[],['Malaria'],[],['Measles']
3,Mbale City,[],['Malaria'],[],['Measles']
3,Adjumani,[],"['Cholera', 'Malaria']",[],['Measles']
3,Wakiso,['Anthrax'],['Malaria'],['Measles'],[]
3,Arua City,[],"['Malaria', 'Maternal Death']",[],['Measles']
3,Kabarole,[],['Malaria'],[],[]
3,Gulu City,[],"['Malaria', 'Maternal Death']",[],[]
3,Kampala,['Measles'],"['Malaria', 'Maternal Death']",[],[]
3,Zombo,['Plague'],"['Leprosy', 'Malaria']",[],['Measles']
3,Pader,['Measles'],['Malaria'],[],[]
3,Kotido,[],['Malaria'],[],[]
3,Lira City,[],"['Malaria', 'Maternal Death']",[],['Measles']
3,Katakwi,[],['Malaria'],[],[]
3,Moyo,[],['Malaria'],[],[]
3,Rubirizi,['Acute Flaccid Paralysis'],['Malaria'],[],[]
3,Kyotera,[],['Malaria'],[],['Measles']
3,Kanungu,[],['Malaria'],[],['Measles']
2,Pader,[],['Malaria'],['Measles'],[]
2,Kyotera,[],['Malaria'],[],['Measles']
2,Rubirizi,[],['Malaria'],[],[]
2,Moyo,[],['Malaria'],[],['Measles']
2,Katakwi,[],['Malaria'],[],[]
2,Kotido,[],['Malaria'],[],[]
2,Adjumani,[],"['Cholera', 'Malaria']",[],[]
2,Tororo,['Yellow Fever'],['Malaria'],[],[]
2,Soroti City,[],['Malaria'],[],[]
2,Kampala,"['Acute Flaccid Paralysis', 'Measles']","['Malaria', 'Maternal Death']",[],[]
2,Gulu City,[],"['Malaria', 'Maternal Death']",[],[]
2,Kabarole,[],['Malaria'],[],[]
2,Arua City,[],['Malaria'],[],['Measles']
2,Lira City,[],"['Malaria', 'Maternal Death']",[],[]
2,Mbale City,[],"['Malaria', 'Maternal Death', 'Measles']",[],[]
2,Mukono,[],['Malaria'],[],['Measles']
2,Zombo,[],['Malaria'],[],[]
2,Lira,[],['Malaria'],[],['Measles']
2,Serere,[],"['Malaria', 'Maternal Death']",[],[]
2,Alebtong,[],['Malaria'],[],[]
2,Otuke,[],['Malaria'],[],[]
2,Kalaki,[],['Malaria'],[],[]
2,Dokolo,[],"['Malaria', 'Maternal Death']",[],[]
2,Oyam,[],['Malaria'],[],[]
2,Amuria,[],['Malaria'],[],[]
2,Kitagwenda,[],['Malaria'],[],[]
2,Kwania,[],['Malaria'],[],[]
2,Kagadi,[],['Malaria'],[],[]
2,Amudat,['Anthrax'],['Malaria'],['Measles'],[]
2,Agago,[],['Malaria'],[],[]
2,Abim,[],['Malaria'],['Measles'],[]
2,Kaberamaido,[],['Malaria'],[],['Measles']
2,Yumbe,[],"['Malaria', 'Maternal Death']",[],[]
2,Kole,[],['Malaria'],[],[]
2,Nebbi,[],['Malaria'],[],[]
2,Omoro,[],['Malaria'],[],[]
2,Buikwe,[],['Malaria'],[],['Measles']
2,Bugweri,[],['Malaria'],[],[]
2,Obongi,[],[],[],[]
2,Kapelebyong,[],['Malaria'],[],[]
2,Apac,[],"['Malaria', 'Maternal Death']",[],[]
2,Kiboga,[],['Malaria'],[],['Measles']
2,Kumi,[],['Malaria'],[],[]
2,Lamwo,['Cholera'],['Malaria'],[],[]
2,Bukedea,[],['Malaria'],[],[]
2,Ngora,[],"['Malaria', 'Maternal Death']",[],[]
2,Pallisa,[],['Malaria'],[],[]
2,Arua,[],[],['Malaria'],[]
2,Maracha,['Yellow Fever'],['Malaria'],[],[]
2,Kitgum,[],"['Cholera', 'Malaria']",[],[]
2,Madi-Okollo,[],['Malaria'],[],[]
2,Nabilatuk,[],"['Malaria', 'Measles']",[],[]
2,Amuru,['Anthrax'],['Malaria'],[],['Measles']
2,0,[],[],[],[]
2,Amolatar,[],['Malaria'],[],[]
2,Moroto,[],[],['Malaria'],['Measles']
2,Soroti,['Acute Flaccid Paralysis'],"['Malaria', 'Maternal Death']",[],[]
2,Jinja City,['Plague'],['Malaria'],[],['Measles']
2,Masindi,['Yellow Fever'],['Malaria'],[],['Measles']
2,Kibuku,[],['Malaria'],['Measles'],[]
2,Lyantonde,[],['Malaria'],[],[]
2,Bugiri,[],['Malaria'],[],['Measles']
2,Nakasongola,[],['Malaria'],[],[]
2,Mpigi,[],"['Malaria', 'Maternal Death']",[],[]
2,Kibaale,[],['Malaria'],[],[]
2,Nakaseke,"['Acute Flaccid Paralysis', 'Measles']","['Malaria', 'Maternal Death']",[],[]
2,Pakwach,[],"['Malaria', 'Schistosomiasis']",[],[]
2,Nakapiripirit,[],['Malaria'],['Measles'],[]
2,Bukwo,[],['Malaria'],[],[]
2,Ntungamo,['Yellow Fever'],['Malaria'],[],[]
2,Napak,[],['Malaria'],[],['Measles']
2,Nwoya,[],['Malaria'],['Measles'],[]
2,Busia,[],"['Malaria', 'Maternal Death']",[],[]
2,Kapchorwa,[],['Malaria'],[],[]
2,Mayuge,[],['Malaria'],['Measles'],[]
2,Bukomansimbi,[],['Malaria'],[],['Measles']
2,Hoima City,[],['Malaria'],[],['Measles']
2,Kiryandongo,[],['Malaria'],['Measles'],[]
2,Bunyangabu,[],['Malaria'],[],[]
2,Gulu,[],['Malaria'],[],[]
2,Mbarara,[],['Malaria'],[],[]
2,Kyegegwa,[],['Malaria'],[],['Measles']
2,Mbarara City,[],['Malaria'],[],['Measles']
2,Bushenyi,[],['Malaria'],[],[]
2,Masaka City,[],"['Malaria', 'Maternal Death']",[],['Measles']
2,Koboko,[],"['Malaria', 'Maternal Death']",[],[]
2,Mityana,[],"['Malaria', 'Maternal Death']",[],['Measles']
2,Kazo,['Anthrax'],['Malaria'],[],[]
2,Kween,[],['Malaria'],[],[]
2,Bulambuli,[],['Malaria'],[],['Measles']
2,Buliisa,[],"['Malaria', 'Maternal Death', 'Schistosomiasis']",[],['Measles']
2,Lwengo,[],['Malaria'],[],['Measles']
2,Buhweju,[],['Malaria'],[],[]
2,Rubanda,[],['Malaria'],[],[]
2,Kasese,[],['Malaria'],[],['Measles']
2,Mubende,[],['Malaria'],[],['Measles']
2,Kanungu,[],['Malaria'],[],['Measles']
2,Terego,[],"['Malaria', 'Schistosomiasis']",[],[]
2,Kayunga,[],"['Malaria', 'Maternal Death', 'Measles']",[],[]
2,Kamuli,[],"['Malaria', 'Maternal Death']",[],[]
2,Kamwenge,[],['Malaria'],[],['Measles']
2,Namayingo,[],['Malaria'],[],['Measles']
2,Kyankwanzi,[],['Malaria'],[],['Measles']
2,Kassanda,[],['Malaria'],[],['Measles']
2,Kalungu,[],['Malaria'],[],['Measles']
2,Rakai,[],['Malaria'],[],['Measles']
2,Bududa,[],['Malaria'],[],[]
2,Namisindwa,[],['Malaria'],[],[]
2,Kakumiro,[],['Malaria'],[],['Measles']
2,Iganga,[],['Malaria'],['Measles'],[]
2,Luwero,['Acute Flaccid Paralysis'],['Malaria'],[],['Measles']
2,Wakiso,['Yellow Fever'],"['Malaria', 'Maternal Death']",['Measles'],[]
2,Ibanda,['Acute Flaccid Paralysis'],['Malaria'],[],[]
2,Kikuube,[],"['Malaria', 'Maternal Death']",['Measles'],[]
2,Bundibugyo,[],['Malaria'],[],[]
2,Isingiro,[],['Malaria'],[],[]
2,Mitooma,[],['Malaria'],[],[]
2,Hoima,[],['Malaria'],[],[]
2,Kalangala,[],['Malaria'],[],['Measles']
2,Sironko,[],['Malaria'],[],[]
2,Jinja,[],['Malaria'],[],[]
2,Manafwa,[],['Malaria'],[],[]
2,Rwampara,[],['Malaria'],[],[]
2,Rukiga,[],[],['Malaria'],[]
2,Budaka,[],['Malaria'],[],['Measles']
2,Luuka,['Yellow Fever'],['Malaria'],[],['Measles']
2,Kaliro,[],['Malaria'],[],['Measles']
2,Mbale,[],['Malaria'],[],['Measles']
2,Rukungiri,[],['Malaria'],[],[]
2,Butaleja,[],"['Malaria', 'Maternal Death']",[],[]
2,Kyenjojo,['Acute Flaccid Paralysis'],['Malaria'],[],['Measles']
2,Butambala,[],['Malaria'],[],[]
2,Buyende,['Acute Flaccid Paralysis'],['Malaria'],[],['Measles']
2,Karenga,[],['Malaria'],[],[]
2,Namutumba,[],['Malaria'],[],['Measles']
2,Sheema,[],[],['Malaria'],[]
2,Kabale,[],['Malaria'],[],['Measles']
2,Kisoro,['Measles'],['Malaria'],[],[]
2,Masaka,[],['Malaria'],[],[]
2,Gomba,[],['Malaria'],[],['Measles']
2,Fort Portal City,[],"['Malaria', 'Maternal Death']",[],[]
2,Buvuma,[],['Malaria'],[],[]
2,Kiruhura,[],['Malaria'],[],[]
2,Butebo,[],['Malaria'],[],['Measles']
2,Ntoroko,[],['Malaria'],[],['Measles']
2,Kaabong,[],['Malaria'],[],[]
2,Sembabule,[],['Malaria'],[],['Measles']
1,Adjumani,['Acute Flaccid Paralysis'],"['Cholera', 'Malaria']",[],[]
1,Mukono,[],['Malaria'],['Measles'],[]
1,Kapchorwa,[],['Malaria'],[],['Measles']
1,Rubirizi,[],['Malaria'],[],['Measles']
1,Moyo,[],['Malaria'],[],[]
1,Katakwi,[],['Malaria'],[],['Measles']
1,Mbale City,['Acute Flaccid Paralysis'],"['Malaria', 'Maternal Death']",['Measles'],[]
1,Kotido,[],['Malaria'],[],[]
1,Kampala,"['Acute Flaccid Paralysis', 'Measles']","['Malaria', 'Maternal Death']",[],[]
1,Zombo,[],['Malaria'],[],[]
1,Pader,['Measles'],['Malaria'],[],[]
1,Gulu City,[],"['Malaria', 'Maternal Death']",[],['Measles']
1,Kabarole,[],['Malaria'],[],[]
1,Arua City,[],['Malaria'],[],['Measles']
1,Lira City,[],['Malaria'],[],[]
1,Serere,[],['Malaria'],[],[]
1,Otuke,[],['Malaria'],[],['Measles']
1,Agago,[],"['Malaria', 'Maternal Death']",[],[]
1,Lira,[],['Malaria'],[],[]
1,Tororo,[],['Malaria'],[],[]
1,Soroti City,[],['Malaria'],[],[]
1,Alebtong,[],['Malaria'],[],[]
1,Kalaki,[],['Malaria'],[],[]
1,Dokolo,[],['Malaria'],[],[]
1,Oyam,[],"['Malaria', 'Maternal Death']",[],[]
1,Amuria,[],['Malaria'],[],[]
1,Kitagwenda,[],['Malaria'],[],[]
1,Kwania,[],['Malaria'],[],[]
1,Kagadi,[],['Malaria'],[],[]
1,Amudat,['Anthrax'],"['Malaria', 'Measles']",[],[]
1,Abim,[],['Malaria'],['Measles'],[]
1,Kaberamaido,[],['Malaria'],[],[]
1,Yumbe,['Acute Flaccid Paralysis'],['Malaria'],[],[]
1,Kole,[],['Malaria'],[],['Measles']
1,Nebbi,[],"['Malaria', 'Schistosomiasis']",[],['Measles']
1,Rubanda,[],['Malaria'],[],[]
1,Madi-Okollo,[],['Malaria'],[],[]
1,Omoro,[],['Malaria'],[],[]
1,Kyotera,[],['Malaria'],[],['Measles']
1,Buikwe,[],['Malaria'],[],['Measles']
1,Lamwo,[],"['Malaria', 'Maternal Death']",[],[]
1,Bukedea,[],['Malaria'],[],[]
1,Amolatar,[],['Malaria'],[],[]
1,Kapelebyong,[],['Malaria'],[],[]
1,Apac,[],['Malaria'],[],[]
1,Kiboga,[],"['Malaria', 'Maternal Death']",[],['Measles']
1,Kumi,[],"['Malaria', 'Maternal Death']",[],[]
1,Soroti,[],['Malaria'],[],[]
1,Moroto,[],"['Malaria', 'Maternal Death']",[],['Measles']
1,Ngora,[],['Malaria'],[],[]
1,Pallisa,[],['Malaria'],[],[]
1,Arua,"['Acute Flaccid Paralysis', 'Plague']",['Malaria'],[],[]
1,Maracha,[],['Malaria'],[],[]
1,Kitgum,['Yellow Fever'],"['Malaria', 'Maternal Death']",[],[]
1,Nakasongola,[],['Malaria'],[],[]
1,Nwoya,[],['Malaria'],[],[]
1,Busia,[],"['Malaria', 'Maternal Death']",[],['Measles']
1,Bugiri,[],['Malaria'],[],['Measles']
1,Nakaseke,[],"['Malaria', 'Measles']",[],[]
1,Mpigi,[],['Malaria'],[],[]
1,Obongi,[],[],['Malaria'],[]
1,Masindi,['Yellow Fever'],['Malaria'],[],[]
1,Kibuku,[],['Malaria'],['Measles'],[]
1,Lyantonde,[],['Malaria'],[],[]
1,Bugweri,[],['Malaria'],[],['Measles']
1,Napak,[],"['Malaria', 'Measles']",[],[]
1,Kibaale,[],['Malaria'],[],[]
1,Jinja City,[],['Malaria'],[],['Measles']
1,Pakwach,[],"['Malaria', 'Schistosomiasis']",[],[]
1,Nakapiripirit,[],"['Malaria', 'Measles']",[],[]
1,Bukwo,[],['Malaria'],[],[]
1,Ntungamo,[],['Malaria'],[],[]
1,Terego,[],"['Malaria', 'Schistosomiasis']",[],[]
1,Rukungiri,[],['Malaria'],[],[]
1,Amuru,[],['Malaria'],[],[]
1,Luwero,[],['Malaria'],[],['Measles']
1,0,[],[],[],[]
1,Koboko,[],['Malaria'],[],[]
1,Mubende,[],"['Malaria', 'Maternal Death']",[],['Measles']
1,Bunyangabu,[],['Malaria'],[],[]
1,Gulu,[],['Malaria'],[],[]
1,Mbarara,[],['Malaria'],[],[]
1,Kyegegwa,[],['Malaria'],[],[]
1,Mbarara City,[],['Malaria'],['Measles'],[]
1,Bushenyi,[],['Malaria'],[],[]
1,Kiryandongo,['Acute Flaccid Paralysis'],['Malaria'],[],['Measles']
1,Masaka City,['Measles'],"['Malaria', 'Maternal Death']",[],[]
1,Mityana,[],"['Dengue Fever', 'Malaria']",[],['Measles']
1,Kazo,[],['Malaria'],[],[]
1,Kween,[],['Malaria'],[],[]
1,Bulambuli,[],['Malaria'],[],['Measles']
1,Lwengo,[],['Malaria'],[],['Measles']
1,Bukomansimbi,[],['Malaria'],[],['Measles']
1,Buhweju,[],"['Malaria', 'Maternal Death']",[],[]
1,Kyankwanzi,[],['Malaria'],[],[]
1,Kanungu,['Yellow Fever'],['Malaria'],[],['Measles']
1,Mayuge,[],['Malaria'],['Measles'],[]
1,Kayunga,[],"['Malaria', 'Maternal Death', 'Measles']",[],[]
1,Kamuli,[],"['Malaria', 'Maternal Death']",[],['Measles']
1,Kamwenge,[],['Malaria'],[],[]
1,Namayingo,[],['Malaria'],[],['Measles']
1,Kassanda,[],"['Malaria', 'Trachoma']",[],['Measles']
1,Kasese,[],['Malaria'],[],['Measles']
1,Kalungu,[],['Malaria'],[],['Measles']
1,Rakai,[],['Malaria'],[],['Measles']
1,Bududa,[],[],['Malaria'],[]
1,Namisindwa,[],['Malaria'],[],[]
1,Kakumiro,[],['Malaria'],[],['Measles']
1,Iganga,[],"['Malaria', 'Maternal Death', 'Measles']",[],[]
1,Buliisa,[],"['Malaria', 'Schistosomiasis']",[],['Measles']
1,Hoima City,[],"['Malaria', 'Maternal Death']",[],['Measles']
1,Ibanda,[],['Malaria'],[],['Measles']
1,Namutumba,[],['Malaria'],[],['Measles']
1,Buvuma,[],['Malaria'],[],['Measles']
1,Manafwa,[],['Malaria'],[],[]
1,Mitooma,[],['Malaria'],[],[]
1,Hoima,[],['Malaria'],[],[]
1,Kalangala,[],['Malaria'],[],['Measles']
1,Sironko,[],['Malaria'],[],['Measles']
1,Jinja,[],['Malaria'],[],['Measles']
1,Bundibugyo,[],"['Malaria', 'Maternal Death']",[],[]
1,Rukiga,[],[],['Malaria'],[]
1,Kikuube,[],['Malaria'],[],['Measles']
1,Budaka,[],"['Malaria', 'Measles']",[],[]
1,Luuka,[],['Malaria'],[],[]
1,Kaliro,[],['Malaria'],[],['Measles']
1,Mbale,[],['Malaria'],[],['Measles']
1,Butaleja,[],['Malaria'],[],['Measles']
1,Butambala,[],['Malaria'],[],['Measles']
1,Kyenjojo,[],['Malaria'],[],['Measles']
1,Wakiso,[],"['Malaria', 'Maternal Death']",['Measles'],[]
1,Buyende,[],['Malaria'],[],['Measles']
1,Isingiro,[],['Malaria'],[],[]
1,Sheema,[],['Malaria'],[],[]
1,Kabale,[],"['Malaria', 'Maternal Death']",[],[]
1,Kisoro,['Measles'],[],['Malaria'],[]
1,Masaka,[],['Malaria'],[],['Measles']
1,Gomba,[],['Malaria'],[],[]
1,Fort Portal City,[],['Malaria'],[],[]
1,Rwampara,[],['Malaria'],[],[]
1,Sembabule,[],['Malaria'],[],['Measles']
1,Butebo,[],"['Malaria', 'Maternal Death']",[],[]
1,Ntoroko,[],['Malaria'],[],[]
1,Kaabong,[],['Malaria'],[],[]
1,Karenga,[],['Malaria'],[],[]
1,Nabilatuk,[],['Malaria'],[],['Measles']
1,Kiruhura,[],['Malaria'],[],[]
0,Kotido,[],[],[],[]
0,Adjumani,[],[],[],[]
0,Kanungu,[],[],[],[]
0,Kyotera,[],[],[],[]
0,Rubirizi,[],[],[],[]
0,Moyo,[],[],[],[]
0,Katakwi,[],[],[],[]
0,Pader,[],[],[],[]
0,Zombo,[],[],[],[]
0,Mbale City,[],[],[],[]
0,Mukono,[],[],[],[]
0,Kampala,[],[],[],[]
0,Gulu City,[],[],[],[]
0,Kabarole,[],[],[],[]
0,Arua City,[],[],[],[]
0,Lira City,[],[],[],[]
0,Soroti City,[],[],[],[]
0,Yumbe,[],[],[],[]
0,Serere,[],[],[],[]
0,Amuria,[],[],[],[]
0,Tororo,[],[],[],[]
0,Alebtong,[],[],[],[]
0,Lira,[],[],[],[]
0,Kalaki,[],[],[],[]
0,Dokolo,[],[],[],[]
0,Oyam,[],[],[],[]
0,Kitagwenda,[],[],[],[]
0,Kole,[],[],[],[]
0,Kwania,[],[],[],[]
0,Nebbi,[],[],[],[]
0,Amudat,[],[],[],[]
0,Agago,[],[],[],[]
0,Abim,[],[],[],[]
0,Kaberamaido,[],[],[],[]
0,Kagadi,[],[],[],[]
0,Kitgum,[],[],[],[]
0,Omoro,[],[],[],[]
0,Buikwe,[],[],[],[]
0,Kumi,[],[],[],[]
0,Nakaseke,[],[],[],[]
0,Moroto,[],[],[],[]
0,Amolatar,[],[],[],[]
0,Kapelebyong,[],[],[],[]
0,Apac,[],[],[],[]
0,Kiboga,[],[],[],[]
0,Soroti,[],[],[],[]
0,Madi-Okollo,[],[],[],[]
0,Lamwo,[],[],[],[]
0,Ngora,[],[],[],[]
0,Pallisa,[],[],[],[]
0,Arua,[],[],[],[]
0,Maracha,[],[],[],[]
0,Wakiso,[],[],[],[]
0,Bukedea,[],[],[],[]
0,Jinja City,[],[],[],[]
0,Busia,[],[],[],[]
0,Napak,[],[],[],[]
0,Otuke,[],[],[],[]
0,Nwoya,[],[],[],[]
0,Obongi,[],[],[],[]
0,Masindi,[],[],[],[]
0,Kibuku,[],[],[],[]
0,Lyantonde,[],[],[],[]
0,Bugiri,[],[],[],[]
0,Nakasongola,[],[],[],[]
0,Bugweri,[],[],[],[]
0,Mpigi,[],[],[],[]
0,Kibaale,[],[],[],[]
0,Pakwach,[],[],[],[]
0,Nakapiripirit,[],[],[],[]
0,Bukwo,[],[],[],[]
0,Ntungamo,[],[],[],[]
0,Kapchorwa,[],[],[],[]
0,Rukungiri,[],[],[],[]
0,Amuru,[],[],[],[]
0,Luwero,[],[],[],[]
0,Hoima City,[],[],[],[]
0,Koboko,[],[],[],[]
0,Ibanda,[],[],[],[]
0,Bunyangabu,[],[],[],[]
0,Gulu,[],[],[],[]
0,Mbarara,[],[],[],[]
0,Kyegegwa,[],[],[],[]
0,Mbarara City,[],[],[],[]
0,Bushenyi,[],[],[],[]
0,Kiryandongo,[],[],[],[]
0,Masaka City,[],[],[],[]
0,Mityana,[],[],[],[]
0,Kazo,[],[],[],[]
0,Kween,[],[],[],[]
0,Bulambuli,[],[],[],[]
0,Mubende,[],[],[],[]
0,Lwengo,[],[],[],[]
0,Bukomansimbi,[],[],[],[]
0,Kassanda,[],[],[],[]
0,Rakai,[],[],[],[]
0,Kayunga,[],[],[],[]
0,Kamuli,[],[],[],[]
0,Kamwenge,[],[],[],[]
0,Namayingo,[],[],[],[]
0,Kyankwanzi,[],[],[],[]
0,Kalungu,[],[],[],[]
0,Buhweju,[],[],[],[]
0,Kakumiro,[],[],[],[]
0,Bududa,[],[],[],[]
0,Namisindwa,[],[],[],[]
0,Mayuge,[],[],[],[]
0,Iganga,[],[],[],[]
0,Kasese,[],[],[],[]
0,Buliisa,[],[],[],[]
0,Rubanda,[],[],[],[]
0,Kyenjojo,[],[],[],[]
0,Rwampara,[],[],[],[]
0,Kikuube,[],[],[],[]
0,Bundibugyo,[],[],[],[]
0,Isingiro,[],[],[],[]
0,Mitooma,[],[],[],[]
0,Hoima,[],[],[],[]
0,Kalangala,[],[],[],[]
0,Sironko,[],[],[],[]
0,Jinja,[],[],[],[]
0,Manafwa,[],[],[],[]
0,Terego,[],[],[],[]
0,Rukiga,[],[],[],[]
0,Budaka,[],[],[],[]
0,Luuka,[],[],[],[]
0,Kaliro,[],[],[],[]
0,Mbale,[],[],[],[]
0,Buvuma,[],[],[],[]
0,Butambala,[],[],[],[]
0,Nabilatuk,[],[],[],[]
0,Gomba,[],[],[],[]
0,Butaleja,[],[],[],[]
0,Namutumba,[],[],[],[]
0,Sheema,[],[],[],[]
0,Kabale,[],[],[],[]
0,Kisoro,[],[],[],[]
0,Masaka,[],[],[],[]
0,Fort Portal City,[],[],[],[]
0,Karenga,[],[],[],[]
0,Buyende,[],[],[],[]
0,Sembabule,[],[],[],[]
0,Kiruhura,[],[],[],[]
0,Butebo,[],[],[],[]
0,Ntoroko,[],[],[],[]
0,Kaabong,[],[],[],[]
0,0,[],[],[],[]
