{"type": "FeatureCollection", "name": "ug_146", "crs": {"type": "name", "properties": {"name": "urn:ogc:def:crs:OGC:1.3:CRS84"}}, "features": [{"type": "Feature", "properties": {"OBJECTID": 1, "District": "ABIM", "Shape_Leng": 300618.629819, "Shape_Area": 2750314661.26, "Region": "Karamoja"}, "geometry": {"type": "Polygon", "coordinates": [[[33.58099460226643, 3.149123816388115], [33.61352261500796, 3.130622351191663], [33.70434030257069, 3.134641689204607], [33.66069508381992, 3.061276463414486], [33.721310819621785, 3.021687145652927], [33.72441664358833, 2.984490808204712], [33.75213340792119, 2.965576520383589], [33.80406881170616, 2.983436923453812], [33.86584461984625, 2.943802084097973], [33.90429797081337, 2.790706371194979], [33.880907852653365, 2.670454803024151], [33.965760814012064, 2.616704508128461], [34.0329724126153, 2.522165149746077], [34.03013555624321, 2.43109983954312], [34.00335105263639, 2.418211432186085], [34.00276803501582, 2.39948585827933], [33.96284685012485, 2.407267361856534], [33.84942982515505, 2.34313155189113], [33.73601392589973, 2.417338315152999], [33.73932888951398, 2.445493832151158], [33.705471557622545, 2.460444990581916], [33.669540296806865, 2.505389908531584], [33.62734671598332, 2.471159431390088], [33.5520428343052, 2.560877739940341], [33.52139597397101, 2.672086612157439], [33.53823260109086, 2.717090743083253], [33.60376011190233, 2.786863585755265], [33.60453981084238, 2.870080906986726], [33.57721067507064, 2.88052573799627], [33.57056775408299, 2.93395861049579], [33.580578135854665, 2.954092758299773], [33.55947877108294, 3.148935243744248], [33.58099460226643, 3.149123816388115]]]}}, {"type": "Feature", "properties": {"OBJECTID": 2, "District": "ADJUMANI", "Shape_Leng": 300463.725024, "Shape_Area": 3112655841.64, "Region": "West Nile"}, "geometry": {"type": "Polygon", "coordinates": [[[32.04596546676627, 3.588959354947539], [32.06237882924354, 3.580030103062838], [32.05751346882316, 3.410166440156256], [32.01732183941666, 3.411121057424133], [32.04363269255508, 3.339320352929307], [32.006694470627075, 3.288420408693446], [32.01335747487163, 3.231567697849823], [31.970809838785723, 3.181870064740353], [31.95972996225686, 3.124102959769548], [31.930689362900857, 3.086283365825065], [31.89011338456667, 2.975578273625641], [31.856733886886392, 2.950321512482256], [31.795660065080448, 2.951228403114218], [31.760767912749127, 2.970456700454375], [31.64408652967197, 2.936537974611625], [31.591767237572178, 2.946393601445831], [31.54092432244876, 2.877732633518881], [31.423854180810547, 2.939497260695027], [31.40175531034252, 2.982517650410593], [31.454666682985216, 3.033781746251521], [31.478506754509556, 3.03551599336354], [31.477544568703607, 3.066960338212387], [31.561892118843456, 3.192901319700232], [31.56319300592424, 3.250098939282499], [31.580421772969082, 3.263780339395617], [31.605830159591154, 3.348475080403889], [31.656288084854527, 3.392538791687266], [31.652581467272302, 3.433338426619921], [31.703188017505394, 3.492751950935297], [31.75147698487064, 3.496969287901931], [31.81790022080855, 3.549633655860394], [31.920690601487383, 3.509662889831738], [31.94938252387382, 3.524295189790818], [31.969105927559493, 3.568143114765995], [32.04596546676627, 3.588959354947539]]]}}, {"type": "Feature", "properties": {"OBJECTID": 3, "District": "AGAGO", "Shape_Leng": 347143.364568, "Shape_Area": 3510986434.87, "Region": "Acholi"}, "geometry": {"type": "Polygon", "coordinates": [[[33.416523239286484, 3.304340389882408], [33.48464041269263, 3.297634124721085], [33.499338595478925, 3.276855971583262], [33.550520211922006, 3.281461967416471], [33.576982111385625, 2.881216350702934], [33.605460741958986, 2.860340343577753], [33.60343321093136, 2.785593597713564], [33.53823260109086, 2.717090743083253], [33.52139597397101, 2.672086612157439], [33.539449389699975, 2.6093026556569], [33.503122441893865, 2.58765173304824], [33.443812972274294, 2.590891061022921], [33.431721492832885, 2.633641317268764], [33.41077442811224, 2.595301322749119], [33.31492714316847, 2.612027718758995], [33.29132904784959, 2.595894560846643], [33.206867114953624, 2.598528041925301], [33.183288559214496, 2.585399457303602], [33.15743231481812, 2.619118630610494], [33.10056163970237, 2.599205405850664], [33.078091707955174, 2.667534850587816], [33.01291250892324, 2.73218913153592], [33.052872763380655, 2.821680945558179], [33.019964902309745, 2.839282931905376], [33.059256868373396, 2.847867921364768], [33.08403792323294, 2.822229546762813], [33.10071701528404, 2.854483668202267], [33.12771107494117, 2.827168585385434], [33.162078585855625, 2.842593056201477], [33.1963554854559, 2.885088161467459], [33.18265371318182, 2.918994402293229], [33.19895550520701, 2.955234126730081], [33.143692771081206, 3.016738698792569], [33.131273145048354, 3.066943409140216], [33.14075687106307, 3.181397233772815], [33.21133322808304, 3.170740031036047], [33.33649819060941, 3.181788800648055], [33.303229882875186, 3.234505199156277], [33.416523239286484, 3.304340389882408]]]}}, {"type": "Feature", "properties": {"OBJECTID": 4, "District": "ALEBTONG", "Shape_Leng": 318780.609052, "Shape_Area": 1554585725.51, "Region": "Lango"}, "geometry": {"type": "Polygon", "coordinates": [[[33.03628723488417, 2.501299073732718], [33.04627165592647, 2.486826498195452], [33.05744570676966, 2.503379167267724], [33.086643250414184, 2.493468922041268], [33.08849526428339, 2.475009187520823], [33.14722393227474, 2.489273553350295], [33.13570838500668, 2.447272726879848], [33.15521745458035, 2.458474133923591], [33.15983775769977, 2.448670492790138], [33.14495913638363, 2.430569777575058], [33.190643106125975, 2.456004659562805], [33.17256172371149, 2.424665908765442], [33.1804549823301, 2.407012244249159], [33.19915320365883, 2.418418635182662], [33.21618843108897, 2.406348507551127], [33.21936806628354, 2.371305129486571], [33.247427852483995, 2.381356532904131], [33.249797189932295, 2.346063258338], [33.27721847548291, 2.350111164039284], [33.29565779771959, 2.320957612613607], [33.35389287852333, 2.339562966428925], [33.39874727638597, 2.329354887882743], [33.430966276115065, 2.363778064399281], [33.53708955660772, 2.351374996423564], [33.54803680762049, 2.283411771179875], [33.49171352480655, 2.230972682267599], [33.443905522595, 2.246119454297436], [33.442387895379625, 2.229318658009734], [33.47839650153888, 2.198158796017754], [33.466408248946884, 2.156383868634026], [33.437492430249996, 2.11102824879789], [33.415928239539454, 2.142873337024202], [33.364169168266514, 2.103495719417243], [33.34760320027658, 2.063576825818819], [33.36402771354016, 2.027862289956593], [33.32438047060979, 2.052638765913962], [33.29023335847066, 2.039375574637628], [33.251115212454465, 2.084169024881964], [33.13554273984671, 2.108608076133494], [33.13526507480416, 2.131090434], [33.1032996845503, 2.165693244016122], [33.151698416864406, 2.190385038345744], [33.10366305635641, 2.236725880379645], [33.116284094054166, 2.266031199491119], [33.0983669944674, 2.301651401899377], [33.06101918331081, 2.30368907425459], [33.0560872352174, 2.328971469579617], [33.00896960955021, 2.309874128361113], [32.98017794140512, 2.359004989043179], [32.982474974944544, 2.396008115723138], [33.02550240134474, 2.441678285666001], [33.010202199766525, 2.497680660182051], [33.03628723488417, 2.501299073732718]]]}}, {"type": "Feature", "properties": {"OBJECTID": 5, "District": "AMOLATAR", "Shape_Leng": 209760.520145, "Shape_Area": 1794512919.9100003, "Region": "Lango"}, "geometry": {"type": "Polygon", "coordinates": [[[32.90139671397007, 1.805700050475364], [32.959919231890346, 1.803901892756883], [32.99993860443651, 1.712280552280285], [32.99645137717375, 1.671641694963466], [32.945131844174526, 1.642146439904411], [32.96684830160553, 1.611593033530736], [32.97368007840727, 1.477186523996892], [32.85034030923841, 1.479045334204762], [32.62536103355308, 1.438001879702479], [32.56385065710053, 1.520148842881751], [32.5104795272846, 1.521634352809256], [32.41066244817994, 1.59038306869918], [32.32506563026912, 1.619866848456861], [32.31254904668618, 1.643221017014464], [32.36025022581392, 1.651605205940338], [32.42115034009131, 1.690181576308507], [32.54314633032633, 1.647068106772287], [32.578464876088, 1.648784707662733], [32.64001222035502, 1.679676918646267], [32.81228586779712, 1.83437267812383], [32.90139671397007, 1.805700050475364]]]}}, {"type": "Feature", "properties": {"OBJECTID": 6, "District": "AMUDAT", "Shape_Leng": 313214.977119, "Shape_Area": 1632659930.5799997, "Region": "Karamoja"}, "geometry": {"type": "Polygon", "coordinates": [[[34.9276342357294, 2.283669727986514], [34.98530037558467, 1.982442673884236], [35.000950984215855, 1.959683186210923], [34.99198496230253, 1.661630179841036], [34.944415520719176, 1.573883624289565], [34.86482208627556, 1.525618240050466], [34.84498363250604, 1.45438632756512], [34.79501364424163, 1.411884392441103], [34.80724289318027, 1.381108552276544], [34.78745229985925, 1.363597050999983], [34.777542013207636, 1.393568286344848], [34.71881513288424, 1.442375170431938], [34.72608697214128, 1.469614620054769], [34.69994073521231, 1.524198416335384], [34.65923845454202, 1.523666453111048], [34.622974054896815, 1.568820625523367], [34.7245307112336, 1.58342426154739], [34.740525328931895, 1.613149264252293], [34.80809677481654, 1.643875671214293], [34.818879487029484, 1.712821817831531], [34.84683592238993, 1.727045774405483], [34.80884152771304, 1.754033878204055], [34.847488016982076, 1.767804543886372], [34.86121336660786, 1.790941195918131], [34.84701767341142, 1.81436643664394], [34.85867014582929, 1.832172485016461], [34.82774322939501, 1.871422234797203], [34.828415828109, 1.934794878429106], [34.873971923379834, 2.004039416286167], [34.85304716240409, 2.056783721460729], [34.79771929126547, 2.122603746605882], [34.82479238371934, 2.143726852547423], [34.86856892121264, 2.249079368649645], [34.89036437543767, 2.273594692188342], [34.9276342357294, 2.283669727986514]]]}}, {"type": "Feature", "properties": {"OBJECTID": 7, "District": "AMURIA", "Shape_Leng": 294765.089062, "Shape_Area": 1381555859.44, "Region": "Teso"}, "geometry": {"type": "Polygon", "coordinates": [[[33.444426090990746, 2.246289628331782], [33.55838059491981, 2.193639513436514], [33.5667629584726, 2.167317853519759], [33.610350407376856, 2.135749205133531], [33.639346800601416, 2.180889960682877], [33.63641827814021, 2.202110059104647], [33.661033814977436, 2.222140941217015], [33.71240898081856, 2.104617401669519], [33.74814639895274, 2.082366848952915], [33.73140975248743, 2.005251183743257], [33.75578559073117, 1.980648006477862], [33.77857687859778, 1.984382849399866], [33.78345427400734, 2.012773305206597], [33.809258033672144, 2.022063893588232], [33.85365124063715, 1.981559038773559], [33.894410360928404, 1.976824330337617], [33.88679972362066, 1.963530572717121], [33.90166433313105, 1.945222233270637], [33.8903150066301, 1.952555696094628], [33.88432761601197, 1.923330677045571], [33.89927908725016, 1.908034822994217], [33.84547996346477, 1.88515713939516], [33.84287297803096, 1.870566757793488], [33.87129314966386, 1.831346461559263], [33.871666207892915, 1.77107130163603], [33.8105973392939, 1.715246946158888], [33.777987769117296, 1.803906648455209], [33.66313385485594, 1.892627847215598], [33.645602028019354, 1.93660931013006], [33.574395097564974, 1.957661041357302], [33.53026275563385, 2.019403106414268], [33.46410695776917, 2.001808417678624], [33.43945460813999, 1.896761582174887], [33.4171130481287, 1.926640421527593], [33.40713738075745, 1.980110799786905], [33.381584226901246, 1.993171823835227], [33.34760320027658, 2.063576825818819], [33.3654538013676, 2.105096746384978], [33.41541463725178, 2.142664896969019], [33.437492430249996, 2.11102824879789], [33.4551339752703, 2.127608948795667], [33.47867016588692, 2.196204571032461], [33.442387895379625, 2.229318658009734], [33.444426090990746, 2.246289628331782]]]}}, {"type": "Feature", "properties": {"OBJECTID": 8, "District": "AMURU", "Shape_Leng": 512176.371729, "Shape_Area": 3588125030.07, "Region": "Acholi"}, "geometry": {"type": "Polygon", "coordinates": [[[32.062889502353705, 3.579692404685774], [32.086642908392434, 3.559667494822413], [32.08508104999838, 3.530071882946011], [32.20117140240519, 3.504174442667321], [32.227635722123104, 3.43927384846185], [32.26989018996816, 3.418317690301365], [32.295041525986626, 3.339656613080256], [32.31494512634811, 3.321709661705712], [32.345810039326246, 3.32219024556864], [32.35889318428397, 3.302016368961824], [32.36312468778403, 3.299070239671928], [32.36464901900103, 3.298841434241724], [32.36579228073641, 3.298650688823148], [32.36659235086557, 3.298842679830599], [32.368345021533926, 3.299073585302192], [32.36994551155349, 3.298921412514914], [32.371165077523905, 3.298577515339164], [32.3726133930907, 3.298042282585802], [32.37503378395917, 3.296837454175117], [32.37644387318253, 3.29649366986382], [32.37770194350869, 3.295498729046928], [32.38288714327208, 3.290676536483214], [32.38437552232339, 3.286924339623158], [32.386071826552616, 3.285833915954495], [32.386758449596734, 3.284608828810939], [32.38437552148435, 3.286924240110534], [32.382887143333896, 3.290676436066532], [32.37644387054479, 3.296493569445571], [32.36312468784801, 3.299070139255643], [32.36012815861862, 3.300925435130501], [32.36415670565543, 3.267818420459879], [32.32748864947751, 3.251077877409635], [32.338913210637585, 3.233450861163709], [32.279928032714366, 3.141259019319965], [32.26355524344936, 3.130346364032598], [32.24049596989649, 3.144114515986083], [32.25361881452564, 3.109818445822478], [32.22678579614217, 3.065423283588933], [32.22822408540296, 3.001730120896796], [32.18947327025747, 2.980909027480823], [32.19191274823118, 2.901737480130348], [32.2364523936238, 2.768220065586848], [32.203180986064886, 2.755786628837332], [32.17913577339603, 2.779935007013356], [32.136438634548846, 2.767054773448344], [32.09633227838851, 2.806227788476414], [32.02851277341432, 2.76778691927007], [31.930915176976, 2.797267449359189], [31.892672452406124, 2.778631240182599], [31.823099243386274, 2.794967752348197], [31.783528336371038, 2.827701493137111], [31.715646053592362, 2.831972589682756], [31.671859830754386, 2.798857854464396], [31.64163952462801, 2.818544285047535], [31.60209799286444, 2.805142478356404], [31.49292104064864, 2.715356662827113], [31.48033167942119, 2.684484652935016], [31.44231480787919, 2.67685696531469], [31.449009530713354, 2.739284308570038], [31.432350669513333, 2.76149107553599], [31.393604084658538, 2.767930427841867], [31.36103450687687, 2.837202426914009], [31.403061113348816, 2.951213740543584], [31.54092432244876, 2.877732633518881], [31.591767237572178, 2.946393601445831], [31.64408652967197, 2.936537974611625], [31.760767912749127, 2.970456700454375], [31.795660065080448, 2.951228403114218], [31.856733886886392, 2.950321512482256], [31.901872485589035, 2.992506694141202], [31.970809838785723, 3.181870064740353], [32.01335747487163, 3.231567697849823], [32.006694470627075, 3.288420408693446], [32.04363269255508, 3.339320352929307], [32.01732183941666, 3.411121057424133], [32.05751346882316, 3.410166440156256], [32.062889502353705, 3.579692404685774]], [[31.978441725357193, 2.792491851946359], [31.9781821182623, 2.791733765887806], [31.97827105151434, 2.791966877549189], [31.978441725357193, 2.792491851946359]], [[31.978145732341343, 2.791572411891952], [31.97817782024058, 2.791572239135253], [31.97816508902745, 2.791631653825053], [31.978156637057896, 2.791580972341299], [31.978145732341343, 2.791572411891952]]]}}, {"type": "Feature", "properties": {"OBJECTID": 9, "District": "APAC", "Shape_Leng": 256162.178036, "Shape_Area": 1789564893.04, "Region": "Lango"}, "geometry": {"type": "Polygon", "coordinates": [[[32.574418668029324, 2.218422848105098], [32.632923675986234, 2.171399860130405], [32.62046761832339, 2.124861147386146], [32.59690784965906, 2.118115109365981], [32.595601698917875, 2.074614438208803], [32.6171877441329, 2.064456196789134], [32.620902775043135, 2.023463314381451], [32.66290672961617, 2.020588857888965], [32.65741607234662, 1.929575616294871], [32.52680366388455, 1.857433162704482], [32.54357071947979, 1.835798607037638], [32.53794130196279, 1.814410098446706], [32.58712267518831, 1.651179910120628], [32.54314633032633, 1.647068106772287], [32.42115034009131, 1.690181576308507], [32.33085376313445, 1.644882822675677], [32.19842812935308, 1.673371112958604], [32.13995233188625, 1.670129589840149], [32.09557515572915, 1.648208775061079], [32.10720979846469, 1.739200542255733], [32.166290864254016, 1.776896632626453], [32.27193558851814, 1.806713800300463], [32.27895828563368, 1.83709494493122], [32.341972538640675, 1.855701308064435], [32.34234715068744, 1.923343377399003], [32.36364095791621, 1.949695502230002], [32.33355331164492, 1.96518067647676], [32.35275932444912, 2.07442686016913], [32.435687912971254, 2.076054183190996], [32.50813874813026, 2.10830705535725], [32.5524515849032, 2.158294858902325], [32.574418668029324, 2.218422848105098]]]}}, {"type": "Feature", "properties": {"OBJECTID": 10, "District": "ARUA", "Shape_Leng": 191358.520558, "Shape_Area": 814823380.695, "Region": "West Nile"}, "geometry": {"type": "Polygon", "coordinates": [[[31.1118961183498, 3.023012012915846], [31.204143919678472, 2.996280631699669], [31.18224697763426, 2.99444437459417], [31.127733593501357, 2.909604176457574], [31.110155969187495, 2.911778634585754], [31.096437849026337, 2.838087530859358], [31.042827045008053, 2.838486811877475], [31.01895580114867, 2.822220637587393], [31.005963156355993, 2.799489066075493], [31.01423401878738, 2.751051392862288], [30.976748288451205, 2.687769957474553], [30.952875503223165, 2.711228484595376], [30.94616576142811, 2.692508127294236], [30.937916819710555, 2.704841618011767], [30.914534414210415, 2.693470707001136], [30.911400821923515, 2.669871813584131], [30.857817844403186, 2.675030798546329], [30.79202992286733, 2.644431438283834], [30.82349404568259, 2.747267104782433], [30.859952560850076, 2.771139980968487], [30.88575671710836, 2.814733331774985], [30.88843410794182, 2.876851875128643], [30.855174402741415, 2.938879938630766], [30.862541954040598, 2.975995000779484], [30.9587174071572, 2.976770478874693], [31.01833092515665, 3.004661999822604], [31.071720970533903, 2.998681227666328], [31.1118961183498, 3.023012012915846]]]}}, {"type": "Feature", "properties": {"OBJECTID": 11, "District": "ARUA CITY", "Shape_Leng": 126107.690991, "Shape_Area": 403052281.017, "Region": "West Nile"}, "geometry": {"type": "Polygon", "coordinates": [[[30.874826989189426, 3.133255883234166], [30.93371022174795, 3.121782753335783], [30.945916009052027, 3.099120918288371], [30.965295417098122, 3.099845905719276], [30.962495041500265, 3.079383740278017], [30.998749366534412, 3.082756426017799], [31.02024035060508, 3.040787871005578], [31.086520865347207, 3.045824678926186], [31.124571089297124, 3.014962231244128], [31.106794163007613, 3.02345188704991], [31.039384169301915, 2.992398131513439], [31.026383406532602, 3.004941078624875], [31.01833092515665, 3.004661999822604], [30.9587174071572, 2.976770478874693], [30.864551346375286, 2.977150829413508], [30.853838250346254, 2.961233765793146], [30.824751353077634, 3.000495149259549], [30.781073793744525, 3.020586068451532], [30.76873411739451, 3.04944458081667], [30.795094741679662, 3.066618942273957], [30.80293689572254, 3.133223402452482], [30.83211786742178, 3.117961035548606], [30.874826989189426, 3.133255883234166]]]}}, {"type": "Feature", "properties": {"OBJECTID": 12, "District": "BUDAKA", "Shape_Leng": 103889.279582, "Shape_Area": 410839991.63400006, "Region": "Bukedi"}, "geometry": {"type": "Polygon", "coordinates": [[[33.974513512757575, 1.189769976981363], [34.00666244338177, 1.152073045191641], [34.046003649535365, 1.152004472208457], [34.07298171184909, 1.126422080806207], [34.111833862620735, 1.119568903729897], [34.12475861753794, 1.074363362404082], [34.10345864482055, 1.049766912547005], [34.051628828612394, 1.033945752544819], [33.98908174416911, 0.966573540056163], [33.92014896320898, 0.93665689511197], [33.863247332346404, 0.942263790471835], [33.87089497920746, 0.982163790950293], [33.93728134006676, 1.050662930033556], [33.89755400408015, 1.063357489913127], [33.927857327935385, 1.104616902563045], [33.93052206122612, 1.162565523343067], [33.962992690267534, 1.160121153962006], [33.974513512757575, 1.189769976981363]]]}}, {"type": "Feature", "properties": {"OBJECTID": 13, "District": "BUDUDA", "Shape_Leng": 100048.90721, "Shape_Area": 317350935.839, "Region": "Bugisu"}, "geometry": {"type": "Polygon", "coordinates": [[[34.52797868337874, 1.118801049911629], [34.53598123512731, 1.107130989683018], [34.49391256717355, 1.039925919861998], [34.47839999327541, 0.933326628401291], [34.39700248964305, 0.973761780080233], [34.36063570080803, 0.972165972929659], [34.355562405676956, 0.99883303114555], [34.334398791244624, 1.007670213761167], [34.28370189761425, 0.96253942406627], [34.27374007262421, 1.005498285096892], [34.336850768893164, 1.087337748690325], [34.37290653274242, 1.084761764078], [34.38557181935771, 1.106363639350517], [34.48315644273055, 1.09087154325398], [34.52797868337874, 1.118801049911629]]]}}, {"type": "Feature", "properties": {"OBJECTID": 14, "District": "BUGIRI", "Shape_Leng": 177168.566582, "Shape_Area": 1053002431.51, "Region": "Busoga"}, "geometry": {"type": "Polygon", "coordinates": [[[33.647303523780245, 0.733515691808235], [33.721092903301326, 0.700852087628137], [33.75749327612856, 0.719825933355266], [33.79205390741624, 0.684204041737283], [33.877526394653614, 0.69406168442016], [33.89636975970687, 0.676267848562787], [33.923718314340455, 0.588669178970395], [33.97876017648505, 0.579207678149694], [33.97297264040491, 0.552438490072217], [33.942645691930664, 0.544884500376666], [33.90157967919897, 0.481739206355013], [33.89134058723373, 0.489420832186209], [33.87681480147263, 0.47005995051318], [33.8011363340805, 0.334529856674965], [33.75177948891673, 0.307935510203277], [33.69385262074574, 0.304234770549346], [33.706975272135175, 0.408945942304465], [33.66718117235084, 0.406072534107003], [33.61365376527962, 0.463519936557484], [33.61820515087914, 0.528389447619571], [33.66811032468107, 0.581370895652776], [33.684762435287745, 0.663779382557742], [33.66943289257104, 0.699703955501983], [33.627393797233154, 0.72214784321425], [33.647303523780245, 0.733515691808235]]]}}, {"type": "Feature", "properties": {"OBJECTID": 15, "District": "BUGWERI", "Shape_Leng": 109462.235241, "Shape_Area": 378819242.74, "Region": "Busoga"}, "geometry": {"type": "Polygon", "coordinates": [[[33.58284103868093, 0.801291781314619], [33.63128099475115, 0.785304500051656], [33.64360774407321, 0.757930497988587], [33.627393797233154, 0.72214784321425], [33.66943289257104, 0.699703955501983], [33.68487512163878, 0.666238953381944], [33.66811032468107, 0.581370895652776], [33.61820515087914, 0.528389447619571], [33.61789344000807, 0.442372340356498], [33.576685144670755, 0.44419412451248], [33.577234727816524, 0.461790273106964], [33.543292063465394, 0.488969983305747], [33.55794982242116, 0.526884384891384], [33.5459008761342, 0.527238296330317], [33.54154358295082, 0.55427998130656], [33.579371896091146, 0.693905878112046], [33.55564095809251, 0.765234613143367], [33.56413302493372, 0.801185863015664], [33.58284103868093, 0.801291781314619]]]}}, {"type": "Feature", "properties": {"OBJECTID": 16, "District": "BUHWEJU", "Shape_Leng": 143287.455714, "Shape_Area": 688056507.365, "Region": "Ankole"}, "geometry": {"type": "Polygon", "coordinates": [[[30.31679768259112, -0.190021496471752], [30.358989843976484, -0.195875327015546], [30.409596327489613, -0.282783916002553], [30.453545117180816, -0.285035128107389], [30.444093108583967, -0.266143025057194], [30.47522541434835, -0.256116679317618], [30.515198650152957, -0.264494276694541], [30.499583415999368, -0.28869681818149], [30.50182283378577, -0.388014405328959], [30.457159789528585, -0.429270309382825], [30.401731711328075, -0.42898955635449], [30.37421443984294, -0.455849468923706], [30.36054930350203, -0.446336828741023], [30.327830217438688, -0.457730243946689], [30.302406924642728, -0.428232171821999], [30.249891384449555, -0.423296761650994], [30.2119056887998, -0.398763182288651], [30.247416444708342, -0.391318193139869], [30.246913209437835, -0.352912255493422], [30.18503343642237, -0.325336441252999], [30.18393148413275, -0.277713949381571], [30.228344683104368, -0.251808893841867], [30.23328424659601, -0.227763868747808], [30.31679768259112, -0.190021496471752]]]}}, {"type": "Feature", "properties": {"OBJECTID": 17, "District": "BUIKWE", "Shape_Leng": 187330.270026, "Shape_Area": 1452026697.02, "Region": "North Central"}, "geometry": {"type": "Polygon", "coordinates": [[[33.045614193903724, 0.503826045443416], [33.075085472819595, 0.513881041116166], [33.089155031027694, 0.547030293699536], [33.15975125731632, 0.480485840762847], [33.197031402169145, 0.412630151404665], [33.27761797605988, 0.391719538274696], [33.28909014539141, 0.358500428336934], [33.179893086290505, 0.290779252144634], [33.18065486862806, 0.244697690399898], [33.07737498625963, 0.131361418483674], [32.96777818436686, 0.060702976848835], [32.9073044275476, 0.051990370871395], [32.88453201418345, 0.06934440613661], [32.86907407809612, 0.125328078778917], [32.90800454386055, 0.267928970104553], [32.875560393729955, 0.307990248065667], [32.864457016623135, 0.372995131383511], [32.89180519616398, 0.370245006016169], [32.91015259757816, 0.400300589181916], [32.97380832537011, 0.409239824980443], [32.949565438215586, 0.464207406352402], [32.98366420164994, 0.554983558587976], [33.045614193903724, 0.503826045443416]]]}}, {"type": "Feature", "properties": {"OBJECTID": 18, "District": "BUKEDEA", "Shape_Leng": 166718.632538, "Shape_Area": 1049659881.6299999, "Region": "Teso"}, "geometry": {"type": "Polygon", "coordinates": [[[34.229493431577374, 1.576301694006494], [34.22712698319729, 1.473308427364996], [34.27597641313813, 1.400765896268348], [34.244269879460774, 1.345582030252549], [34.24364192867689, 1.286932625475641], [34.18944579687977, 1.21249139898832], [34.183395772011714, 1.162157180649922], [34.14645588055961, 1.159346607472927], [34.03309833677533, 1.213095785327031], [34.004974155288515, 1.207244714870956], [33.9331011047681, 1.232780589384272], [33.92539583535136, 1.267909421770235], [34.008167064325455, 1.319557498954604], [34.025116289283424, 1.416069756079572], [34.008818158909854, 1.45214294488428], [34.105491573290344, 1.537297924639169], [34.118599347020016, 1.574576846801521], [34.229493431577374, 1.576301694006494]]]}}, {"type": "Feature", "properties": {"OBJECTID": 19, "District": "BUKOMANSIMBI", "Shape_Leng": 108102.828363, "Shape_Area": 599699250.229, "Region": "South Central"}, "geometry": {"type": "Polygon", "coordinates": [[[31.637572243307243, 0.038027594769284], [31.662994901916758, 0.031738790972584], [31.701230232684058, -0.036677131815697], [31.69249887519629, -0.146563148371516], [31.722518052235113, -0.243420368001434], [31.704509216785066, -0.306271458731462], [31.597248534572874, -0.295704470269176], [31.54657085781782, -0.172739807670933], [31.54047689387211, -0.003454758269822], [31.600927457187403, 0.050008056677961], [31.637572243307243, 0.038027594769284]]]}}, {"type": "Feature", "properties": {"OBJECTID": 20, "District": "BUKWO", "Shape_Leng": 121750.455155, "Shape_Area": 560125837.637, "Region": "Bugisu"}, "geometry": {"type": "Polygon", "coordinates": [[[34.72688544555554, 1.438800661895741], [34.77757288772224, 1.393527588655825], [34.82981789443373, 1.307003807533513], [34.83149427856289, 1.266442687589977], [34.79528184650063, 1.21921643741269], [34.66975226277635, 1.205073833418937], [34.6491445770479, 1.176081569868617], [34.580089568560226, 1.147319269202967], [34.575191139619115, 1.099430983833461], [34.55395658319512, 1.148179214485126], [34.568079329160774, 1.293499006447891], [34.60063213191214, 1.338597830657248], [34.66246146192473, 1.352166773642548], [34.70780319381975, 1.393624587266297], [34.72688544555554, 1.438800661895741]]]}}, {"type": "Feature", "properties": {"OBJECTID": 21, "District": "BULAMBULI", "Shape_Leng": 219498.91737, "Shape_Area": 693602762.023, "Region": "Bugisu"}, "geometry": {"type": "Polygon", "coordinates": [[[34.348909482067576, 1.567227316041251], [34.39578064647781, 1.564254247624788], [34.44379390463776, 1.508957564999844], [34.44649169854976, 1.461653145963271], [34.427050717980286, 1.463176116412312], [34.43053773812362, 1.442850959134225], [34.375172594027205, 1.440768928383857], [34.35030626100339, 1.3928918262459], [34.325407720369384, 1.388153215984022], [34.30802864596947, 1.332712767003378], [34.33019584908467, 1.305874707781055], [34.398948866807295, 1.294730497083896], [34.500692456887286, 1.234110705924903], [34.53635087795554, 1.180947348372017], [34.52688196291192, 1.129241573824798], [34.42634216343162, 1.138859413782137], [34.39229559706996, 1.199830304120813], [34.34018449348195, 1.229123040597825], [34.30227031887103, 1.286969010398332], [34.25759222482691, 1.249433690741896], [34.25018276465161, 1.26415246997269], [34.244269879460774, 1.345582030252549], [34.27596953648579, 1.40158364223792], [34.22712698319729, 1.473308427364996], [34.22956818990899, 1.561541321999545], [34.28329209563066, 1.546698163785605], [34.348909482067576, 1.567227316041251]]]}}, {"type": "Feature", "properties": {"OBJECTID": 22, "District": "BULIISA", "Shape_Leng": 236420.817631, "Shape_Area": 1973219985.28, "Region": "Bunyoro"}, "geometry": {"type": "Polygon", "coordinates": [[[31.53747292173679, 2.255854844809438], [31.53913363232657, 2.010561873273042], [31.565292747253192, 1.97892982147533], [31.623046523104218, 1.962970136324329], [31.538751763740706, 1.901981303638095], [31.566142296680276, 1.86148495002073], [31.583693739895892, 1.860596677588368], [31.588559820691763, 1.759557779792914], [31.511695930656543, 1.733365353523862], [31.49797128097118, 1.693866573176668], [31.40365302395691, 1.67473657429209], [31.410683287234676, 1.687924384913366], [31.376304447989884, 1.708123949763818], [31.37832318073656, 1.74156904467967], [31.349333751591754, 1.785440850661152], [31.10002445769061, 1.851894361478252], [31.306289414160055, 2.113617965522498], [31.336513840014273, 2.247427379260013], [31.46404671272524, 2.227076681298582], [31.53762450449953, 2.273409244352948], [31.53747292173679, 2.255854844809438]]]}}, {"type": "Feature", "properties": {"OBJECTID": 23, "District": "BUNDIBUGYO", "Shape_Leng": 183549.132659, "Shape_Area": 852927582.2299999, "Region": "Tooro"}, "geometry": {"type": "Polygon", "coordinates": [[[30.121771932145663, 0.89101802661882], [30.197066619713357, 0.876301865134694], [30.206334072618695, 0.838919834124622], [30.187731578725057, 0.801060605240462], [30.194430339934417, 0.772659450938392], [30.17448366803348, 0.762045553714165], [30.1202501898707, 0.624379779269631], [30.09572466351528, 0.60888532253492], [30.071489397498546, 0.531136985211905], [29.998596621750675, 0.472063421320635], [29.980157795325017, 0.422930608555138], [29.951778768074238, 0.400391350079458], [29.913181603932266, 0.436029025855932], [29.97969602024538, 0.518544212254142], [29.955039271229072, 0.635995494763898], [29.97545547288647, 0.73773215243131], [29.961809346828225, 0.775262616633686], [29.970203819936426, 0.813027637007362], [29.986125071020616, 0.847816098010145], [30.121771932145663, 0.89101802661882]]]}}, {"type": "Feature", "properties": {"OBJECTID": 24, "District": "BUNYANGABU", "Shape_Leng": 149789.404747, "Shape_Area": 499078367.935, "Region": "Tooro"}, "geometry": {"type": "Polygon", "coordinates": [[[30.138221560024572, 0.616453773423483], [30.187768538885937, 0.58776124222047], [30.24329820483699, 0.597682875023079], [30.290302648043667, 0.576847338747302], [30.24765180611345, 0.532341266706072], [30.274970636399708, 0.483348047713617], [30.257281253954677, 0.465059720060612], [30.251427527119137, 0.415771193506996], [30.294240648104484, 0.401275394926996], [30.272794140495932, 0.356863530314747], [30.282912413304977, 0.33946752513541], [30.23898452993512, 0.342303952865682], [30.180550378971486, 0.387146546421973], [30.17631338257216, 0.424599503526453], [30.1281103111012, 0.481847985945592], [30.068228032182464, 0.473218489612235], [30.01966024334186, 0.432279942948471], [29.981713222021583, 0.425583958473369], [29.998596621750675, 0.472063421320635], [30.071489397498546, 0.531136985211905], [30.09572466351528, 0.60888532253492], [30.119604657891095, 0.623633297917021], [30.138221560024572, 0.616453773423483]]]}}, {"type": "Feature", "properties": {"OBJECTID": 25, "District": "BUSHENYI", "Shape_Leng": 196492.96853, "Shape_Area": 906645740.695, "Region": "Ankole"}, "geometry": {"type": "Polygon", "coordinates": [[[30.180964199528727, -0.284591735885582], [30.18503343642237, -0.325336441252999], [30.246913209437835, -0.352912255493422], [30.247416444708342, -0.391318193139869], [30.2119056887998, -0.398763182288651], [30.30569349353154, -0.433456872672987], [30.309723363602316, -0.573970263014038], [30.288686741523403, -0.620537723578967], [30.207930135911614, -0.622104090810035], [30.159565870728354, -0.666743863105628], [30.136398180522924, -0.653220703301494], [30.12026018364283, -0.589039888974988], [30.098318367103577, -0.600970089115415], [30.027705264767263, -0.545154865202902], [30.04174005799135, -0.533188209743497], [30.036752562415185, -0.46662188646395], [29.981588457594764, -0.437703266453496], [29.982526101681035, -0.469991626811735], [29.957708099770223, -0.50234683722179], [29.934152924676994, -0.493514661215797], [29.936513812712892, -0.448870402717683], [29.976940820104012, -0.38905397303302], [30.083821404181293, -0.351994295572467], [30.178842284641195, -0.381795292860029], [30.164262369488455, -0.33418391206689], [30.180964199528727, -0.284591735885582]]]}}, {"type": "Feature", "properties": {"OBJECTID": 26, "District": "BUSIA", "Shape_Leng": 158986.218491, "Shape_Area": 761910083.214, "Region": "Bukedi"}, "geometry": {"type": "Polygon", "coordinates": [[[34.06808942517396, 0.59284904014291], [34.13834413935309, 0.582913965457135], [34.11679867260878, 0.520358852120828], [34.1200635812626, 0.481038191762735], [34.08891746721051, 0.454081109057615], [34.109156508682084, 0.369625425975122], [34.081638784551416, 0.328662741685628], [34.0569326218776, 0.321046546159325], [34.04119607398788, 0.273554314317134], [33.97310417547204, 0.189662798027443], [33.925356980219036, 0.23086735748887], [33.88291977822672, 0.313419244904688], [33.879483136694965, 0.339263295340907], [33.919935004484024, 0.382929424154494], [33.934047838665684, 0.423848093249276], [33.90038295222504, 0.49145941947769], [33.942645691930664, 0.544884500376666], [33.97297264040491, 0.552438490072217], [33.97872653584909, 0.578002028262801], [34.06808942517396, 0.59284904014291]]]}}, {"type": "Feature", "properties": {"OBJECTID": 27, "District": "BUTALEJA", "Shape_Leng": 145459.68594, "Shape_Area": 654332993.262, "Region": "Bukedi"}, "geometry": {"type": "Polygon", "coordinates": [[[34.080251777732485, 1.040455135211841], [34.13331551260965, 1.014644973950889], [34.12050309047377, 1.002228203088013], [34.126605423737594, 0.93814399361686], [34.10829000627608, 0.902475230785055], [34.06975933524345, 0.902809286391147], [34.062164317681294, 0.877962195092007], [34.029754818340024, 0.885157616568263], [33.948720561944995, 0.848152940977294], [33.89668750300017, 0.7418551207073], [33.894872775805545, 0.704566930934811], [33.88096509258061, 0.691381915340236], [33.844188833627385, 0.702658489514874], [33.83775438776124, 0.730624116696424], [33.816027510367626, 0.736761911228731], [33.80132598997481, 0.764996333444903], [33.786936178615164, 0.82500432302579], [33.79158395882177, 0.918326740433903], [33.760444129348606, 0.946730625974883], [33.774384920491585, 0.956606289628619], [33.92209538885089, 0.937065712546575], [33.98908174416911, 0.966573540056163], [34.051628828612394, 1.033945752544819], [34.080251777732485, 1.040455135211841]]]}}, {"type": "Feature", "properties": {"OBJECTID": 28, "District": "BUTAMBALA", "Shape_Leng": 175467.551468, "Shape_Area": 405382384.33299994, "Region": "South Central"}, "geometry": {"type": "Polygon", "coordinates": [[[32.269463197721, 0.31487716631263], [32.30595544790285, 0.279089446411715], [32.28175882863067, 0.246729739312006], [32.22282641062386, 0.248937998495161], [32.178688797225924, 0.089737455011582], [32.16527996974786, 0.091686503706646], [32.149247691140474, 0.142280214359515], [32.11733392711625, 0.131254478225783], [32.09968793524645, 0.146133482785511], [32.05692644920026, 0.130364305795223], [32.03851007266884, 0.094233591523794], [31.887786212314065, 0.032781952532054], [31.87153946683192, 0.005807818564991], [31.812024860317944, 0.043147023634839], [31.840558027479595, 0.081427985498417], [31.916091738749255, 0.122922892994207], [31.948610527097898, 0.104986376569461], [32.01527302408101, 0.134749975547525], [32.04940460710109, 0.132417474474232], [32.081038280464234, 0.174784191540477], [32.08091636167645, 0.202478596455322], [32.11658677749482, 0.199714983272417], [32.13026587506798, 0.234994023773808], [32.18508528074368, 0.253317798411968], [32.19832491600282, 0.303623713157405], [32.22132956425461, 0.281811706374168], [32.269463197721, 0.31487716631263]]]}}, {"type": "Feature", "properties": {"OBJECTID": 29, "District": "BUTEBO", "Shape_Leng": 102362.49113, "Shape_Area": 237808393.756, "Region": "Bukedi"}, "geometry": {"type": "Polygon", "coordinates": [[[33.90071111178404, 1.267312107252772], [33.936901631267915, 1.230807193227053], [34.004974155288515, 1.207244714870956], [34.03309833677533, 1.213095785327031], [34.11877986012274, 1.176643891872243], [34.137099110565984, 1.142878505113624], [34.12928442204102, 1.079616968607153], [34.111833862620735, 1.119568903729897], [34.07298171184909, 1.126422080806207], [34.046003649535365, 1.152004472208457], [34.00666244338177, 1.152073045191641], [33.971732563115246, 1.193235587780425], [33.96068192183207, 1.158765040161731], [33.92952029006394, 1.165279692421051], [33.88130647026711, 1.139441048913083], [33.855800448843304, 1.153916061743519], [33.85519046805476, 1.198105355854204], [33.88129495877808, 1.26708364200313], [33.90071111178404, 1.267312107252772]]]}}, {"type": "Feature", "properties": {"OBJECTID": 30, "District": "BUVUMA", "Shape_Leng": 436415.522677, "Shape_Area": 9611971975.75, "Region": "North Central"}, "geometry": {"type": "Polygon", "coordinates": [[[33.2925032903567, 0.344834838771728], [33.38704457436615, 0.309426859386505], [33.42204949176068, 0.250461021104499], [33.42622443272502, 0.210017076545508], [33.47634777944409, 0.159888908261041], [33.52731221032946, 0.139952165846551], [33.538240851782525, 0.151951684830151], [33.53380520751698, 0.126066133331378], [33.55606861434515, 0.085972084428363], [33.52216583256927, -0.026934334780271], [33.52357513669075, -0.999184497570504], [32.87513370545319, -0.999419639624126], [32.87559983475742, -0.02079872589858], [32.84446990180671, 0.106643465167106], [32.873850699154346, 0.113066690452999], [32.88453201418345, 0.06934440613661], [32.9073044275476, 0.051990370871395], [32.97109181681599, 0.062406449887911], [33.07737498625963, 0.131361418483674], [33.142086554129044, 0.197124409692017], [33.18065486862806, 0.244697690399898], [33.179893086290505, 0.290779252144634], [33.28909014539141, 0.358500428336934], [33.2925032903567, 0.344834838771728]]]}}, {"type": "Feature", "properties": {"OBJECTID": 31, "District": "BUYENDE", "Shape_Leng": 213359.21002, "Shape_Area": 1843734257.97, "Region": "Busoga"}, "geometry": {"type": "Polygon", "coordinates": [[[32.89518921285936, 1.481210230297837], [32.97368007840727, 1.477186523996892], [33.06265374342029, 1.437965757104643], [33.1525249357499, 1.355676527242929], [33.24774660972384, 1.334371422850055], [33.31195325905337, 1.375926777073132], [33.37424154198359, 1.367612493382021], [33.404605242120276, 1.296099371983574], [33.44011266091302, 1.291967947482045], [33.43235348358883, 1.247159223209169], [33.35867799566407, 1.127929064452876], [33.35872654852075, 1.10213564636927], [33.30693291708108, 1.054462767107743], [33.31700896206524, 1.023818920403185], [33.29879458358027, 0.99906753153273], [33.30689254503492, 0.984238418003763], [33.22541304654738, 0.986886781021414], [33.178110135876935, 1.040322943363669], [33.15179784918146, 1.044088006576624], [33.12502315981823, 1.162364587962029], [33.09147705747906, 1.169893246735417], [33.078443966834, 1.195597057307954], [33.03030428286035, 1.223590418928677], [32.93537575719204, 1.222588643499599], [32.85459563588641, 1.352209412277064], [32.82026492193762, 1.475008011511358], [32.89518921285936, 1.481210230297837]]]}}, {"type": "Feature", "properties": {"OBJECTID": 32, "District": "DOKOLO", "Shape_Leng": 179060.547656, "Shape_Area": 1085500180.92, "Region": "Lango"}, "geometry": {"type": "Polygon", "coordinates": [[[33.14882996095942, 2.103196620564336], [33.25193177894589, 2.083867119251453], [33.28673508634331, 2.050822214139616], [33.27145211528095, 1.957131857858251], [33.14177355873344, 1.857022186631812], [33.11539559959101, 1.85563084329663], [33.08175039814553, 1.729839552427443], [33.04679846467708, 1.708054895516893], [32.999265982290424, 1.712325790358508], [32.97207588222589, 1.788223196802516], [32.93552215434938, 1.834553325784885], [32.95501746877579, 1.876759422329871], [32.95848641212159, 1.940388898740089], [32.917722039884076, 1.976191707300289], [32.86916201519633, 1.945748341013644], [32.86048431351874, 1.989464846353327], [32.89352068345371, 2.015378618974218], [32.894232605483836, 2.071269990315065], [32.91482033693713, 2.079968580738108], [32.93793904475634, 2.059775768440548], [32.977054359823526, 2.06722270379521], [33.04341860392145, 2.01088505927206], [33.08522353146031, 2.064949710715134], [33.11682851629032, 2.068539437566847], [33.13554273984671, 2.108608076133494], [33.14882996095942, 2.103196620564336]]]}}, {"type": "Feature", "properties": {"OBJECTID": 33, "District": "FORT PORTAL CITY", "Shape_Leng": 46634.7511599, "Shape_Area": 89238555.0685, "Region": "Tooro"}, "geometry": {"type": "Polygon", "coordinates": [[[30.26054715517701, 0.699883124397669], [30.32593942691274, 0.643438233486398], [30.290802621331665, 0.575883093612879], [30.220133976155843, 0.631436504596964], [30.24322049059101, 0.655588637700939], [30.243941483869754, 0.694412321228453], [30.26054715517701, 0.699883124397669]]]}}, {"type": "Feature", "properties": {"OBJECTID": 34, "District": "GOMBA", "Shape_Leng": 257077.924116, "Shape_Area": 1670100342.07, "Region": "South Central"}, "geometry": {"type": "Polygon", "coordinates": [[[31.594278479814683, 0.343469278614549], [31.628236720039695, 0.332430658947746], [31.655863731006804, 0.295413974906752], [31.699695967890044, 0.285174590725254], [31.7335252779203, 0.239542466376988], [31.802779905333004, 0.283445946541051], [31.84220675268822, 0.278818730000277], [31.84382101337411, 0.248227025706101], [31.91787731843419, 0.212502789682395], [31.931349034140414, 0.231599357765128], [31.956318594896103, 0.220839702724366], [31.999587312804138, 0.246535346955857], [32.028164382698165, 0.244102566372066], [32.028984236210974, 0.263900883564909], [32.076643980293376, 0.273275875354027], [32.089504217216415, 0.297451005857677], [32.128783485966174, 0.282443014572102], [32.15605810790784, 0.247118438674075], [32.121365059720134, 0.225593144862184], [32.11658677749482, 0.199714983272417], [32.08091636167645, 0.202478596455322], [32.081038280464234, 0.174784191540477], [32.04940460710109, 0.132417474474232], [32.01527302408101, 0.134749975547525], [31.948610527097898, 0.104986376569461], [31.916091738749255, 0.122922892994207], [31.840558027479595, 0.081427985498417], [31.812024860317944, 0.043147023634839], [31.780544848287345, 0.062838073092265], [31.694988107483884, 0.076439572173227], [31.644914188916285, 0.038703033407127], [31.61831497574908, 0.042600837160327], [31.487502495380145, 0.138783022779395], [31.419642864647113, 0.163404967419062], [31.40648897794644, 0.198421605793926], [31.30227785939033, 0.201892711009322], [31.341484067203645, 0.283288649452803], [31.499990506518674, 0.317136027311171], [31.57025075466519, 0.367704957522971], [31.594278479814683, 0.343469278614549]]]}}, {"type": "Feature", "properties": {"OBJECTID": 35, "District": "GULU", "Shape_Leng": 255689.74874, "Shape_Area": 1723629508.4900002, "Region": "Acholi"}, "geometry": {"type": "Polygon", "coordinates": [[[32.364649016363956, 3.298841334728325], [32.39637567557678, 3.259644905742756], [32.487791891135195, 3.204259404216808], [32.517055455468494, 3.157989217961993], [32.521438605932076, 3.128370143140494], [32.47043605565418, 3.123673535017269], [32.65811441476702, 2.845364237764486], [32.62226631655259, 2.793090096035461], [32.54879439950554, 2.777681235223034], [32.510050639105096, 2.810369997303447], [32.47958070472118, 2.785702080140792], [32.45070143537813, 2.793708032585436], [32.408391125913525, 2.772580123759433], [32.39024053998814, 2.78287914603747], [32.39043094614099, 2.808212095332151], [32.349418364603615, 2.815044902173249], [32.34609816478803, 2.850632199415587], [32.319367787287725, 2.884914454958288], [32.27241965228261, 2.850820184943216], [32.24962505665225, 2.860723635704159], [32.26697834185213, 2.786706319849205], [32.24909694520908, 2.790583950732096], [32.24731108628972, 2.765694228192259], [32.2361194431716, 2.768003437509026], [32.19191274823118, 2.901737480130348], [32.187151386295476, 2.972062682391149], [32.20960091039788, 3.001183467433009], [32.22822408540296, 3.001730120896796], [32.22678579614217, 3.065423283588933], [32.25361881452564, 3.109818445822478], [32.24049596989649, 3.144114515986083], [32.26355524344936, 3.130346364032598], [32.279928032714366, 3.141259019319965], [32.338913210637585, 3.233450861163709], [32.32748864947751, 3.251077877409635], [32.36415670565543, 3.267818420459879], [32.364649016363956, 3.298841334728325]]]}}, {"type": "Feature", "properties": {"OBJECTID": 36, "District": "GULU CITY", "Shape_Leng": 100422.423839, "Shape_Area": 221648335.421, "Region": "Acholi"}, "geometry": {"type": "Polygon", "coordinates": [[[32.32251757473877, 2.883421137267996], [32.349418364603615, 2.815044902173249], [32.39266198138744, 2.802250264518729], [32.382977615500124, 2.775583659716219], [32.36613990907852, 2.780095231751083], [32.36126591118587, 2.759002907081425], [32.330864877002725, 2.74861683615054], [32.34721139008332, 2.694697098860577], [32.28810041148177, 2.707796760149605], [32.28080962514006, 2.746222016971396], [32.24237881149386, 2.718093281101219], [32.22402939271014, 2.730384569106075], [32.17224183628998, 2.722307621518444], [32.187657825235966, 2.762344901902077], [32.24731108628972, 2.765694228192259], [32.24876526589965, 2.790352741115516], [32.26697834185213, 2.786706319849205], [32.24962505665225, 2.860723635704159], [32.27241965228261, 2.850820184943216], [32.32251757473877, 2.883421137267996]]]}}, {"type": "Feature", "properties": {"OBJECTID": 37, "District": "HOIMA", "Shape_Leng": 342379.810284, "Shape_Area": 2342430469.74, "Region": "Bunyoro"}, "geometry": {"type": "Polygon", "coordinates": [[[31.321095024793188, 1.791311357689642], [31.368057319254405, 1.77081612829177], [31.374467495664245, 1.711703658146513], [31.390246598150735, 1.702094584786637], [31.37448715638021, 1.604295648773242], [31.436138076272087, 1.616042107320949], [31.484020048821925, 1.596403681504442], [31.482709915300088, 1.5199576688499], [31.526096612979888, 1.493923520002897], [31.55342156780969, 1.449296111408216], [31.588129078413548, 1.438554019235066], [31.573785858869602, 1.405997645785215], [31.58300253199709, 1.357096681979791], [31.530872317639552, 1.361556055375356], [31.46290993779192, 1.306471583210271], [31.442223919838018, 1.270436957240409], [31.418406658420267, 1.268961749781447], [31.401284106044166, 1.36244994910452], [31.43400225287998, 1.400073931682052], [31.435542157860414, 1.456493991761391], [31.407313346328657, 1.464287357672626], [31.400409735334627, 1.451916787407483], [31.386716715643267, 1.47390121673323], [31.39727411030828, 1.505621049629377], [31.36538862375948, 1.487411733292627], [31.304470554528024, 1.514108771696412], [31.285527523153235, 1.499284544111145], [31.299354300098344, 1.48501202324586], [31.259306744582073, 1.477033889918717], [31.215765027702602, 1.501662142622516], [31.185338217574177, 1.490613560216855], [31.11663082142427, 1.522306647021259], [31.109719651955004, 1.508165187435803], [31.137188315825767, 1.479048731897682], [31.126134175729696, 1.421167420857441], [31.04417949505268, 1.386322859315718], [30.983025998552293, 1.426267439583759], [30.993413745112875, 1.503435552520924], [30.889500858952918, 1.546936351741114], [30.778390581936854, 1.546937078293619], [31.028802697178232, 1.74678379408558], [31.10002445769061, 1.851894361478252], [31.321095024793188, 1.791311357689642]]]}}, {"type": "Feature", "properties": {"OBJECTID": 38, "District": "HOIMA CITY", "Shape_Leng": 78249.00352680002, "Shape_Area": 228085857.86900002, "Region": "Bunyoro"}, "geometry": {"type": "Polygon", "coordinates": [[[31.3115283269575, 1.514207517883055], [31.36538862375948, 1.487411733292627], [31.39727411030828, 1.505621049629377], [31.386716715643267, 1.47390121673323], [31.400409735334627, 1.451916787407483], [31.407313346328657, 1.464287357672626], [31.43498181055051, 1.45792654257085], [31.43400225287998, 1.400073931682052], [31.40562373536115, 1.362533659530166], [31.319405348500702, 1.362301303027519], [31.27262322877971, 1.394202280428917], [31.288964741888698, 1.460572069320891], [31.271749414082407, 1.476797889085564], [31.29960217331004, 1.485220231216977], [31.285527523153235, 1.499284544111145], [31.3115283269575, 1.514207517883055]]]}}, {"type": "Feature", "properties": {"OBJECTID": 39, "District": "IBANDA", "Shape_Leng": 233662.754306, "Shape_Area": 966701233.376, "Region": "Ankole"}, "geometry": {"type": "Polygon", "coordinates": [[[30.604588945840366, 0.160891416464188], [30.639599301066553, 0.107027874996706], [30.62614410513624, 0.064989996345764], [30.581884941494483, 0.016020369505371], [30.568562493121767, -0.043942063770803], [30.57892220581929, -0.070109540512629], [30.569451038808435, -0.112059779199564], [30.588283884521147, -0.147151794021094], [30.629772297186907, -0.174210873619084], [30.590628610348627, -0.241865606341893], [30.449243492900557, -0.263278940464386], [30.453545117180816, -0.285035128107389], [30.43267584684983, -0.289025390690909], [30.387364506810947, -0.257110987534818], [30.35556152418894, -0.193181571112827], [30.31529921980033, -0.18830416886181], [30.284058958385902, -0.211271710609204], [30.28182253477793, -0.168254731702776], [30.246210626167684, -0.1250537385478], [30.263549174133207, -0.114626872914054], [30.356541957885934, -0.152286335558864], [30.378073177473368, -0.144172982117966], [30.392558766084257, -0.173683425627043], [30.415705000836834, -0.182607166489327], [30.46570196111611, -0.152651807467308], [30.421599604030384, -0.129174605519849], [30.41005309395665, -0.049240985609145], [30.384687035691982, -0.002704093794253], [30.45197493311002, 0.061504302691615], [30.453577831178958, 0.096067054528758], [30.494084660058746, 0.097380759989835], [30.5499407730621, 0.146710963254894], [30.604588945840366, 0.160891416464188]]]}}, {"type": "Feature", "properties": {"OBJECTID": 40, "District": "IGANGA", "Shape_Leng": 127162.926951, "Shape_Area": 638097302.422, "Region": "Busoga"}, "geometry": {"type": "Polygon", "coordinates": [[[33.408942689708226, 0.903237721102791], [33.43457116168323, 0.879302074992227], [33.498361114413996, 0.867872777787139], [33.54157581029047, 0.887425624775428], [33.546934092782884, 0.824891156531412], [33.56422225691293, 0.800606850120378], [33.55554817966745, 0.764465637810985], [33.57937064885078, 0.697488441232044], [33.54192462858342, 0.542536508971043], [33.52843732236828, 0.552915089313886], [33.49047100699266, 0.536365859896273], [33.48054895159721, 0.554425100811435], [33.425645991046096, 0.55385541012721], [33.412787255302405, 0.616665357739904], [33.43216477613272, 0.721784085619342], [33.391625290207784, 0.763235398290397], [33.362040394722705, 0.862593883700758], [33.39679245283515, 0.908178805273578], [33.408942689708226, 0.903237721102791]]]}}, {"type": "Feature", "properties": {"OBJECTID": 41, "District": "ISINGIRO", "Shape_Leng": 283501.906278, "Shape_Area": 2649914634.65, "Region": "Ankole"}, "geometry": {"type": "Polygon", "coordinates": [[[30.77796865832977, -0.603215112223199], [30.840706370048277, -0.62375387740432], [30.863339294461035, -0.643830882181233], [30.865531492853513, -0.671696632597155], [30.92465246222905, -0.707343111910872], [30.96669410581308, -0.715128514360753], [31.092801461691167, -0.671400073199356], [31.15313921879772, -0.704157519632885], [31.199953413744932, -0.758016932073166], [31.192329788282315, -0.822043636504585], [31.227649940154713, -0.847526667901892], [31.20349046387443, -0.887747117920614], [31.27084144867016, -0.949707013614754], [31.270800494437502, -0.999308781652374], [30.79912336156679, -0.999043548746018], [30.766639225802926, -0.984931647527568], [30.69853900021357, -1.015011248558349], [30.658993689264666, -1.062341807036923], [30.633140968144144, -1.071189816949218], [30.586706485632142, -1.06106564702765], [30.52745140538142, -1.076144356229811], [30.478104966754998, -1.057510268742184], [30.539033901398273, -0.933026883242854], [30.56316718548687, -0.930586032110784], [30.60291438439173, -0.867352882584406], [30.63080251013665, -0.864371119253111], [30.652361679504356, -0.837239771538356], [30.656591610514763, -0.786186021488273], [30.635949988957535, -0.732752235611102], [30.65019743054021, -0.655419672308329], [30.639889323627948, -0.631799398991526], [30.660767043546716, -0.641243455633079], [30.70314437414427, -0.61137188235316], [30.71879531892325, -0.627063219992198], [30.738687315749516, -0.607618771597963], [30.77796865832977, -0.603215112223199]]]}}, {"type": "Feature", "properties": {"OBJECTID": 42, "District": "JINJA", "Shape_Leng": 140205.405169, "Shape_Area": 508225162.153, "Region": "Busoga"}, "geometry": {"type": "Polygon", "coordinates": [[[33.193505707092136, 0.69327265806638], [33.297950819439706, 0.643575427854353], [33.31350148179206, 0.658378040004397], [33.379554632818085, 0.6139767430718], [33.37139331479117, 0.595625471349251], [33.35737127477127, 0.608549755350753], [33.352631186756305, 0.587622722499655], [33.37133608310294, 0.583770449090141], [33.35324062443362, 0.558628954446863], [33.3668884842518, 0.541697803497552], [33.325359306106044, 0.517440484298747], [33.33266173919388, 0.498628201963623], [33.30766844872009, 0.471458729203806], [33.28653574194806, 0.47890409576533], [33.28166190026861, 0.44904270371445], [33.25809361766733, 0.449631656567113], [33.232742792488104, 0.553459007624907], [33.19985800846878, 0.577996471019382], [33.166830023770906, 0.576568075046463], [33.160345061213114, 0.561594966229066], [33.12841988991754, 0.567349861016473], [33.09104003631263, 0.543357050072325], [33.050672317366164, 0.595316409322022], [33.04754476839201, 0.659443988376042], [33.07310032103481, 0.656150443429253], [33.08642085365215, 0.679863288300023], [33.131466775318934, 0.667494576746603], [33.13442116632806, 0.6904384924048], [33.193505707092136, 0.69327265806638]]]}}, {"type": "Feature", "properties": {"OBJECTID": 43, "District": "JINJA CITY", "Shape_Leng": 73961.0209111, "Shape_Area": 215629913.09799996, "Region": "Busoga"}, "geometry": {"type": "Polygon", "coordinates": [[[33.20036541605218, 0.574027226153853], [33.232742792488104, 0.553459007624907], [33.25809361766733, 0.449631656567113], [33.28166190026861, 0.44904270371445], [33.28217760660016, 0.388869506592698], [33.199925983031406, 0.410096836230411], [33.15975125731632, 0.480485840762847], [33.09104003631263, 0.543357050072325], [33.12841988991754, 0.567349861016473], [33.20036541605218, 0.574027226153853]]]}}, {"type": "Feature", "properties": {"OBJECTID": 44, "District": "KAABONG", "Shape_Leng": 449435.764292, "Shape_Area": 4102155372.2100005, "Region": "Karamoja"}, "geometry": {"type": "Polygon", "coordinates": [[[34.04811910919146, 4.176446235419888], [34.06642966133281, 4.141301485103154], [34.05027512437805, 4.118407822685384], [34.092364198631394, 4.058572674015471], [34.088362624850774, 4.033919459843941], [34.05957917408892, 4.024990747347847], [34.060795833168584, 4.006806364452951], [34.135384772355664, 3.958634788102352], [34.12067159366978, 3.898129676209679], [34.09218347390713, 3.882538095008664], [34.08917835234982, 3.858556598945406], [34.21631588880801, 3.878149434992963], [34.2267548674807, 3.82829675006089], [34.180805327380995, 3.828852578756685], [34.15391671885986, 3.804254299021508], [34.189390773697355, 3.792424086680931], [34.17162038309656, 3.764997734088287], [34.24632861889842, 3.781179093578705], [34.308662627454815, 3.70898976898684], [34.30335241022728, 3.682874390776869], [34.32623805797918, 3.725381205294654], [34.365817253254995, 3.732447595786282], [34.40565163571843, 3.690034155533823], [34.463969090871714, 3.666788257349276], [34.45224191570456, 3.514416412877087], [34.42551921210528, 3.489002379383724], [34.38971561134558, 3.489056227289519], [34.420027937381654, 3.430632787894029], [34.40243834085419, 3.412330761160676], [34.40136105030344, 3.3678696497361], [34.430702710899496, 3.339995525278455], [34.44817694138166, 3.280234800556618], [34.45613806357128, 3.179280893218224], [34.49558489197343, 3.138636227305192], [34.546560589870246, 3.133810206516791], [34.55968948174287, 3.107657862164749], [34.54548877242466, 3.093424497255187], [34.34250444047934, 3.084495829065527], [34.21333590122397, 3.150157750126362], [34.1568318085451, 3.216150183923352], [34.082638201454934, 3.2506218013737], [33.99985609808921, 3.250800243914763], [34.00688623617989, 3.413197205290115], [34.027159529685534, 3.43591635899346], [34.00498347542017, 3.501364375766009], [34.052742036238314, 3.501413575455464], [34.07183282423379, 3.544737215080371], [34.0135013767905, 3.599289984130137], [33.9475755465196, 3.591272357039852], [33.91966266699047, 3.618197387961076], [34.002767507081586, 3.699676282474122], [34.0092293596239, 3.855116898988418], [33.861282366757614, 4.103294430677449], [33.98850526340555, 4.231367004645231], [34.04811910919146, 4.176446235419888]]]}}, {"type": "Feature", "properties": {"OBJECTID": 45, "District": "KABALE", "Shape_Leng": 131608.911988, "Shape_Area": 621129106.88, "Region": "Kigezi"}, "geometry": {"type": "Polygon", "coordinates": [[[30.027063838699704, -1.20475294253039], [30.13285615268868, -1.232803236632378], [30.135310439431827, -1.254559509565447], [30.144756463810705, -1.228391183698422], [30.163707830425302, -1.225880489834908], [30.169822431952138, -1.345231260316759], [30.144997391181032, -1.350746273698736], [30.119258883107292, -1.385381873602451], [30.103323715699197, -1.372481109537126], [30.07313074460634, -1.378911323646268], [30.05214258264718, -1.401376406184325], [30.0527975321663, -1.43203470365765], [30.01964448339367, -1.414127303614164], [29.976005403198183, -1.459205077866838], [29.91261104800897, -1.481357189994794], [29.883245530527564, -1.42266405149756], [29.87763070437768, -1.338117120170895], [29.909027678986472, -1.343672482119063], [29.907684155638425, -1.305208270248076], [29.935954178335503, -1.263836035043952], [29.96495657223988, -1.25186537448086], [29.957678233384666, -1.237152505919028], [30.005280003773358, -1.228890785956202], [30.00714955189813, -1.190849588957519], [30.027063838699704, -1.20475294253039]]]}}, {"type": "Feature", "properties": {"OBJECTID": 46, "District": "KABAROLE", "Shape_Leng": 329657.500856, "Shape_Area": 1224171881.49, "Region": "Tooro"}, "geometry": {"type": "Polygon", "coordinates": [[[30.544481118170605, 0.967132071926881], [30.56132667489534, 0.940502070259776], [30.505346456783723, 0.900439403510683], [30.47722624086143, 0.806332497773166], [30.448771257644903, 0.7687128219718], [30.424603663001964, 0.765808117715027], [30.435178531110182, 0.715095349093068], [30.396493604199794, 0.65045199273888], [30.413770790398118, 0.610830638759336], [30.44470232759995, 0.604602447968146], [30.445569386559367, 0.584639308776862], [30.4649042788608, 0.575399931474303], [30.369851697059474, 0.489539658487738], [30.378667984498467, 0.44631269918817], [30.35840471557597, 0.419369294587617], [30.392810511167255, 0.370836111596435], [30.369010147734986, 0.308211052020096], [30.388826670526555, 0.280688057937241], [30.29429081624022, 0.266631783105237], [30.272794140495932, 0.356863530314747], [30.294240648104484, 0.401275394926996], [30.251427527119137, 0.415771193506996], [30.257281253954677, 0.465059720060612], [30.274970636399708, 0.483348047713617], [30.24765180611345, 0.532341266706072], [30.291637916928185, 0.567467515881502], [30.325598898410963, 0.644474068875176], [30.271436635487124, 0.698921354419211], [30.2477586858078, 0.697972367225238], [30.24322049059101, 0.655588637700939], [30.219014511372993, 0.638336685193551], [30.254238393338824, 0.595980007689054], [30.19073287793002, 0.587102863777512], [30.119916813875847, 0.622928675199694], [30.12582905383901, 0.659345520218917], [30.16439387275473, 0.732604525743871], [30.187698394089203, 0.71663520853265], [30.218474745629614, 0.75280269202774], [30.248059533862456, 0.736599717114849], [30.301951925185413, 0.779051101457597], [30.2954338477616, 0.808302473392303], [30.34180931442358, 0.838284204293764], [30.346482193645663, 0.899503721107015], [30.361761822174522, 0.876161163658417], [30.480862926495302, 0.919936971888092], [30.544481118170605, 0.967132071926881]]]}}, {"type": "Feature", "properties": {"OBJECTID": 47, "District": "KABERAMAIDO", "Shape_Leng": 148239.396574, "Shape_Area": 886756988.643, "Region": "Teso"}, "geometry": {"type": "Polygon", "coordinates": [[[33.23183722202639, 1.900131514162349], [33.241125377271345, 1.861869685241067], [33.309433618261, 1.799424635151675], [33.290700131662724, 1.770757294841651], [33.2937314126037, 1.743362017256362], [33.2432889737615, 1.690551714867679], [33.204984760586605, 1.605693160001307], [33.0561021130141, 1.531053556700889], [33.01545454591852, 1.460874341261716], [32.9737300870404, 1.476924150182155], [32.96684830160553, 1.611593033530736], [32.945131844174526, 1.642146439904411], [32.99645137717375, 1.671641694963466], [32.99993860443651, 1.712280552280285], [33.04679846467708, 1.708054895516893], [33.08381922991516, 1.731875091937837], [33.11710100395925, 1.857403991363262], [33.14177355873344, 1.857022186631812], [33.206607606718386, 1.910294752768287], [33.23183722202639, 1.900131514162349]]]}}, {"type": "Feature", "properties": {"OBJECTID": 48, "District": "KAGADI", "Shape_Leng": 232256.576985, "Shape_Area": 1556000582.24, "Region": "Bunyoro"}, "geometry": {"type": "Polygon", "coordinates": [[[30.665044082913457, 1.11919260488374], [30.753653350252534, 1.070939988879194], [30.78691236286338, 1.117280534200362], [30.81816683042002, 1.107167306664889], [30.86705379813326, 1.148701606469781], [30.92099686545242, 1.118204417020037], [31.039375063547258, 1.136777856103286], [31.06030489630022, 1.161013983028173], [31.086727716769875, 1.134183735077131], [31.108658287051703, 1.13469959050095], [31.132055035197837, 1.044060416233965], [31.11145614771358, 1.002566729333652], [31.082458507968806, 1.00379417107316], [30.982170348793716, 0.936026454708393], [30.957951446789547, 0.960710087695954], [30.928261219700495, 0.909447827185488], [30.886166267168417, 0.891747810704562], [30.869685811739476, 0.84394742902735], [30.78925845925811, 0.833616651209333], [30.72696578522508, 0.878420664450582], [30.650824569899296, 0.88599906944491], [30.57305328821182, 0.919454378991487], [30.544175650108567, 0.964836195289323], [30.550470387236523, 1.206360111500026], [30.665044082913457, 1.11919260488374]]]}}, {"type": "Feature", "properties": {"OBJECTID": 49, "District": "KAKUMIRO", "Shape_Leng": 198118.417859, "Shape_Area": 1668425366.4399998, "Region": "Bunyoro"}, "geometry": {"type": "Polygon", "coordinates": [[[31.228815793574643, 1.217302881462338], [31.268035381571952, 1.198458574604143], [31.296391242875398, 1.207653319283572], [31.378073049777903, 1.157918313942838], [31.414728729604136, 1.159521909788449], [31.46287044364226, 1.078809862693329], [31.52766857718761, 1.026478201112837], [31.50922218129967, 0.987796369144285], [31.432580356855286, 0.949199569311074], [31.454228289464695, 0.893199307698901], [31.43739082589796, 0.8501578960184], [31.44497595270033, 0.825354834485489], [31.40438736971244, 0.801282066870038], [31.40872889382377, 0.745139690343597], [31.37685442087267, 0.703879681808692], [31.229306514094585, 0.774809837982476], [31.18416022525561, 0.873392764590258], [31.118218303157832, 0.952489933635469], [31.131983438175464, 1.044548397380494], [31.108658287051703, 1.13469959050095], [31.083360629684663, 1.140022868819818], [31.130277982531403, 1.192044290113027], [31.18239869331307, 1.180841460276482], [31.228815793574643, 1.217302881462338]]]}}, {"type": "Feature", "properties": {"OBJECTID": 50, "District": "KALAKI", "Shape_Leng": 142882.973785, "Shape_Area": 736543224.512, "Region": "Teso"}, "geometry": {"type": "Polygon", "coordinates": [[[33.32068006290284, 2.051855382239065], [33.40713738075745, 1.980110799786905], [33.452417666695624, 1.858426147821501], [33.43059927205093, 1.825464325312656], [33.41216262833099, 1.711674986612534], [33.39127891740198, 1.673663600262308], [33.204984760586605, 1.605693160001307], [33.31166464964651, 1.793525517196944], [33.241125377271345, 1.861869685241067], [33.22060679080274, 1.909922064549874], [33.24931080538564, 1.952085536695851], [33.27145211528095, 1.957131857858251], [33.288489966755385, 2.0365869569694], [33.32068006290284, 2.051855382239065]]]}}, {"type": "Feature", "properties": {"OBJECTID": 51, "District": "KALANGALA", "Shape_Leng": 387739.733943, "Shape_Area": 9044951621.54, "Region": "South Central"}, "geometry": {"type": "Polygon", "coordinates": [[[32.87618323530408, -0.149678313669249], [32.87513370545319, -0.999419639624126], [31.9998989773732, -0.999912568121012], [32.000663055718704, -0.385366330111234], [32.05200529163159, -0.338486272896879], [32.061377770706, -0.306445821685914], [32.0532387576393, -0.275154646234118], [32.00027404817898, -0.219119665361037], [32.00042341690979, -0.153735466937786], [32.87618323530408, -0.149678313669249]]]}}, {"type": "Feature", "properties": {"OBJECTID": 52, "District": "KALIRO", "Shape_Leng": 134766.132682, "Shape_Area": 869230934.28, "Region": "Busoga"}, "geometry": {"type": "Polygon", "coordinates": [[[33.52604698762814, 1.200134147153985], [33.59147800244464, 1.162911030372779], [33.636556948760195, 1.088898626351325], [33.57049080808528, 0.979010512372268], [33.54157581029047, 0.887425624775428], [33.498361114413996, 0.867872777787139], [33.43536064784956, 0.879000558992148], [33.42042366502864, 0.903086064765666], [33.39679245283515, 0.908178805273578], [33.41732624218438, 0.99905449408216], [33.38347664503918, 0.999565296560909], [33.38612003455354, 1.026362560726657], [33.33503182188497, 1.077303950002855], [33.43235348358883, 1.247159223209169], [33.44011266091302, 1.291967947482045], [33.52604698762814, 1.200134147153985]]]}}, {"type": "Feature", "properties": {"OBJECTID": 53, "District": "KALUNGU", "Shape_Leng": 133467.77906, "Shape_Area": 812794359.831, "Region": "South Central"}, "geometry": {"type": "Polygon", "coordinates": [[[31.72585287161114, 0.069710978705159], [31.784153095176524, 0.061562780591425], [31.888227503926664, -0.016399157275677], [31.91537041403217, -0.017439552416532], [31.90207643690955, -0.039492836304349], [31.917864863352804, -0.089253567816905], [31.94759248017122, -0.130394765066158], [32.00042341690979, -0.153735466937786], [31.962908129587017, -0.168596033965335], [31.92021147385574, -0.214546047819553], [31.88750400463521, -0.222024452621608], [31.870962384955067, -0.256884863274071], [31.84758212865505, -0.26268095735919], [31.812578401935845, -0.23289121481779], [31.722372686861256, -0.246887071843146], [31.706195432541563, -0.210704786850858], [31.69228730331935, -0.143574473590406], [31.700164222375598, -0.031964660464417], [31.646421570505893, 0.03932714931623], [31.673986660818287, 0.071156670536076], [31.72585287161114, 0.069710978705159]]]}}, {"type": "Feature", "properties": {"OBJECTID": 54, "District": "KAMPALA", "Shape_Leng": 70622.43372650002, "Shape_Area": 195137709.95799997, "Region": "Kampala"}, "geometry": {"type": "Polygon", "coordinates": [[[32.60424874499541, 0.403828131092808], [32.61928472906578, 0.377339515862072], [32.63425959316584, 0.378275320142266], [32.639075354844195, 0.331831228317962], [32.66687643642137, 0.318199982006139], [32.668758788378916, 0.274592552852071], [32.63425030819866, 0.214319319585523], [32.57650090245433, 0.279318321308486], [32.54174847720347, 0.271292312934896], [32.51035658504213, 0.3072766514301], [32.52902854028383, 0.339491824703256], [32.553544877300205, 0.348551438142833], [32.56495071168994, 0.402546568062839], [32.60424874499541, 0.403828131092808]]]}}, {"type": "Feature", "properties": {"OBJECTID": 55, "District": "KAMULI", "Shape_Leng": 199427.875125, "Shape_Area": 1516127580.6, "Region": "Busoga"}, "geometry": {"type": "Polygon", "coordinates": [[[33.016387334110654, 1.224341467521367], [33.078443966834, 1.195597057307954], [33.092069171239686, 1.169495145593496], [33.124643419378984, 1.163006963182861], [33.15179784918146, 1.044088006576624], [33.178110135876935, 1.040322943363669], [33.22541304654738, 0.986886781021414], [33.30677178265819, 0.984572936774047], [33.283249614695244, 0.863412256812047], [33.304942502444376, 0.849335730817855], [33.22029422734798, 0.730342780409321], [33.223217976373355, 0.683912033345795], [33.158524978805, 0.694898064259948], [33.13442116632806, 0.6904384924048], [33.13474718625556, 0.668263508979878], [33.08642085365215, 0.679863288300023], [33.07432710552703, 0.656819929775204], [33.049163894601854, 0.658810659619605], [33.058422385512685, 0.696893790649403], [33.03057177805057, 0.828881083971777], [32.9492880973286, 0.946091443284274], [32.93435028077762, 1.027799497291038], [32.937853423507, 1.088285670004346], [32.967841858411994, 1.154857733874219], [32.96342804493987, 1.196818388009545], [32.93537575719204, 1.222588643499599], [33.016387334110654, 1.224341467521367]]]}}, {"type": "Feature", "properties": {"OBJECTID": 56, "District": "KAMWENGE", "Shape_Leng": 273285.579605, "Shape_Area": 1694520036.14, "Region": "Tooro"}, "geometry": {"type": "Polygon", "coordinates": [[[30.468809585038464, 0.573513388864277], [30.508049003076437, 0.540162252481714], [30.49675619924737, 0.500836772563053], [30.547686564336217, 0.454784553880533], [30.52500583315954, 0.426108121990097], [30.565334599742506, 0.368842904034319], [30.55862484885851, 0.344703992781819], [30.594184261545756, 0.372698918136374], [30.6077655452691, 0.364133310367361], [30.635798763124537, 0.377410942631767], [30.69581974297333, 0.465101467002997], [30.75597985707652, 0.47139070074373], [30.852362784270966, 0.400614089804471], [30.85044912509614, 0.337560747583145], [30.822104183273098, 0.318207096418094], [30.764331550070224, 0.194973662901374], [30.66754076127262, 0.209631852115836], [30.625683443306436, 0.165666197113957], [30.5499407730621, 0.146710963254894], [30.48304389426616, 0.094722570696561], [30.47717706322633, 0.13081294492685], [30.449695828006423, 0.160500996146293], [30.416247505156296, 0.160322586768936], [30.414189064366127, 0.139965380004609], [30.382564982422508, 0.144486279421338], [30.289295546240176, 0.206728752610591], [30.29429081624022, 0.266631783105237], [30.388684097727463, 0.280308434122776], [30.369010147734986, 0.308211052020096], [30.392810511167255, 0.370836111596435], [30.35840471557597, 0.419369294587617], [30.378667984498467, 0.44631269918817], [30.369851697059474, 0.489539658487738], [30.468809585038464, 0.573513388864277]]]}}, {"type": "Feature", "properties": {"OBJECTID": 57, "District": "KANUNGU", "Shape_Leng": 308079.565252, "Shape_Area": 1328592651.15, "Region": "Kigezi"}, "geometry": {"type": "Polygon", "coordinates": [[[29.725058249340783, -0.442108420397055], [29.750224238520676, -0.487675035947861], [29.7213333700349, -0.513110852262742], [29.72409703534718, -0.583429379616044], [29.745339706566046, -0.622309763493603], [29.79384925722832, -0.620585767683109], [29.798773890233754, -0.635765878215943], [29.777563247135575, -0.654520246536288], [29.805187438030735, -0.687080209266495], [29.826345987278415, -0.809915235684967], [29.88571577213173, -0.896217894929518], [29.8544487511562, -0.91377562107514], [29.850890057713983, -0.936685757290366], [29.90019551877323, -1.041358092311224], [29.869318918934688, -1.070176727070873], [29.767127983274193, -0.987918418163994], [29.737588947300726, -1.010412202386539], [29.76445717121987, -1.028914228582374], [29.753282974365177, -1.031404211850609], [29.765728813734007, -1.063021016686145], [29.752083198481234, -1.078687367201424], [29.66009416654165, -1.055882250545126], [29.598277870712604, -1.029565777209976], [29.58379602487837, -1.007454334158986], [29.585384092364315, -0.981782496440914], [29.600969181802903, -0.980138033079856], [29.581640826931114, -0.904026779581095], [29.637324617738987, -0.899879728883175], [29.624620094838377, -0.718673462999954], [29.663206163742995, -0.624385503326733], [29.649269715702527, -0.59546070572344], [29.683044182250548, -0.565480863207181], [29.66697425916249, -0.543855213925217], [29.670958161484226, -0.474515901644421], [29.651388812623832, -0.463217755119599], [29.675789640546768, -0.336736968618055], [29.725058249340783, -0.442108420397055]]]}}, {"type": "Feature", "properties": {"OBJECTID": 58, "District": "KAPCHORWA", "Shape_Leng": 109992.132191, "Shape_Area": 381590422.635, "Region": "Bugisu"}, "geometry": {"type": "Polygon", "coordinates": [[[34.44717925732135, 1.476566398981567], [34.480304086774076, 1.454858922405215], [34.481926307688845, 1.351271753174939], [34.534203372939395, 1.282296881061301], [34.53654636635638, 1.180015702422647], [34.499007853164265, 1.235504475132503], [34.398948866807295, 1.294730497083896], [34.33019584908467, 1.305874707781055], [34.30635385246077, 1.337209001576423], [34.32572900552354, 1.388655591844024], [34.35030626100339, 1.3928918262459], [34.375172594027205, 1.440768928383857], [34.43053773812362, 1.442850959134225], [34.42676179142624, 1.462823566944661], [34.44603355398899, 1.461065553548537], [34.44717925732135, 1.476566398981567]]]}}, {"type": "Feature", "properties": {"OBJECTID": 59, "District": "KAPELEBYONG", "Shape_Leng": 259161.514709, "Shape_Area": 1200832578.6, "Region": "Teso"}, "geometry": {"type": "Polygon", "coordinates": [[[33.741943671710075, 2.41269417612535], [33.91100382356526, 2.302912554515164], [33.8764394489962, 2.247678445798141], [33.88235639876934, 2.189949513332623], [33.91744829057019, 2.119260367689773], [33.881489886676974, 2.070703468773321], [33.90820864988529, 2.054248049465294], [33.888896418534486, 2.033861067403594], [33.897840227206146, 2.018994163039556], [33.876536505395116, 2.006457627328153], [33.89384155551849, 1.994347032278282], [33.896138084085564, 1.973241118191102], [33.85365124063715, 1.981559038773559], [33.809258033672144, 2.022063893588232], [33.78345427400734, 2.012773305206597], [33.77857687859778, 1.984382849399866], [33.75578559073117, 1.980648006477862], [33.73140975248743, 2.005251183743257], [33.74814639895274, 2.082366848952915], [33.71240898081856, 2.104617401669519], [33.661033814977436, 2.222140941217015], [33.63641827814021, 2.202110059104647], [33.639346800601416, 2.180889960682877], [33.610350407376856, 2.135749205133531], [33.5667629584726, 2.167317853519759], [33.55838059491981, 2.193639513436514], [33.48751420441831, 2.232099802497337], [33.54803680762049, 2.283411771179875], [33.53745326089128, 2.357159101659549], [33.5944862555053, 2.328445737455371], [33.632038809147126, 2.358412596431006], [33.674134205303126, 2.355646613252336], [33.741943671710075, 2.41269417612535]]]}}, {"type": "Feature", "properties": {"OBJECTID": 60, "District": "KARENGA", "Shape_Leng": 286024.555416, "Shape_Area": 3191134605.08, "Region": "Karamoja"}, "geometry": {"type": "Polygon", "coordinates": [[[34.004582162547514, 3.764237395750682], [34.002767507081586, 3.699676282474122], [33.91966266699047, 3.618197387961076], [33.9475755465196, 3.591272357039852], [34.0135013767905, 3.599289984130137], [34.07151097834314, 3.54178706029338], [34.052742036238314, 3.501413575455464], [34.00498347542017, 3.501364375766009], [34.027159529685534, 3.43591635899346], [34.00688623617989, 3.413197205290115], [33.99985609808921, 3.250800243914763], [33.902174603951174, 3.24966110219552], [33.90771755362196, 3.308182726152793], [33.88899955098335, 3.320714066515781], [33.85165558412672, 3.301819252584753], [33.740451394604484, 3.361463150457626], [33.721036687483654, 3.418112720788314], [33.66536922991535, 3.477012646000146], [33.644181769581834, 3.480935891174709], [33.62251819195854, 3.532001913283574], [33.632151212370296, 3.567418744034396], [33.602442544877626, 3.591162446079865], [33.51070325351891, 3.751986257999777], [33.861282366757614, 4.103294430677449], [34.0092293596239, 3.855116898988418], [34.004582162547514, 3.764237395750682]]]}}, {"type": "Feature", "properties": {"OBJECTID": 61, "District": "KASESE", "Shape_Leng": 286781.945948, "Shape_Area": 3394069407.0, "Region": "Tooro"}, "geometry": {"type": "Polygon", "coordinates": [[[30.132414351642353, 0.478401941506015], [30.17631338257216, 0.424599503526453], [30.180550378971486, 0.387146546421973], [30.23898452993512, 0.342303952865682], [30.28279599338692, 0.3396179742254], [30.29761677142635, 0.285213653110444], [30.288287550288075, 0.214600511367412], [30.265792991249608, 0.181246614305006], [30.256686776518432, 0.043537775265206], [30.21757616493378, -0.077147694750061], [30.18445202815366, -0.08849505102283], [30.18487999724923, -0.072198204894968], [30.15614154764851, -0.072514432611614], [30.09367965077649, -0.096713861444991], [30.00879725404116, -0.145210218756563], [29.98877478332074, -0.171992707005655], [29.967427575505177, -0.170753789761021], [29.9545228798405, -0.188432836922776], [29.90818939234313, -0.182130080431827], [29.888466284972484, -0.208885563722318], [29.699334480188007, -0.210557686283992], [29.728035269043907, -0.040523635876212], [29.744287014730197, -0.029658593411972], [29.72541111991605, -0.003805300212816], [29.717140256773643, 0.073524154711124], [29.769321230361804, 0.163418537070381], [29.824022091907217, 0.172822420073843], [29.872547257092073, 0.385153124883427], [29.913170244323364, 0.436080365722666], [29.95303753460002, 0.400258439871545], [30.068228032182464, 0.473218489612235], [30.132414351642353, 0.478401941506015]]]}}, {"type": "Feature", "properties": {"OBJECTID": 62, "District": "KASSANDA", "Shape_Leng": 211579.902351, "Shape_Area": 1918023845.97, "Region": "North Central"}, "geometry": {"type": "Polygon", "coordinates": [[[31.674433465233886, 0.814783886468236], [31.700906294559026, 0.794079552883506], [31.765081901305884, 0.802692386848409], [31.787320260671773, 0.777191366190474], [31.839905826306158, 0.77302728125233], [31.913383528913947, 0.74031956867104], [31.889284433718444, 0.708617648776791], [31.922837929667192, 0.655074918262666], [31.8803452105561, 0.591996672374245], [31.91483273504673, 0.568838863774854], [31.918360031580665, 0.517054234274403], [31.958305597732377, 0.428090046874263], [31.924700675775707, 0.335199775933147], [31.845926409234643, 0.339442056459091], [31.79927032563821, 0.279221397063157], [31.7335252779203, 0.239542466376988], [31.699695967890044, 0.285174590725254], [31.655863731006804, 0.295413974906752], [31.628236720039695, 0.332430658947746], [31.605986927821778, 0.333648529201136], [31.57025075466519, 0.367704957522971], [31.629259489687726, 0.461381691651239], [31.56324723896063, 0.633629711612029], [31.578947670366652, 0.644876457101164], [31.581643804872538, 0.697561734650901], [31.605986635471574, 0.699052409465234], [31.58215496626111, 0.732591444440038], [31.5930440243422, 0.750069070688627], [31.635948698337426, 0.760674209900917], [31.654620397486585, 0.815817407066373], [31.674433465233886, 0.814783886468236]]]}}, {"type": "Feature", "properties": {"OBJECTID": 63, "District": "KATAKWI", "Shape_Leng": 281986.024918, "Shape_Area": 2427871282.27, "Region": "Teso"}, "geometry": {"type": "Polygon", "coordinates": [[[33.90898251989298, 2.306165857547073], [34.21197248273358, 2.118646701726255], [34.22221310395326, 1.64018599587177], [34.011465242684565, 1.64882531548603], [33.9481066863084, 1.635530493247505], [33.85868184372873, 1.676028357073176], [33.811751389446286, 1.678861950227784], [33.81513530483255, 1.697351298976151], [33.79872181904276, 1.697928124371447], [33.871666207892915, 1.77107130163603], [33.87129314966386, 1.831346461559263], [33.84547996346477, 1.88515713939516], [33.89927908725016, 1.908034822994217], [33.88432761601197, 1.923330677045571], [33.8903150066301, 1.952555696094628], [33.90166433313105, 1.945222233270637], [33.88679972362066, 1.963530572717121], [33.893983506488645, 1.993939877898929], [33.876536505395116, 2.006457627328153], [33.897840227206146, 2.018994163039556], [33.888896418534486, 2.033861067403594], [33.90820864988529, 2.054248049465294], [33.88146706185566, 2.070487815384193], [33.91744829057019, 2.119260367689773], [33.88235639876934, 2.189949513332623], [33.8764394489962, 2.247678445798141], [33.90898251989298, 2.306165857547073]]]}}, {"type": "Feature", "properties": {"OBJECTID": 64, "District": "KAYUNGA", "Shape_Leng": 264594.720648, "Shape_Area": 1777584653.9500003, "Region": "North Central"}, "geometry": {"type": "Polygon", "coordinates": [[[32.851230572790634, 1.362970037138872], [32.939390810395494, 1.209843371739431], [32.965804538928126, 1.189984428696755], [32.93469504035525, 1.024387764483867], [32.9492880973286, 0.946091443284274], [33.02991783837704, 0.830407123062182], [33.04845949647346, 0.764818328132516], [33.050209491529436, 0.597333973368276], [33.084729392619934, 0.546170865291167], [33.075085472819595, 0.513881041116166], [33.0532912967745, 0.504598691056142], [32.98078912896675, 0.558014410415934], [32.97664225938128, 0.586124494195076], [32.91957056239971, 0.650332895679712], [32.87146827310869, 0.677588965632746], [32.85634026614897, 0.746079190441395], [32.794592060911945, 0.855431184864504], [32.77693086861506, 0.999209309919406], [32.80046534547531, 1.15008312664698], [32.79188368084805, 1.255555453469457], [32.75045073655077, 1.362281922690826], [32.69696725574253, 1.383889454010627], [32.69637227179785, 1.450675640980785], [32.82026492193762, 1.475008011511358], [32.851230572790634, 1.362970037138872]]]}}, {"type": "Feature", "properties": {"OBJECTID": 65, "District": "KAZO", "Shape_Leng": 217391.437981, "Shape_Area": 1557329052.6, "Region": "Ankole"}, "geometry": {"type": "Polygon", "coordinates": [[[30.79270943219948, 0.210231702975131], [30.833110788053936, 0.197731263342069], [31.013429904078947, 0.198242559344937], [31.01637122787635, 0.168911021404798], [31.049710487565967, 0.142312693916159], [31.05296103846897, 0.057977390673137], [31.000770600176935, 0.024421332922349], [30.94197280390924, 0.013597694442773], [30.913389921442658, 0.024763415472242], [30.94325595668937, -0.057242298302074], [30.91502146083022, -0.073285335667173], [30.905189899118, -0.104322585644154], [30.848844197162457, -0.09839328708663], [30.79057138014326, -0.147380442785034], [30.727971041812637, -0.150565018723459], [30.718201493651268, -0.131800975807502], [30.68216432754326, -0.120709705012298], [30.65317829780431, -0.127949257145823], [30.6253907993866, -0.16387885373429], [30.588283884521147, -0.147151794021094], [30.569451038808435, -0.112059779199564], [30.57892220581929, -0.070109540512629], [30.568562493121767, -0.043942063770803], [30.581884941494483, 0.016020369505371], [30.62614410513624, 0.064989996345764], [30.63952835588302, 0.105428239700642], [30.60417118572657, 0.164439265412599], [30.625683443306436, 0.165666197113957], [30.669273848325307, 0.210093145997385], [30.761556913888423, 0.193734751603526], [30.79270943219948, 0.210231702975131]]]}}, {"type": "Feature", "properties": {"OBJECTID": 66, "District": "KIBAALE", "Shape_Leng": 172649.15799, "Shape_Area": 1165306191.76, "Region": "Bunyoro"}, "geometry": {"type": "Polygon", "coordinates": [[[31.120760378982542, 1.007338516933435], [31.12257697962214, 0.941798067571749], [31.18416022525561, 0.873392764590258], [31.228779517763588, 0.775389298067536], [31.288593583690066, 0.739807851758552], [31.27326262617796, 0.682228810252185], [31.215490146260855, 0.631820313325792], [31.15111262621239, 0.660851426439651], [31.095724045252283, 0.636294987348993], [30.998744724570425, 0.678168410839724], [30.935027713632188, 0.714481702586685], [30.916741559215637, 0.760693845300903], [30.830206389743424, 0.828015149974642], [30.832734679068352, 0.84176058221614], [30.869685811739476, 0.84394742902735], [30.886166267168417, 0.891747810704562], [30.928261219700495, 0.909447827185488], [30.957951446789547, 0.960710087695954], [30.981029881016063, 0.935509057913521], [31.082458507968806, 1.00379417107316], [31.120760378982542, 1.007338516933435]]]}}, {"type": "Feature", "properties": {"OBJECTID": 67, "District": "KIBOGA", "Shape_Leng": 218692.509705, "Shape_Area": 1573196295.41, "Region": "North Central"}, "geometry": {"type": "Polygon", "coordinates": [[[31.92861240742551, 1.083211204625811], [32.00163133891598, 1.020656519267875], [32.02088189486269, 0.921907290263548], [32.145231081061524, 0.88897482926286], [32.209846326839454, 0.805861343630207], [32.185307454848825, 0.689971826909797], [32.13763543030365, 0.694296516362954], [32.033181833475744, 0.651949645230156], [32.0136442024411, 0.604164872426908], [31.988733361697896, 0.659414332135305], [31.909553169367832, 0.622618596497017], [31.922837929667192, 0.655074918262666], [31.889284433718444, 0.708617648776791], [31.913611730382815, 0.736104328241713], [31.904414746867065, 0.747192052822927], [31.787320260671773, 0.777191366190474], [31.765081901305884, 0.802692386848409], [31.700906294559026, 0.794079552883506], [31.654620397486585, 0.815817407066373], [31.677593456161677, 0.847645100697499], [31.678676945366256, 0.888220960189906], [31.74635093113238, 0.879208658636341], [31.75307675476358, 0.937887002634936], [31.806162212242334, 0.977741437629586], [31.84593041783121, 1.034841518309874], [31.8763340429765, 1.040259482038442], [31.911431718570032, 1.106316742921736], [31.92861240742551, 1.083211204625811]]]}}, {"type": "Feature", "properties": {"OBJECTID": 68, "District": "KIBUKU", "Shape_Leng": 113867.984875, "Shape_Area": 488820515.70500004, "Region": "Bukedi"}, "geometry": {"type": "Polygon", "coordinates": [[[33.87495511303975, 1.14047051012585], [33.932230028325186, 1.165351157927269], [33.927857327935385, 1.104616902563045], [33.89755400408015, 1.063357489913127], [33.93728134006676, 1.050662930033556], [33.87089497920746, 0.982163790950293], [33.863247332346404, 0.942263790471835], [33.77281554520099, 0.956679018823207], [33.75978390784251, 0.945708513993761], [33.71498621548231, 0.982592156437287], [33.69155076009011, 1.045055318793136], [33.62632972484312, 1.104262223250308], [33.682695195426305, 1.125274180058379], [33.76244355781424, 1.113140961681468], [33.78291581727503, 1.089786597295318], [33.81242052914258, 1.113778836769211], [33.83780370887426, 1.168411617314798], [33.87495511303975, 1.14047051012585]]]}}, {"type": "Feature", "properties": {"OBJECTID": 69, "District": "KIKUUBE", "Shape_Leng": 319452.421553, "Shape_Area": 3108670633.4199996, "Region": "Bunyoro"}, "geometry": {"type": "Polygon", "coordinates": [[[30.779156090379846, 1.546937005014488], [30.889500858952918, 1.546936351741114], [30.993413745112875, 1.503435552520924], [30.98297386884844, 1.426463325535499], [31.02263816234824, 1.388493485309142], [31.10496412285859, 1.401571770816762], [31.126134175729696, 1.421167420857441], [31.137188315825767, 1.479048731897682], [31.109719651955004, 1.508165187435803], [31.11663082142427, 1.522306647021259], [31.185338217574177, 1.490613560216855], [31.215765027702602, 1.501662142622516], [31.288964741888698, 1.460572069320891], [31.267168410720064, 1.40344385481442], [31.296144728824984, 1.369695069297996], [31.404975206640913, 1.361370297259785], [31.418406658420267, 1.268961749781447], [31.392077611246194, 1.267147463353395], [31.3689610676768, 1.238891382395247], [31.31834075572657, 1.236704782797159], [31.277163876092793, 1.19774156590551], [31.22140454187275, 1.218022977426737], [31.18239869331307, 1.180841460276482], [31.130277982531403, 1.192044290113027], [31.084345562534107, 1.141592011023971], [31.05997230658816, 1.161011651341514], [31.039375063547258, 1.136777856103286], [30.920729039149446, 1.118209841116337], [30.86705379813326, 1.148701606469781], [30.81816683042002, 1.107167306664889], [30.78691236286338, 1.117280534200362], [30.746603413442692, 1.071766337857154], [30.550470387236523, 1.206360111500026], [30.550234523330953, 1.306819955644986], [30.779156090379846, 1.546937005014488]]]}}, {"type": "Feature", "properties": {"OBJECTID": 70, "District": "KIRUHURA", "Shape_Leng": 304019.314354, "Shape_Area": 3045032486.8199997, "Region": "Ankole"}, "geometry": {"type": "Polygon", "coordinates": [[[31.0588511653767, 0.043501165292217], [31.058289794418776, 0.01451211407763], [31.02353976135858, -0.025679628484071], [31.026699075385682, -0.036186414722122], [31.075768290870442, -0.023935196763673], [31.09855376787662, -0.054390053358687], [31.098458944235233, -0.125987243106618], [31.06843302510356, -0.242113686068844], [31.12417992429489, -0.403628920618376], [31.1529449227385, -0.440845838513], [31.152792828203708, -0.51952552949864], [31.098631267389486, -0.621552034387669], [31.092801461691167, -0.671400073199356], [31.052901671719354, -0.694432539824918], [30.95601490813967, -0.714264810093608], [30.891583748411893, -0.693323391603286], [30.86545848536795, -0.671578216678262], [30.85670036282688, -0.63599702271406], [30.78617876970303, -0.607109776944033], [30.77779964260239, -0.568422086845392], [30.820905316059893, -0.511301001510707], [30.781753355792365, -0.511007312001597], [30.793300387394474, -0.49381775271008], [30.73134461871927, -0.435612639953864], [30.705251568703847, -0.440600327757903], [30.683699008536884, -0.423276585689517], [30.696482448433873, -0.38983028920915], [30.680051146298535, -0.384599763631555], [30.675782371649483, -0.347719150658068], [30.612554362803557, -0.296052031518639], [30.624994535701543, -0.234456694788337], [30.60887312027863, -0.204174255783353], [30.65503193087392, -0.127277602159811], [30.6941825676686, -0.122999474772114], [30.74392326046213, -0.153362614595977], [30.792514788552566, -0.146747792106972], [30.81352218330836, -0.11545087110529], [30.848844197162457, -0.09839328708663], [30.905189899118, -0.104322585644154], [30.91502146083022, -0.073285335667173], [30.94325595668937, -0.057242298302074], [30.913389921442658, 0.024763415472242], [30.94197280390924, 0.013597694442773], [31.000770600176935, 0.024421332922349], [31.054567211498057, 0.06135015212324], [31.0588511653767, 0.043501165292217]]]}}, {"type": "Feature", "properties": {"OBJECTID": 71, "District": "KIRYANDONGO", "Shape_Leng": 293555.059828, "Shape_Area": 3632073581.9600005, "Region": "Bunyoro"}, "geometry": {"type": "Polygon", "coordinates": [[[31.83728966014671, 2.366091687873427], [31.91844740151309, 2.365547086558755], [31.942081075688577, 2.338826437227127], [32.013098388143426, 2.306476215560865], [32.02562809392483, 2.276524856565711], [32.05324770967852, 2.282504688183349], [32.14848517286026, 2.221547863911973], [32.189222845376655, 2.217002547788599], [32.222866218221, 2.246376264439751], [32.26091346546109, 2.253689515744715], [32.31687322933118, 2.194828724601586], [32.31878130191575, 2.140587716961669], [32.35291345554055, 2.07338655688756], [32.3345657657645, 1.958604171680439], [32.36362136680989, 1.952472831402817], [32.34234715068744, 1.923343377399003], [32.341972538640675, 1.855701308064435], [32.27895828563368, 1.83709494493122], [32.27193558851814, 1.806713800300463], [32.166290864254016, 1.776896632626453], [32.10720979846469, 1.739200542255733], [32.09557515572915, 1.648208775061079], [32.071681976983946, 1.625844793974216], [31.983015825674222, 1.612983758211661], [31.965722006127702, 1.640600868686626], [31.90492961985972, 1.662992369249178], [31.919570014234644, 1.728798681124663], [31.877173195566428, 1.851955394857555], [31.921624967053894, 1.907185368201294], [31.896351503596456, 1.917007750252574], [31.88203766059429, 1.964910277773295], [31.76717849076517, 1.984542969099975], [31.743405446287444, 2.03283710824337], [31.751130338496967, 2.306036285233411], [31.83728966014671, 2.366091687873427]]]}}, {"type": "Feature", "properties": {"OBJECTID": 72, "District": "KISORO", "Shape_Leng": 154139.322111, "Shape_Area": 727843255.364, "Region": "Kigezi"}, "geometry": {"type": "Polygon", "coordinates": [[[29.58912614518832, -1.011608098258924], [29.598277870712604, -1.029565777209976], [29.66009416654165, -1.055882250545126], [29.7520831903761, -1.078687394290799], [29.727757163747796, -1.12457246412517], [29.792878747088576, -1.191336849545198], [29.75178787986376, -1.194833228080776], [29.8188432168599, -1.300763611446934], [29.79488904603625, -1.372266444854637], [29.72775075243882, -1.340205753700869], [29.675173050732113, -1.382166164570863], [29.589582981337774, -1.388350259625519], [29.607375416942265, -1.221760154218593], [29.5721616923517, -1.186205706162386], [29.58525935705607, -1.155533348738278], [29.575640432216208, -1.128660957771943], [29.58912614518832, -1.011608098258924]]]}}, {"type": "Feature", "properties": {"OBJECTID": 73, "District": "KITAGWENDA", "Shape_Leng": 156851.419695, "Shape_Area": 716558841.561, "Region": "Tooro"}, "geometry": {"type": "Polygon", "coordinates": [[[30.289295546240176, 0.206728752610591], [30.362015677444486, 0.151370564972797], [30.414189064366127, 0.139965380004609], [30.416247505156296, 0.160322586768936], [30.447029291595978, 0.161413524531667], [30.47936352557425, 0.126339095166379], [30.45336252979902, 0.095732618805419], [30.45197493311002, 0.061504302691615], [30.384687035691982, -0.002704093794253], [30.41005309395665, -0.049240985609145], [30.421599604030384, -0.129174605519849], [30.46570196111611, -0.152651807467308], [30.428634223938552, -0.181786532439292], [30.39338880552996, -0.174388497146903], [30.378073177473368, -0.144172982117966], [30.356541957885934, -0.152286335558864], [30.27566861904111, -0.112983265693312], [30.238524724417783, -0.125667443183675], [30.212248592215285, -0.103389550760224], [30.270298809288228, 0.112120205934656], [30.265792991249608, 0.181246614305006], [30.289295546240176, 0.206728752610591]]]}}, {"type": "Feature", "properties": {"OBJECTID": 74, "District": "KITGUM", "Shape_Leng": 415519.587051, "Shape_Area": 4148464176.13, "Region": "Acholi"}, "geometry": {"type": "MultiPolygon", "coordinates": [[[[33.13340084074971, 3.070219789468458], [33.13329978588206, 3.070169011786799], [33.13336419826347, 3.070686504431273], [33.13338257215144, 3.070434979484525], [33.13340084074971, 3.070219789468458]]], [[[33.13335810957044, 3.070769856024792], [33.13336107171059, 3.070729308410347], [33.133263479143544, 3.071318408269614], [33.13338100856814, 3.07120039867949], [33.13335810957044, 3.070769856024792]]], [[[33.13315738268205, 3.072037713075715], [33.133146933951735, 3.072021903692917], [33.13314661920043, 3.072023804525708], [33.13315738268205, 3.072037713075715]]], [[[33.1323915421233, 3.072906304889985], [33.132342099018295, 3.072906311051479], [33.131837008014365, 3.073361630620289], [33.13215178557586, 3.073389400439736], [33.1323915421233, 3.072906304889985]]], [[[33.45155611330143, 3.754193673401572], [33.51070325351891, 3.751986257999777], [33.602442544877626, 3.591162446079865], [33.632151212370296, 3.567418744034396], [33.62251819195854, 3.532001913283574], [33.64394381560139, 3.481295087262493], [33.6992710247569, 3.444557853544194], [33.740378707614084, 3.381329892416771], [33.726544269930635, 3.292907788488686], [33.690751458103826, 3.244005337852078], [33.633110098846394, 3.24765717915685], [33.598145140316944, 3.276402604662475], [33.499338595478925, 3.276855971583262], [33.48464041269263, 3.297634124721085], [33.402853413089, 3.303162352219906], [33.39022193820013, 3.279259366383648], [33.30282659614355, 3.233885988880505], [33.33649819060941, 3.181788800648055], [33.21133322808304, 3.170740031036047], [33.14075687106307, 3.181397233772815], [33.137562207119714, 3.091653077936104], [33.13134189153424, 3.074035468500636], [33.1235055528303, 3.070942832694121], [33.08346546952462, 3.078323628735587], [33.06008434107607, 3.138242213978678], [33.02587901051112, 3.123896821606257], [32.984305590126596, 3.200327855796018], [32.91165220018287, 3.246420919607947], [32.92624665219542, 3.209653294190428], [32.87174764656059, 3.181837964200075], [32.864096515256776, 3.157806655050563], [32.79553681793164, 3.169417318660411], [32.77907286734508, 3.210178587016392], [32.75244364851711, 3.203924969876473], [32.729675693583644, 3.175847896266992], [32.69769660400825, 3.187236345136983], [32.719314347232064, 3.245266661570454], [32.71780201728185, 3.29232530896276], [32.69460236160534, 3.315396321609629], [32.73125748761013, 3.355186248459852], [32.733578565332806, 3.399309439923943], [32.76819248455268, 3.37871466954267], [32.88163150120362, 3.393064640888177], [33.044308085504156, 3.522189886517745], [33.10866926356053, 3.496805475623803], [33.18361959881173, 3.521934987217443], [33.27118908469816, 3.51392127505041], [33.27586802357074, 3.560906436127963], [33.30740757273637, 3.575186422308411], [33.293745477530294, 3.642712001286887], [33.32966504196732, 3.723402126323618], [33.328233540594205, 3.764106195323264], [33.45155611330143, 3.754193673401572]]]]}}, {"type": "Feature", "properties": {"OBJECTID": 75, "District": "KOBOKO", "Shape_Leng": 158299.527182, "Shape_Area": 763522245.731, "Region": "West Nile"}, "geometry": {"type": "Polygon", "coordinates": [[[31.077588183761907, 3.742634205235907], [31.100755203500032, 3.734944199306881], [31.08641076199282, 3.543630504251817], [31.102577085909196, 3.437936789257872], [31.050467876506602, 3.324457647885302], [30.987258137515845, 3.339626174552126], [30.983290293487745, 3.323823355795104], [30.962112529376675, 3.325604816297119], [30.917992328452176, 3.369305658605126], [30.938589024645502, 3.401306081127207], [30.937493974558322, 3.506142935584865], [30.863001813063015, 3.487034403109816], [30.908902840255916, 3.593647003673113], [30.949226690961023, 3.633191346407362], [30.975016307392607, 3.695217759102806], [31.000716499679587, 3.708701563570579], [31.030494673298328, 3.696606148846957], [31.077588183761907, 3.742634205235907]]]}}, {"type": "Feature", "properties": {"OBJECTID": 76, "District": "KOLE", "Shape_Leng": 201867.044419, "Shape_Area": 1070648806.2400001, "Region": "Lango"}, "geometry": {"type": "Polygon", "coordinates": [[[32.826811216662165, 2.513696903644386], [32.836013191376296, 2.494824569842415], [32.865791509211085, 2.507245709674392], [32.921074651008794, 2.38672351085449], [32.909499672739294, 2.334288196474827], [32.859603027203406, 2.324506875429449], [32.850288995147274, 2.301061986641412], [32.809642561682395, 2.322839545413754], [32.821078702148434, 2.21894322672477], [32.90819005164301, 2.177415458877043], [32.92414757612572, 2.146298295562421], [32.89897078108871, 2.101391238776956], [32.86004025023676, 2.078272360155303], [32.84865864831228, 2.104671071801904], [32.79916957387976, 2.085675395000667], [32.774688060147774, 2.137286177120511], [32.72403375799118, 2.133612246981857], [32.708787509869545, 2.149904799336754], [32.69638616249551, 2.131600058566143], [32.63101215927117, 2.136733453009976], [32.632923675986234, 2.171399860130405], [32.576773816020776, 2.21859097352029], [32.65427177519529, 2.274281120269997], [32.662518110253956, 2.304097966726754], [32.620929812656804, 2.326713288331349], [32.614653060607345, 2.360793867390644], [32.69351056264751, 2.4150419176694], [32.707324779047696, 2.457830603581689], [32.69336205415622, 2.469934900276754], [32.778019844143536, 2.474761763173046], [32.826811216662165, 2.513696903644386]]]}}, {"type": "Feature", "properties": {"OBJECTID": 77, "District": "KOTIDO", "Shape_Leng": 336344.417193, "Shape_Area": 3628922466.28, "Region": "Karamoja"}, "geometry": {"type": "Polygon", "coordinates": [[[33.75274602082277, 3.354674273637521], [33.85165558412672, 3.301819252584753], [33.88899955098335, 3.320714066515781], [33.90427370894459, 3.310643770771211], [33.902174603951174, 3.24966110219552], [34.082638201454934, 3.2506218013737], [34.1568318085451, 3.216150183923352], [34.18763582173454, 3.192859065687169], [34.19200297963607, 3.167388920214576], [34.256510894813566, 3.127370733753386], [34.34250444047934, 3.084495829065527], [34.397630308620116, 3.091925903018848], [34.34849669654805, 2.991037415425922], [34.281464555081676, 2.910382265700499], [34.26091363163696, 2.727058718325555], [34.148604438944574, 2.759617660150284], [34.10307545930762, 2.755358485484777], [33.9865071363694, 2.668957447910874], [33.96578316073932, 2.616690351178502], [33.880907852653365, 2.670454803024151], [33.90429797081337, 2.790706371194979], [33.86584461984625, 2.943802084097973], [33.80406881170616, 2.983436923453812], [33.75213340792119, 2.965576520383589], [33.72441664358833, 2.984490808204712], [33.721310819621785, 3.021687145652927], [33.66069508381992, 3.061276463414486], [33.70434030257069, 3.134641689204607], [33.61352261500796, 3.130622351191663], [33.55947877108294, 3.148935243744248], [33.550520211922006, 3.281461967416471], [33.68610549568993, 3.241084712420114], [33.726544269930635, 3.292907788488686], [33.739947369118276, 3.361074619192669], [33.75274602082277, 3.354674273637521]]]}}, {"type": "Feature", "properties": {"OBJECTID": 78, "District": "KUMI", "Shape_Leng": 179885.227225, "Shape_Area": 1074057322.2, "Region": "Teso"}, "geometry": {"type": "Polygon", "coordinates": [[[33.95015068088564, 1.635456525547294], [34.011465242684565, 1.64882531548603], [34.22900191623983, 1.640082106202375], [34.22950715491894, 1.579334968032567], [34.11332147464204, 1.570409684195194], [34.105491573290344, 1.537297924639169], [34.008818158909854, 1.45214294488428], [34.025116289283424, 1.416069756079572], [34.008167064325455, 1.319557498954604], [33.918017347566945, 1.256559155547537], [33.85939301736635, 1.270374868589951], [33.80631418242023, 1.319993603818226], [33.75096022480539, 1.316573402124511], [33.72834400274583, 1.344253643555029], [33.75624702810246, 1.363948403629286], [33.805752942938646, 1.361046398040142], [33.78961299313726, 1.398187433087061], [33.89910945219282, 1.597751667184907], [33.89514104985799, 1.654188329690221], [33.95015068088564, 1.635456525547294]]]}}, {"type": "Feature", "properties": {"OBJECTID": 79, "District": "KWANIA", "Shape_Leng": 212599.790788, "Shape_Area": 1406864683.53, "Region": "Lango"}, "geometry": {"type": "Polygon", "coordinates": [[[32.708787509869545, 2.149904799336754], [32.72403375799118, 2.133612246981857], [32.77808424983623, 2.135694372818398], [32.79916957387976, 2.085675395000667], [32.84865864831228, 2.104671071801904], [32.86004025023676, 2.078272360155303], [32.8945261318606, 2.071187458550943], [32.89352068345371, 2.015378618974218], [32.86048431351874, 1.989464846353327], [32.86593143001673, 1.953782839843839], [32.917722039884076, 1.976191707300289], [32.95848641212159, 1.940388898740089], [32.94044731292337, 1.813364798410921], [32.88765497522314, 1.8068301541199], [32.81228586779712, 1.83437267812383], [32.64001222035502, 1.679676918646267], [32.58712267518831, 1.651179910120628], [32.53794130196279, 1.814410098446706], [32.54357071947979, 1.835798607037638], [32.52680366388455, 1.857433162704482], [32.65741607234662, 1.929575616294871], [32.66267598643685, 2.021584397222514], [32.61848045539939, 2.026508225722739], [32.6171877441329, 2.064456196789134], [32.595601698917875, 2.074614438208803], [32.59745466392893, 2.119408976078625], [32.62046761832339, 2.124861147386146], [32.62467874400756, 2.144566648690788], [32.69410539849873, 2.131355331989597], [32.708787509869545, 2.149904799336754]]]}}, {"type": "Feature", "properties": {"OBJECTID": 80, "District": "KWEEN", "Shape_Leng": 208114.181896, "Shape_Area": 789541393.91, "Region": "Bugisu"}, "geometry": {"type": "Polygon", "coordinates": [[[34.49540969010951, 1.601878585415661], [34.617817234397755, 1.576633399143958], [34.65923845454202, 1.523666453111048], [34.69994073521231, 1.524198416335384], [34.72608697214128, 1.469614620054769], [34.70780319381975, 1.393624587266297], [34.66246146192473, 1.352166773642548], [34.60063213191214, 1.338597830657248], [34.568079329160774, 1.293499006447891], [34.55395658319512, 1.148179214485126], [34.575191139619115, 1.099430983833461], [34.53434436024273, 1.1034837069138], [34.52635629883587, 1.11904671220041], [34.54249953727919, 1.243623331545397], [34.51208714981599, 1.323668331087887], [34.481926307688845, 1.351271753174939], [34.480359871521316, 1.454731099059779], [34.449065110604955, 1.472685631682275], [34.44379390463776, 1.508957564999844], [34.392973513982746, 1.561177977281007], [34.42374958281282, 1.553986097085732], [34.49540969010951, 1.601878585415661]]]}}, {"type": "Feature", "properties": {"OBJECTID": 81, "District": "KYANKWANZI", "Shape_Leng": 252751.006617, "Shape_Area": 2463423404.59, "Region": "North Central"}, "geometry": {"type": "Polygon", "coordinates": [[[31.56979405921493, 1.363643641402982], [31.610401371013626, 1.341650722946523], [31.654740422268663, 1.346721027074477], [31.738765851963368, 1.323131477682783], [31.821479302923464, 1.359091727023904], [31.910370155684863, 1.204814715268577], [31.89926319775303, 1.175149556521215], [31.91374755912434, 1.155173357941453], [31.90654669180626, 1.08348366557003], [31.8763340429765, 1.040259482038442], [31.84593041783121, 1.034841518309874], [31.806162212242334, 0.977741437629586], [31.75307675476358, 0.937887002634936], [31.74635093113238, 0.879208658636341], [31.678676945366256, 0.888220960189906], [31.677593456161677, 0.847645100697499], [31.654620397486585, 0.815817407066373], [31.574426599507717, 0.854608587068279], [31.449390425627936, 0.865005215056851], [31.454228289464695, 0.893199307698901], [31.432580356855286, 0.949199569311074], [31.50922218129967, 0.987796369144285], [31.52708284933983, 1.028160836336747], [31.46287044364226, 1.078809862693329], [31.417487990081238, 1.157551908297368], [31.378073049777903, 1.157918313942838], [31.292442682802584, 1.20815724278149], [31.32143822986289, 1.238162986338016], [31.3689610676768, 1.238891382395247], [31.39294148599827, 1.267639623447587], [31.449327209779018, 1.274199490100925], [31.45923076348055, 1.302630240807129], [31.529080412967957, 1.360445977950996], [31.56979405921493, 1.363643641402982]]]}}, {"type": "Feature", "properties": {"OBJECTID": 82, "District": "KYEGEGWA", "Shape_Leng": 231106.598782, "Shape_Area": 1747011019.05, "Region": "Tooro"}, "geometry": {"type": "Polygon", "coordinates": [[[30.914510505742985, 0.758629063926495], [30.938573776908832, 0.711392974489192], [31.095724045252283, 0.636294987348993], [31.149117625051673, 0.660868760331302], [31.208819703931262, 0.638482603599567], [31.255431770240794, 0.603746092964826], [31.24835672382514, 0.527474374724073], [31.201703158615754, 0.507159683930229], [31.142313180488866, 0.508146425791949], [31.141467641902768, 0.45264297137616], [31.113829044733425, 0.411881585950609], [31.13880882983792, 0.3361074296527], [31.023199255330027, 0.228000742366454], [31.01932517871898, 0.1974385506183], [30.768539982169973, 0.202794216210401], [30.85974196089198, 0.370851772378517], [30.85127528806724, 0.41772747330168], [30.879325348476552, 0.528842719148609], [30.87309140242582, 0.560821277573786], [30.83910955513526, 0.595438277789685], [30.92260285114048, 0.645674157610761], [30.90227603060132, 0.750038329413381], [30.914510505742985, 0.758629063926495]]]}}, {"type": "Feature", "properties": {"OBJECTID": 83, "District": "KYENJOJO", "Shape_Leng": 267596.369743, "Shape_Area": 2347973126.77, "Region": "Tooro"}, "geometry": {"type": "Polygon", "coordinates": [[[30.560809898705735, 0.940694628460251], [30.57305328821182, 0.919454378991487], [30.630779662977893, 0.892167220998077], [30.72696578522508, 0.878420664450582], [30.78824696733046, 0.833856684389645], [30.82894829640955, 0.839286148687536], [30.851622906544222, 0.804136219514786], [30.89797209946309, 0.774009886016733], [30.90845531978161, 0.762293445623956], [30.92260285114048, 0.645674157610761], [30.83910955513526, 0.595438277789685], [30.87309140242582, 0.560821277573786], [30.879325348476552, 0.528842719148609], [30.852818406980507, 0.3970596371183], [30.737005125224638, 0.472921321501301], [30.69114215356151, 0.460968533829964], [30.635798763124537, 0.377410942631767], [30.6077655452691, 0.364133310367361], [30.594184261545756, 0.372698918136374], [30.55862484885851, 0.344703992781819], [30.565334599742506, 0.368842904034319], [30.52500583315954, 0.426108121990097], [30.547686564336217, 0.454784553880533], [30.496447467915896, 0.501625191583067], [30.507220615454045, 0.541769911690413], [30.44594942447151, 0.584161581035638], [30.44470232759995, 0.604602447968146], [30.413825052379124, 0.610781524300942], [30.397311221736736, 0.639316074623536], [30.435178531110182, 0.715095349093068], [30.424603663001964, 0.765808117715027], [30.448771257644903, 0.7687128219718], [30.47722624086143, 0.806332497773166], [30.505346456783723, 0.900439403510683], [30.560809898705735, 0.940694628460251]]]}}, {"type": "Feature", "properties": {"OBJECTID": 84, "District": "KYOTERA", "Shape_Leng": 279819.877095, "Shape_Area": 2448016913.4, "Region": "South Central"}, "geometry": {"type": "Polygon", "coordinates": [[[31.620377042836736, -0.443995272628713], [31.657257002511, -0.443902576106365], [31.66254433605223, -0.507452701366675], [31.708161148376558, -0.533167946405096], [31.68347015958722, -0.548258703029063], [31.67597810093173, -0.610865872478842], [31.74402969380603, -0.727890251793228], [31.89217590012474, -0.796377443390488], [32.00050699421847, -0.818685384628343], [31.9998989773732, -0.999912568121012], [31.294190238449616, -0.999326454857355], [31.2870020513423, -0.981412493909985], [31.305809925562066, -0.957353936518193], [31.389896390235997, -0.948019311197104], [31.448173402095993, -0.819585306946885], [31.487149405999357, -0.808910073262821], [31.478863783314402, -0.7358847563129], [31.506064037641536, -0.734944334144485], [31.519698457760644, -0.702796430413539], [31.489471408527155, -0.665814172826582], [31.475970302343395, -0.614520835785655], [31.439953578853785, -0.598086587995391], [31.438705278525997, -0.561376819248808], [31.563916984446248, -0.482324059346819], [31.594511918232396, -0.431581202868906], [31.620377042836736, -0.443995272628713]]]}}, {"type": "Feature", "properties": {"OBJECTID": 85, "District": "LAMWO", "Shape_Leng": 376219.864431, "Shape_Area": 5440294507.05, "Region": "Acholi"}, "geometry": {"type": "Polygon", "coordinates": [[[33.16746858631685, 3.785222367322373], [33.32942738736016, 3.762975847172161], [33.32966504196732, 3.723402126323618], [33.293745477530294, 3.642712001286887], [33.30740757273637, 3.575186422308411], [33.27586802357074, 3.560906436127963], [33.27118908469816, 3.51392127505041], [33.18361959881173, 3.521934987217443], [33.10866926356053, 3.496805475623803], [33.044308085504156, 3.522189886517745], [32.88163150120362, 3.393064640888177], [32.76819248455268, 3.37871466954267], [32.73438892891007, 3.399906990767334], [32.73125748761013, 3.355186248459852], [32.69460236160534, 3.315396321609629], [32.71780201728185, 3.29232530896276], [32.719314347232064, 3.245266661570454], [32.708844799007686, 3.189749182754199], [32.68555309174902, 3.169325565556517], [32.6020250164425, 3.151244824181578], [32.50279271741249, 3.164635454077317], [32.46758301486323, 3.222704536843316], [32.39637567557678, 3.259644905742756], [32.345810039326246, 3.32219024556864], [32.31494512634811, 3.321709661705712], [32.295041525986626, 3.339656613080256], [32.26989018996816, 3.418317690301365], [32.23143704463569, 3.434676226651441], [32.21805765941803, 3.479988851613801], [32.200738709820044, 3.48873636985795], [32.21867184984504, 3.561523528091111], [32.197901203751435, 3.597779028410424], [32.416016279660205, 3.742908538043326], [32.72097231684595, 3.765098196774821], [32.90190393804658, 3.81289228206891], [33.02849988957434, 3.890907270516438], [33.16746858631685, 3.785222367322373]]]}}, {"type": "Feature", "properties": {"OBJECTID": 86, "District": "LIRA", "Shape_Leng": 273096.738787, "Shape_Area": 1022233822.97, "Region": "Lango"}, "geometry": {"type": "MultiPolygon", "coordinates": [[[[33.05964944142557, 2.325716276130811], [33.06101918331081, 2.30368907425459], [33.0983669944674, 2.301651401899377], [33.116284094054166, 2.266031199491119], [33.10366305635641, 2.236725880379645], [33.151698416864406, 2.190385038345744], [33.1032996845503, 2.165693244016122], [33.13526507480416, 2.131090434], [33.13485832209187, 2.084253021346545], [33.08522353146031, 2.064949710715134], [33.04341860392145, 2.01088505927206], [32.977054359823526, 2.06722270379521], [32.93793904475634, 2.059775768440548], [32.926370307149355, 2.078388217135398], [32.894232605483836, 2.071269990315065], [32.87300630308899, 2.084579378803067], [32.92474948335983, 2.132514131029818], [32.92122329533903, 2.154300532987711], [32.99036466973022, 2.230217158564032], [32.97625087857244, 2.255547731359985], [33.00247382495444, 2.308268236882935], [33.05964944142557, 2.325716276130811]]], [[[32.85442926405589, 2.649253232742439], [32.85086549987412, 2.624519812083367], [32.891512818636826, 2.618860667694454], [32.88531862224554, 2.601524586306711], [32.91471485028917, 2.594469327366687], [32.93804892764908, 2.611473111623757], [32.931903333202044, 2.591644862702255], [32.953679599111354, 2.605057780251331], [32.95950765219055, 2.592386365536521], [32.93819821001168, 2.569102797106565], [32.9539172391012, 2.550325664581922], [32.99829188642606, 2.553598995290345], [32.98774421285531, 2.530220305266549], [33.006127664780784, 2.532123927120328], [33.012879801464706, 2.507578268923094], [33.00144387969471, 2.499191581094854], [33.02597974506064, 2.444383390146069], [32.98206179594687, 2.395094342190207], [32.98017794140512, 2.359004989043179], [32.99732119029134, 2.33169762883447], [32.91845738791008, 2.357860939507899], [32.921074651008794, 2.38672351085449], [32.865791509211085, 2.507245709674392], [32.83582393490088, 2.494856269952297], [32.82539722940338, 2.51945457061342], [32.79852067406954, 2.502569043204931], [32.78631567526444, 2.58735710488335], [32.81988313967651, 2.64861255259388], [32.85442926405589, 2.649253232742439]]]]}}, {"type": "Feature", "properties": {"OBJECTID": 87, "District": "LIRA CITY", "Shape_Leng": 86913.2262011, "Shape_Area": 298993979.253, "Region": "Lango"}, "geometry": {"type": "Polygon", "coordinates": [[[32.920698824590986, 2.357546256055652], [32.969757896019466, 2.349034770828564], [33.00896960955021, 2.309874128361113], [32.97625087857244, 2.255547731359985], [32.99036466973022, 2.230217158564032], [32.92122329533903, 2.154300532987711], [32.865208059101086, 2.20526856214458], [32.821078702148434, 2.21894322672477], [32.80939464096371, 2.318804474509378], [32.850288995147274, 2.301061986641412], [32.859603027203406, 2.324506875429449], [32.909499672739294, 2.334288196474827], [32.920698824590986, 2.357546256055652]]]}}, {"type": "Feature", "properties": {"OBJECTID": 88, "District": "LUUKA", "Shape_Leng": 163350.241817, "Shape_Area": 649171822.579, "Region": "Busoga"}, "geometry": {"type": "Polygon", "coordinates": [[[33.37249640713197, 1.030951089353131], [33.38612003455354, 1.026362560726657], [33.38347664503918, 0.999565296560909], [33.41773271834048, 0.997263118533401], [33.40355063177877, 0.923169108387842], [33.362040394722705, 0.862593883700758], [33.391625290207784, 0.763235398290397], [33.43217980814864, 0.721698287079743], [33.414184666110266, 0.643614523960958], [33.42385505730252, 0.564915492072498], [33.40809982632214, 0.559423892848299], [33.39567321378645, 0.568707873617646], [33.402005478249166, 0.595902715801746], [33.37562061528886, 0.603151868352023], [33.37349835860794, 0.620825865461797], [33.31350148179206, 0.658378040004397], [33.297950819439706, 0.643575427854353], [33.252610242882234, 0.664124241039996], [33.221948584201215, 0.693183222263877], [33.22029422734798, 0.730342780409321], [33.304942502444376, 0.849335730817855], [33.283249614695244, 0.863412256812047], [33.3036647168607, 0.933149155990196], [33.29879458358027, 0.99906753153273], [33.31695099090721, 1.022697074700468], [33.30693291708108, 1.054462767107743], [33.33503182188497, 1.077303950002855], [33.37249640713197, 1.030951089353131]]]}}, {"type": "Feature", "properties": {"OBJECTID": 89, "District": "LUWERO", "Shape_Leng": 283853.487134, "Shape_Area": 2215955494.51, "Region": "North Central"}, "geometry": {"type": "Polygon", "coordinates": [[[32.67290948555906, 1.083022636420598], [32.714149480323016, 1.068976522776074], [32.7880111989834, 1.075134704113785], [32.776950356322274, 0.997616993334771], [32.79481894939406, 0.856399255837974], [32.761063386443915, 0.818389751660862], [32.761833470962046, 0.723456892663991], [32.73176557625408, 0.602964016467854], [32.6816658300175, 0.557272905045393], [32.60953432332431, 0.563773403966309], [32.58029841555964, 0.584244935366743], [32.53695626907528, 0.547655230105523], [32.52467527520204, 0.570072802891425], [32.48476514245625, 0.559538649152199], [32.39394980731441, 0.573299716101482], [32.332967424803805, 0.551987343151574], [32.31972908454562, 0.571915621375129], [32.3442755620857, 0.629745325316237], [32.412510541587544, 0.666700946117064], [32.46129354540507, 0.662970199430503], [32.47052589987275, 0.689659718914934], [32.50048444267289, 0.698954256435708], [32.392721874443346, 0.927102380884649], [32.36039863347189, 0.960669180328138], [32.34547450900306, 1.033754907064915], [32.36410788603309, 1.130749096810776], [32.373808353308014, 1.136396414699646], [32.500289375720385, 0.976425430097482], [32.540497666786294, 0.959060906245747], [32.5825949962741, 0.975179216888588], [32.581523078358344, 0.989636328890375], [32.563998036315084, 0.979609900271676], [32.55586364244333, 1.028291030941952], [32.57665901280473, 1.045040026802741], [32.574594713571464, 1.084892113830475], [32.61823158044877, 1.140338750172765], [32.65025730312689, 1.125152685036044], [32.67290948555906, 1.083022636420598]]]}}, {"type": "Feature", "properties": {"OBJECTID": 90, "District": "LWENGO", "Shape_Leng": 172486.645066, "Shape_Area": 987963629.537, "Region": "South Central"}, "geometry": {"type": "Polygon", "coordinates": [[[31.670897118136157, -0.297422317862265], [31.65735073442165, -0.380055055347995], [31.63908715134245, -0.38811108938398], [31.584768929126792, -0.3676885994118], [31.59621113148914, -0.431310177706496], [31.569550110636417, -0.476898540752781], [31.442627154154497, -0.556557427907578], [31.439716306915468, -0.598213135813565], [31.389000919690524, -0.575055529313446], [31.360792580987194, -0.527107292937566], [31.314090986895682, -0.493453373299241], [31.268037795068413, -0.484570174490092], [31.244062870842107, -0.457959291062339], [31.219237117661443, -0.456596722433041], [31.193929142189713, -0.416205185369743], [31.16767144172772, -0.412609172948806], [31.231802583483606, -0.318766339041401], [31.262063881844597, -0.323618609853053], [31.28805723651393, -0.3016930626545], [31.384039915268175, -0.345967688258268], [31.424102757024784, -0.316626969430148], [31.52553782893059, -0.31266235668228], [31.525164135875222, -0.340048533727463], [31.536729667970064, -0.339453365847395], [31.547224458180928, -0.319493922724973], [31.589590377384066, -0.325586816377388], [31.597248534572874, -0.295704470269176], [31.670897118136157, -0.297422317862265]]]}}, {"type": "Feature", "properties": {"OBJECTID": 91, "District": "LYANTONDE", "Shape_Leng": 147504.833108, "Shape_Area": 866145218.271, "Region": "South Central"}, "geometry": {"type": "Polygon", "coordinates": [[[31.163550096738707, -0.030564551060057], [31.206512353255064, -0.049491978793998], [31.206740219341746, -0.06956718897296], [31.324263681460636, -0.109986564254921], [31.33283646115521, -0.167729737302019], [31.28645605161706, -0.305174483438179], [31.261208505611627, -0.32385358900028], [31.231802583483606, -0.318766339041401], [31.178955030190266, -0.380283969630817], [31.170165219165742, -0.417339085136216], [31.193929142189713, -0.416205185369743], [31.219237117661443, -0.456596722433041], [31.17568659892872, -0.493679040702533], [31.154665232431125, -0.490047148623879], [31.1529449227385, -0.440845838513], [31.12417992429489, -0.403628920618376], [31.06843302510356, -0.242113686068844], [31.102597219643407, -0.090677161089464], [31.091447773414913, -0.043891742907696], [31.163550096738707, -0.030564551060057]]]}}, {"type": "Feature", "properties": {"OBJECTID": 92, "District": "MADI-OKOLLO", "Shape_Leng": 264373.961732, "Shape_Area": 2019306983.02, "Region": "West Nile"}, "geometry": {"type": "Polygon", "coordinates": [[[31.375305211285447, 3.191923012548443], [31.396300327242958, 3.177419682952327], [31.478406103752356, 3.189050698470387], [31.539060922914942, 3.150743826207474], [31.477544568703607, 3.066960338212387], [31.478506754509556, 3.03551599336354], [31.454666682985216, 3.033781746251521], [31.40175531034252, 2.982517650410593], [31.417673957226825, 2.952291279959929], [31.398148756275152, 2.945780686232851], [31.36103450687687, 2.837202426914009], [31.386941767950955, 2.775592967684579], [31.329744022137078, 2.757657462159033], [31.32980855001662, 2.735209616022515], [31.285444638973747, 2.701905835492249], [31.292638300464557, 2.675391821628641], [31.237419420878464, 2.637784412038457], [31.208793361167764, 2.585096163115787], [31.15162329887341, 2.552455665756163], [31.125638500038736, 2.540735388607859], [31.06620067287082, 2.549711517755878], [30.991012691821975, 2.591160207415471], [30.976678345008214, 2.688079929598282], [31.01423401878738, 2.751051392862288], [31.005963156355993, 2.799489066075493], [31.01895580114867, 2.822220637587393], [31.042827045008053, 2.838486811877475], [31.096437849026337, 2.838087530859358], [31.110155969187495, 2.911778634585754], [31.127733593501357, 2.909604176457574], [31.18224697763426, 2.99444437459417], [31.204143919678472, 2.996280631699669], [31.164766872043526, 3.007810545268459], [31.183960242127483, 3.067812003718912], [31.24647259646904, 3.073385786349272], [31.249909351183685, 3.099007514353483], [31.295954031975985, 3.073916518914296], [31.345409940642075, 3.102184623079046], [31.34969624903545, 3.160440864170791], [31.3623630138545, 3.159082467012347], [31.375305211285447, 3.191923012548443]]]}}, {"type": "Feature", "properties": {"OBJECTID": 93, "District": "MANAFWA", "Shape_Leng": 92802.5466557, "Shape_Area": 237594832.522, "Region": "Bugisu"}, "geometry": {"type": "Polygon", "coordinates": [[[34.3345797064853, 1.007305627470813], [34.355664211037364, 0.998654045886326], [34.34962145413564, 0.961148687658497], [34.30751327618706, 0.961085855220511], [34.30246230536354, 0.92452583810063], [34.32429360882377, 0.889875106246631], [34.32452063027547, 0.840236596462805], [34.30412456041962, 0.820585638460578], [34.28570572533733, 0.757569165127209], [34.27272219269798, 0.759454182406874], [34.17988728870893, 0.824320781631978], [34.21302315614111, 0.856545659108537], [34.23470792473507, 0.939818164767474], [34.30221661903763, 0.970283885214765], [34.3345797064853, 1.007305627470813]]]}}, {"type": "Feature", "properties": {"OBJECTID": 94, "District": "MARACHA", "Shape_Leng": 118142.098827, "Shape_Area": 439338593.301, "Region": "West Nile"}, "geometry": {"type": "Polygon", "coordinates": [[[30.928001111248932, 3.357895177093177], [30.962112529376675, 3.325604816297119], [30.983290293487745, 3.323823355795104], [30.987258137515845, 3.339626174552126], [31.0422964186991, 3.33232722628549], [31.072892522475662, 3.275114938147714], [31.026710626190898, 3.270354405973926], [30.996334904768798, 3.21520372255112], [31.00329579628854, 3.194749755020894], [30.960698423899768, 3.169419293731388], [30.938335152558395, 3.123904883105479], [30.87250043919738, 3.135271493032433], [30.820958059988715, 3.118559031371776], [30.80293689572254, 3.133223402452482], [30.838975330055778, 3.260572758477863], [30.871399513004047, 3.277765585535005], [30.90358676042075, 3.357430984570937], [30.917923589263978, 3.369332749870031], [30.928001111248932, 3.357895177093177]]]}}, {"type": "Feature", "properties": {"OBJECTID": 95, "District": "MASAKA", "Shape_Leng": 226833.099174, "Shape_Area": 1893180099.92, "Region": "South Central"}, "geometry": {"type": "Polygon", "coordinates": [[[32.00410806145009, -0.222955415448732], [32.0532387576393, -0.275154646234118], [32.061377770706, -0.306445821685914], [32.05200529163159, -0.338486272896879], [32.000663055718704, -0.385366330111234], [32.00050699421847, -0.818685384628343], [31.89217590012474, -0.796377443390488], [31.746768920260575, -0.730550278022376], [31.67597810093173, -0.610865872478842], [31.68347015958722, -0.548258703029063], [31.708161148376558, -0.533167946405096], [31.657912035299187, -0.498542583406315], [31.71291033202025, -0.389551762747703], [31.76154374704291, -0.407474851373824], [31.759247221667756, -0.375293305474588], [31.81002146184056, -0.3610455974201], [31.808568663525477, -0.344432984467693], [31.87483442258443, -0.361696442708808], [31.849055750758456, -0.262514751211936], [31.876083038569444, -0.253936443981561], [31.88750400463521, -0.222024452621608], [31.92021147385574, -0.214546047819553], [31.962908129587017, -0.168596033965335], [32.00042341690979, -0.153735466937786], [32.00410806145009, -0.222955415448732]]]}}, {"type": "Feature", "properties": {"OBJECTID": 96, "District": "MASAKA CITY", "Shape_Leng": 118779.103989, "Shape_Area": 364644241.489, "Region": "South Central"}, "geometry": {"type": "Polygon", "coordinates": [[[31.792593407025205, -0.234080463503064], [31.81298130415314, -0.232990746088821], [31.849055750758456, -0.262514751211936], [31.87483442258443, -0.361696442708808], [31.808568663525477, -0.344432984467693], [31.81002146184056, -0.3610455974201], [31.759247221667756, -0.375293305474588], [31.76154374704291, -0.407474851373824], [31.714169981135463, -0.388855479905917], [31.698593927124968, -0.439007575356127], [31.668552282741707, -0.459597490587204], [31.654893004166073, -0.44200273341409], [31.59621113148914, -0.431310177706496], [31.584768929126792, -0.3676885994118], [31.651456526307168, -0.38434138576143], [31.670897118136157, -0.297422317862265], [31.712281830447093, -0.304366637847709], [31.722372686861256, -0.246887071843146], [31.792593407025205, -0.234080463503064]]]}}, {"type": "Feature", "properties": {"OBJECTID": 97, "District": "MASINDI", "Shape_Leng": 419204.722969, "Shape_Area": 3921668116.8300004, "Region": "Bunyoro"}, "geometry": {"type": "Polygon", "coordinates": [[[31.75038195749763, 2.296494603055831], [31.743318950410856, 2.033212889150611], [31.755630731205393, 1.998065194813915], [31.76717849076517, 1.984542969099975], [31.88203766059429, 1.964910277773295], [31.896351503596456, 1.917007750252574], [31.921624967053894, 1.907185368201294], [31.877173195566428, 1.851955394857555], [31.919570014234644, 1.728798681124663], [31.90384715702356, 1.664773751168098], [31.966459630532665, 1.640121825038482], [31.983015825674222, 1.612983758211661], [32.08436024174392, 1.633711714749614], [32.09132712666958, 1.616970487198113], [32.08977527738044, 1.591152093156957], [32.056954864357564, 1.571814846655219], [32.04666875769669, 1.543061837181123], [32.00131108246029, 1.543113225021981], [31.989458791831723, 1.529819181856868], [31.987518703682223, 1.506841730796385], [31.971806842967528, 1.503957735976789], [31.97515255984024, 1.466102461740122], [31.912193411027943, 1.448053551664471], [31.83693627743731, 1.362563685164816], [31.738765851963368, 1.323131477682783], [31.583002542760354, 1.357096717259796], [31.573785858869602, 1.405997645785215], [31.587917187193526, 1.439296011486576], [31.55342156780969, 1.449296111408216], [31.526096612979888, 1.493923520002897], [31.482709915300088, 1.5199576688499], [31.4866338259456, 1.593739412644941], [31.45778594036833, 1.613468265354762], [31.387206664816365, 1.600743821681934], [31.367689709503214, 1.61452120771112], [31.389681344504545, 1.696251764680403], [31.407568109652427, 1.692865085751669], [31.405350136466904, 1.67455821398498], [31.49797128097118, 1.693866573176668], [31.511695930656543, 1.733365353523862], [31.588559820691763, 1.759557779792914], [31.583693739895892, 1.860596677588368], [31.566142296680276, 1.86148495002073], [31.538751763740706, 1.901981303638095], [31.623046523104218, 1.962970136324329], [31.565292747253192, 1.97892982147533], [31.53913363232657, 2.010561873273042], [31.53762450449953, 2.273409244352948], [31.573842784028123, 2.285665499052262], [31.644514950386096, 2.25826598343842], [31.69915656108851, 2.28887045861771], [31.75038195749763, 2.296494603055831]]]}}, {"type": "Feature", "properties": {"OBJECTID": 98, "District": "MAYUGE", "Shape_Leng": 466677.888671, "Shape_Area": 3380340181.1599994, "Region": "Busoga"}, "geometry": {"type": "Polygon", "coordinates": [[[33.36454748642493, 0.606710883245326], [33.40194102573291, 0.59598766216263], [33.39567321378645, 0.568707873617646], [33.42430003933812, 0.564756940536102], [33.42750156405771, 0.551627009712173], [33.48054895159721, 0.554425100811435], [33.49047100699266, 0.536365859896273], [33.52843732236828, 0.552915089313886], [33.55794982242116, 0.526884384891384], [33.543292063465394, 0.488969983305747], [33.577234727816524, 0.461790273106964], [33.571866895637335, 0.447451385642802], [33.61789344000807, 0.442372340356498], [33.61365376527962, 0.463519936557484], [33.625011253734485, 0.461134811575743], [33.66662966206059, 0.406434449496965], [33.70902188923582, 0.402341704137875], [33.70128093197862, 0.312908877736095], [33.65856622982942, 0.257652309417489], [33.65905315855613, 0.007627311136029], [33.69351337468952, 0.005320337574073], [33.704467475363785, -0.021322103244794], [33.68976199079879, -0.059010666185749], [33.65915074304296, -0.067931109171459], [33.65793786623875, -0.999119706452017], [33.5201278738701, -0.999195844778021], [33.52216583256927, -0.026934334780271], [33.55606861434515, 0.085972084428363], [33.53380520751698, 0.126066133331378], [33.538240851782525, 0.151951684830151], [33.52731221032946, 0.139952165846551], [33.47634777944409, 0.159888908261041], [33.42622443272502, 0.210017076545508], [33.42204949176068, 0.250461021104499], [33.38704457436615, 0.309426859386505], [33.29264587078609, 0.344422124103997], [33.283432467156224, 0.473302845712675], [33.30766844872009, 0.471458729203806], [33.33266173919388, 0.498628201963623], [33.325359306106044, 0.517440484298747], [33.3668884842518, 0.541697803497552], [33.35324062443362, 0.558628954446863], [33.37130248701878, 0.583364925339127], [33.35309458275047, 0.583466929688026], [33.36454748642493, 0.606710883245326]]]}}, {"type": "Feature", "properties": {"OBJECTID": 99, "District": "MBALE", "Shape_Leng": 126238.905696, "Shape_Area": 357478956.234, "Region": "Bugisu"}, "geometry": {"type": "Polygon", "coordinates": [[[34.24604842683698, 1.123435133599604], [34.2809093131054, 1.101819030251177], [34.32313446751215, 1.102285085369844], [34.33864283851056, 1.079206996089581], [34.315453153406516, 1.070948782498205], [34.27374007262421, 1.005498285096892], [34.285401109654906, 0.958947896735972], [34.26798379356307, 0.963404645516075], [34.23470792473507, 0.939818164767474], [34.21302315614111, 0.856545659108537], [34.183358057556106, 0.82913106942513], [34.178400250165105, 0.85841087846934], [34.10840654688579, 0.901552540604456], [34.13331551260965, 1.014644973950889], [34.08118259723284, 1.04041245958805], [34.10897114734577, 1.056994348477196], [34.16957058215463, 1.032692022910471], [34.22056082201765, 1.038226464604946], [34.25438598882009, 1.081828793212726], [34.24604842683698, 1.123435133599604]]]}}, {"type": "Feature", "properties": {"OBJECTID": 100, "District": "MBALE CITY", "Shape_Leng": 63619.7896573, "Shape_Area": 160334764.025, "Region": "Bugisu"}, "geometry": {"type": "Polygon", "coordinates": [[[34.13021456695828, 1.169556576812706], [34.193046574529774, 1.150375111424802], [34.22511160923457, 1.160163623445103], [34.22742515472051, 1.12200076910893], [34.25438598882009, 1.081828793212726], [34.22056082201765, 1.038226464604946], [34.16957058215463, 1.032692022910471], [34.10897114734577, 1.056994348477196], [34.1392307735046, 1.093760454155013], [34.12029819370449, 1.174593414620653], [34.13021456695828, 1.169556576812706]]]}}, {"type": "Feature", "properties": {"OBJECTID": 101, "District": "MBARARA", "Shape_Leng": 172426.272716, "Shape_Area": 773764678.53, "Region": "Ankole"}, "geometry": {"type": "Polygon", "coordinates": [[[30.613851421215642, -0.220052923873828], [30.624994535701543, -0.234456694788337], [30.612554362803557, -0.296052031518639], [30.675782371649483, -0.347719150658068], [30.680051146298535, -0.384599763631555], [30.696482448433873, -0.38983028920915], [30.683699008536884, -0.423276585689517], [30.705251568703847, -0.440600327757903], [30.73134461871927, -0.435612639953864], [30.776686491004604, -0.480288992388751], [30.65938181433364, -0.506538871658997], [30.66478193103239, -0.517628088693491], [30.61928955116699, -0.4962908396186], [30.610853029204836, -0.519709830385096], [30.571105384560184, -0.52560707157577], [30.561735699032617, -0.542419286557898], [30.581248335381538, -0.558487554404552], [30.57982916645504, -0.580692772007133], [30.54889605979872, -0.614493311992486], [30.497714549507553, -0.602072193662543], [30.439215425128072, -0.631314238226121], [30.478250246483178, -0.464102719662062], [30.456451895982973, -0.425482997504639], [30.50182283378577, -0.388014405328959], [30.506317052988226, -0.261148274545429], [30.573830870959448, -0.234667605764749], [30.590628610348627, -0.241865606341893], [30.608275332223144, -0.208464676425395], [30.613851421215642, -0.220052923873828]]]}}, {"type": "Feature", "properties": {"OBJECTID": 102, "District": "MBARARA CITY", "Shape_Leng": 135206.978968, "Shape_Area": 469012543.78, "Region": "Ankole"}, "geometry": {"type": "Polygon", "coordinates": [[[30.78767444071676, -0.490570717859521], [30.781753355792365, -0.511007312001597], [30.820905316059893, -0.511301001510707], [30.77779964260239, -0.568422086845392], [30.78631899933621, -0.60393660541556], [30.740492210473786, -0.606893496040928], [30.71879531892325, -0.627063219992198], [30.70314437414427, -0.61137188235316], [30.659816460161455, -0.641424379634995], [30.639889323627948, -0.631799398991526], [30.645317570533205, -0.754611851661022], [30.64063419395866, -0.766298904073418], [30.611892460419377, -0.75467510334606], [30.525809467302008, -0.662612612500166], [30.542029512020047, -0.640728364422162], [30.535648986266622, -0.615758457939917], [30.57982916645504, -0.580692772007133], [30.581248335381538, -0.558487554404552], [30.561735699032617, -0.542419286557898], [30.571105384560184, -0.52560707157577], [30.610853029204836, -0.519709830385096], [30.61928955116699, -0.4962908396186], [30.66478193103239, -0.517628088693491], [30.65938181433364, -0.506538871658997], [30.704623796921194, -0.494655663028288], [30.776686491004604, -0.480288992388751], [30.78767444071676, -0.490570717859521]]]}}, {"type": "Feature", "properties": {"OBJECTID": 103, "District": "MITOOMA", "Shape_Leng": 145808.596438, "Shape_Area": 545069625.493, "Region": "Ankole"}, "geometry": {"type": "Polygon", "coordinates": [[[29.98601437516636, -0.439772251281174], [30.04063494811362, -0.471853376617945], [30.029839705647724, -0.502609116737958], [30.04174005799135, -0.533188209743497], [30.027705264767263, -0.545154865202902], [30.098318367103577, -0.600970089115415], [30.12026018364283, -0.589039888974988], [30.13015916999525, -0.610640843843912], [30.136914387411952, -0.65337554143063], [30.113749428037707, -0.649793110355512], [30.119591004235023, -0.691661864538669], [30.168491725752784, -0.733270806202219], [30.139387060175064, -0.7328610280104], [30.122042195961598, -0.761889636104516], [30.07800873080802, -0.753662575880333], [30.06425904625595, -0.780461257538862], [30.051617463063884, -0.778087195856259], [30.022065496593864, -0.741541819784716], [30.003833573415015, -0.744404306659959], [29.957951548057753, -0.657828347545184], [29.92076498760927, -0.646778133027797], [29.884210900893414, -0.611302837043247], [29.925244377370337, -0.564253263886528], [29.918787410740105, -0.545848399915647], [29.938184872489064, -0.538907105307348], [29.924627720762224, -0.517637382746228], [29.934152924676994, -0.493514661215797], [29.957708099770223, -0.50234683722179], [29.975832351295853, -0.485918130486231], [29.98601437516636, -0.439772251281174]]]}}, {"type": "Feature", "properties": {"OBJECTID": 104, "District": "MITYANA", "Shape_Leng": 230024.286049, "Shape_Area": 1582539499.4, "Region": "North Central"}, "geometry": {"type": "Polygon", "coordinates": [[[32.15053166701566, 0.687287810611104], [32.171691716831916, 0.682180508476025], [32.18802970746573, 0.639221834942231], [32.234449869648316, 0.590242560654915], [32.19847995600056, 0.531803579947606], [32.192230042634584, 0.480029159429822], [32.215166963821694, 0.43552369428066], [32.25442497187351, 0.405816036753789], [32.26814866906552, 0.317156599476151], [32.22132956425461, 0.281811706374168], [32.19832491600282, 0.303623713157405], [32.18508528074368, 0.253317798411968], [32.15350000590229, 0.250240061846554], [32.128783485966174, 0.282443014572102], [32.089504217216415, 0.297451005857677], [32.076643980293376, 0.273275875354027], [32.031765701404744, 0.265619854409179], [32.028164382698165, 0.244102566372066], [31.999587312804138, 0.246535346955857], [31.983085270939423, 0.226608048420464], [31.931349034140414, 0.231599357765128], [31.912664508441, 0.212140587976365], [31.86730439638646, 0.230400275759119], [31.84382101337411, 0.248227025706101], [31.844591001043, 0.277561643957322], [31.82138904687989, 0.273154195131668], [31.80472524617618, 0.287778887403588], [31.848218349692583, 0.340401161359375], [31.924700675775707, 0.335199775933147], [31.958305597732377, 0.428090046874263], [31.918360031580665, 0.517054234274403], [31.91483273504673, 0.568838863774854], [31.8803452105561, 0.591996672374245], [31.903799840321653, 0.621230867718455], [31.988733361697896, 0.659414332135305], [32.0136442024411, 0.604164872426908], [32.033181833475744, 0.651949645230156], [32.13763543030365, 0.694296516362954], [32.15053166701566, 0.687287810611104]]]}}, {"type": "Feature", "properties": {"OBJECTID": 105, "District": "MOROTO", "Shape_Leng": 338054.167415, "Shape_Area": 3542425582.0999994, "Region": "Karamoja"}, "geometry": {"type": "Polygon", "coordinates": [[[34.57304547426528, 3.088679916933756], [34.59978448665124, 2.921962756390203], [34.640036427738764, 2.904015676311948], [34.653640481096105, 2.864846400218211], [34.693129270866365, 2.860157113877225], [34.70249136055873, 2.874965760970323], [34.73709315752307, 2.852267102558512], [34.77612466827495, 2.785077319676522], [34.77615599130687, 2.695158264517369], [34.79993536126061, 2.653115834456151], [34.86899271823726, 2.567865048141845], [34.8946102422752, 2.590136469292016], [34.91374225752763, 2.513861690005033], [34.93380558829334, 2.513221867534761], [34.955157684531414, 2.469689883508408], [34.91738951301651, 2.421966531695042], [34.93486367862961, 2.282673916256365], [34.89036437543767, 2.273594692188342], [34.86856892121264, 2.249079368649645], [34.804829586952394, 2.122566190555701], [34.774375951216236, 2.180459694696092], [34.711662651239024, 2.221504651974454], [34.653197525394404, 2.325610897536909], [34.63525419565306, 2.433304455765008], [34.59138438188069, 2.438384670075757], [34.57969222440258, 2.419090279311289], [34.5501431819586, 2.497110135850028], [34.504624657255405, 2.561072785068126], [34.47636050364919, 2.571288046839673], [34.36368035002195, 2.731985244723319], [34.348900358080506, 2.826518231297273], [34.281325485723784, 2.90992806633972], [34.34849669654805, 2.991037415425922], [34.39818887150238, 3.09309361916281], [34.44227455251491, 3.079757955913739], [34.48790741685395, 3.09677993973174], [34.52049493743398, 3.086333552462747], [34.55968948174287, 3.107657862164749], [34.57304547426528, 3.088679916933756]]]}}, {"type": "Feature", "properties": {"OBJECTID": 106, "District": "MOYO", "Shape_Leng": 169119.692927, "Shape_Area": 1040694436.62, "Region": "West Nile"}, "geometry": {"type": "Polygon", "coordinates": [[[31.89278782924571, 3.752951299931373], [31.960023152932518, 3.655173100603845], [31.95784913200775, 3.586575428862656], [32.00041229775782, 3.585842658815157], [31.964697613431042, 3.56445660021337], [31.94001082897743, 3.518441132209675], [31.877251192219152, 3.516305014291027], [31.81790022080855, 3.549633655860394], [31.769389369141535, 3.508686424174714], [31.745350212965285, 3.551157103913522], [31.575945252366427, 3.543150044471329], [31.570688165296435, 3.560018628007494], [31.538632623897822, 3.563140703735935], [31.515916812552252, 3.643679116771849], [31.618218054947384, 3.729084256721936], [31.70319712008667, 3.710996872681437], [31.730130463860405, 3.752412470881318], [31.801690416581906, 3.799138373402288], [31.805488070266264, 3.822217789715526], [31.89278782924571, 3.752951299931373]]]}}, {"type": "Feature", "properties": {"OBJECTID": 107, "District": "MPIGI", "Shape_Leng": 245086.329234, "Shape_Area": 1524262885.7900002, "Region": "South Central"}, "geometry": {"type": "Polygon", "coordinates": [[[32.422275090293375, 0.294478536334895], [32.410667659631635, 0.221248340911845], [32.36130920412677, 0.192986449782333], [32.34086254119288, 0.151415834698844], [32.278756766592764, 0.108468739954098], [32.26122286401174, 0.069641373515907], [32.213828770184655, 0.03062001883948], [32.24894182790433, -0.052695394920251], [32.25014788537103, -0.152868059081701], [32.00042341690979, -0.153735466937786], [31.94759248017122, -0.130394765066158], [31.90207643690955, -0.039492836304349], [31.91537041403217, -0.017439552416532], [31.885125131140615, -0.014436252055342], [31.873335617349234, 0.009679338601562], [31.887786212314065, 0.032781952532054], [32.03851007266884, 0.094233591523794], [32.05422244284926, 0.127976023239268], [32.09130154511475, 0.144369132827014], [32.11733392711625, 0.131254478225783], [32.148445599273636, 0.142741410954341], [32.165861546389415, 0.090706616053094], [32.18654298633508, 0.095311077068808], [32.20818853638332, 0.168440919012573], [32.19686693343963, 0.190026166964544], [32.216911564460624, 0.206212764517852], [32.22208942844878, 0.247836916137042], [32.28175882863067, 0.246729739312006], [32.30615930021108, 0.279973317653246], [32.25789797833311, 0.331597110690926], [32.25434796068869, 0.405922938387769], [32.404003168936185, 0.353303507165349], [32.422198787761076, 0.333496443053871], [32.422275090293375, 0.294478536334895]]]}}, {"type": "Feature", "properties": {"OBJECTID": 108, "District": "MUBENDE", "Shape_Leng": 297062.50395, "Shape_Area": 2711416313.32, "Region": "North Central"}, "geometry": {"type": "Polygon", "coordinates": [[[31.456894805049124, 0.864583500983399], [31.574426599507717, 0.854608587068279], [31.658636391871013, 0.805100622956605], [31.635948698337426, 0.760674209900917], [31.587621949745085, 0.745753044241914], [31.582243546513116, 0.722298771378868], [31.605986635471574, 0.699052409465234], [31.581643804872538, 0.697561734650901], [31.578947670366652, 0.644876457101164], [31.56324152348397, 0.637021390153965], [31.62884265748631, 0.465198490352483], [31.600305969132425, 0.397303824368501], [31.499990506518674, 0.317136027311171], [31.340384300855806, 0.282583094102126], [31.310767513205924, 0.209960319804796], [31.263740256045352, 0.162306609807995], [31.1917222928694, 0.198652260217791], [31.158153948874237, 0.235289269831148], [31.080057998828572, 0.20362167290948], [31.01932517871898, 0.1974385506183], [31.023199255330027, 0.228000742366454], [31.13880882983792, 0.3361074296527], [31.113829044733425, 0.411881585950609], [31.141467641902768, 0.45264297137616], [31.142313180488866, 0.508146425791949], [31.201703158615754, 0.507159683930229], [31.24835672382514, 0.527474374724073], [31.255431770240794, 0.603746092964826], [31.2155409511765, 0.631838416828425], [31.27326262617796, 0.682228810252185], [31.288593583690066, 0.739807851758552], [31.3827858570804, 0.707422743378107], [31.40872889382377, 0.745139690343597], [31.40438736971244, 0.801282066870038], [31.44497595270033, 0.825354834485489], [31.437606201356758, 0.851303457460855], [31.456894805049124, 0.864583500983399]]]}}, {"type": "Feature", "properties": {"OBJECTID": 109, "District": "MUKONO", "Shape_Leng": 310608.574051, "Shape_Area": 2781705162.47, "Region": "North Central"}, "geometry": {"type": "Polygon", "coordinates": [[[32.79232010545159, 0.855937708846596], [32.85634026614897, 0.746079190441395], [32.87146827310869, 0.677588965632746], [32.91957056239971, 0.650332895679712], [32.97664225938128, 0.586124494195076], [32.98366420164994, 0.554983558587976], [32.949565438215586, 0.464207406352402], [32.97380832537011, 0.409239824980443], [32.90892812432991, 0.399893445327929], [32.89180519616398, 0.370245006016169], [32.8642121469121, 0.371393751340834], [32.875560393729955, 0.307990248065667], [32.90824724201337, 0.265458459642989], [32.874799176876415, 0.110694628983259], [32.84446990180671, 0.106643465167106], [32.87559983475742, -0.02079872589858], [32.87618323530408, -0.149678313669249], [32.50098698239934, -0.152486254255788], [32.62010043807501, -0.002106959070152], [32.619610392262885, 0.164693055539962], [32.64147891139524, 0.238810188826744], [32.68705483007773, 0.289783325327148], [32.683365399672816, 0.369859993776344], [32.66162099799848, 0.42946338776046], [32.677407735499386, 0.472452721498241], [32.663240386696415, 0.513370644325339], [32.75060613839477, 0.643686628487437], [32.76073066077351, 0.816761225155484], [32.79232010545159, 0.855937708846596]]]}}, {"type": "Feature", "properties": {"OBJECTID": 110, "District": "NABILATUK", "Shape_Leng": 284689.512723, "Shape_Area": 1804439335.2400002, "Region": "Karamoja"}, "geometry": {"type": "Polygon", "coordinates": [[[34.60930730895532, 2.439461429742968], [34.63525419565306, 2.433304455765008], [34.64268550605992, 2.347708436462594], [34.71082556382796, 2.222702687167778], [34.77409018529649, 2.180744460623728], [34.784678596788766, 2.166941645067737], [34.787567916314515, 2.15483089183717], [34.79101673738119, 2.152248374729151], [34.790836227169805, 2.150316172211392], [34.79192532832741, 2.150559807040097], [34.79359704252982, 2.146149592548381], [34.75484780284207, 2.123228851246191], [34.694204930422124, 2.148059103250834], [34.72609340469173, 2.082619062043433], [34.72624927424824, 2.0004117190304], [34.720997755435974, 1.990708160219276], [34.66021481931984, 2.009060926117813], [34.638032535727945, 1.963043528447503], [34.63321673599881, 2.000357008592888], [34.54911812550243, 1.913421725127913], [34.524462889932344, 1.914391681372658], [34.43226483594244, 1.865922083579094], [34.42022942941543, 1.796410996339803], [34.37828870789716, 1.783639384265597], [34.314685686527206, 1.666430857728629], [34.26063452422984, 1.636471127721156], [34.22221310395326, 1.64018599587177], [34.22278032387709, 1.880048403662], [34.3956605931557, 1.989995569226695], [34.47999313324593, 2.091908720143641], [34.59092869161571, 2.438182790754683], [34.60930730895532, 2.439461429742968]]]}}, {"type": "Feature", "properties": {"OBJECTID": 111, "District": "NAKAPIRIPIRIT", "Shape_Leng": 335168.342398, "Shape_Area": 2378785719.22, "Region": "Karamoja"}, "geometry": {"type": "Polygon", "coordinates": [[[34.73226618892462, 2.128176800655994], [34.76324479063663, 2.124282568403794], [34.7934770807292, 2.146458919892063], [34.797179257718255, 2.114005551999289], [34.84042209718614, 2.075487778138289], [34.873971923379834, 2.004039416286167], [34.828415828109, 1.934794878429106], [34.82774322939501, 1.871422234797203], [34.85867014582929, 1.832172485016461], [34.84701767341142, 1.81436643664394], [34.86121336660786, 1.790941195918131], [34.847488016982076, 1.767804543886372], [34.80884152771304, 1.754033878204055], [34.84683592238993, 1.727045774405483], [34.818879487029484, 1.712821817831531], [34.80809677481654, 1.643875671214293], [34.740525328931895, 1.613149264252293], [34.7245307112336, 1.58342426154739], [34.69123966450723, 1.568752751689914], [34.62451253326379, 1.568699523903905], [34.49529092272385, 1.601974342277541], [34.419149567637554, 1.552829196934379], [34.347554971797045, 1.567802254506676], [34.32806511454534, 1.550963778634769], [34.27730191814789, 1.546486546075896], [34.22956818990899, 1.561541321999545], [34.2290701106296, 1.637204171190691], [34.26063452422984, 1.636471127721156], [34.314685686527206, 1.666430857728629], [34.37828870789716, 1.783639384265597], [34.42022942941543, 1.796410996339803], [34.43226483594244, 1.865922083579094], [34.524462889932344, 1.914391681372658], [34.54911812550243, 1.913421725127913], [34.63321673599881, 2.000357008592888], [34.638032535727945, 1.963043528447503], [34.66021481931984, 2.009060926117813], [34.720997755435974, 1.990708160219276], [34.733165230413235, 2.04217105143583], [34.694204930422124, 2.148059103250834], [34.73226618892462, 2.128176800655994]]]}}, {"type": "Feature", "properties": {"OBJECTID": 112, "District": "NAKASEKE", "Shape_Leng": 316704.239404, "Shape_Area": 3475420564.8700004, "Region": "North Central"}, "geometry": {"type": "Polygon", "coordinates": [[[31.977017265936286, 1.466275191848954], [32.11767941100091, 1.406485720158284], [32.208628292171454, 1.331387915238354], [32.22598480758569, 1.297740560601479], [32.308768591272504, 1.258900326916936], [32.35017146182428, 1.22171995210373], [32.373808353308014, 1.136396414699646], [32.34560268469624, 1.03598947712042], [32.36039863347189, 0.960669180328138], [32.392721874443346, 0.927102380884649], [32.50048444267289, 0.698954256435708], [32.47052589987275, 0.689659718914934], [32.46129354540507, 0.662970199430503], [32.412510541587544, 0.666700946117064], [32.3442755620857, 0.629745325316237], [32.31972908454562, 0.571915621375129], [32.332967424803805, 0.551987343151574], [32.30607763374632, 0.533981931055371], [32.23187798415863, 0.579359959847689], [32.218890277701746, 0.618048555558627], [32.16697853654161, 0.672680987266101], [32.18927564905948, 0.69443240214526], [32.20920451283926, 0.807824301967938], [32.145231081061524, 0.88897482926286], [32.01534459800576, 0.928491228385865], [32.00163133891598, 1.020656519267875], [31.90890339638134, 1.109210422374602], [31.91374755912434, 1.155173357941453], [31.89926319775303, 1.175149556521215], [31.91022559359826, 1.205330260283346], [31.822770572585842, 1.352932452304271], [31.912193411027943, 1.448053551664471], [31.977017265936286, 1.466275191848954]]]}}, {"type": "Feature", "properties": {"OBJECTID": 113, "District": "NAKASONGOLA", "Shape_Leng": 314552.143275, "Shape_Area": 3508598104.9199996, "Region": "North Central"}, "geometry": {"type": "Polygon", "coordinates": [[[32.22046332895942, 1.67096759656958], [32.29738827440813, 1.654505861713518], [32.32506563026912, 1.619866848456861], [32.41066244817994, 1.59038306869918], [32.5104795272846, 1.521634352809256], [32.562350852514285, 1.521073521830459], [32.62536103355308, 1.438001879702479], [32.69637227179785, 1.450675640980785], [32.69696725574253, 1.383889454010627], [32.75045073655077, 1.362281922690826], [32.791458507520474, 1.257663429833299], [32.80067822123746, 1.154697247748291], [32.7880111989834, 1.075134704113785], [32.698090733105715, 1.070585373515449], [32.62256331411888, 1.143216312256268], [32.574594713571464, 1.084892113830475], [32.57665901280473, 1.045040026802741], [32.55586364244333, 1.028291030941952], [32.563546276726655, 0.980541688770504], [32.581523078358344, 0.989636328890375], [32.580395706263616, 0.971270599326434], [32.54336339364748, 0.958762740996935], [32.50540810792433, 0.97306976021884], [32.37862941156086, 1.121343609921332], [32.3449000822139, 1.232330466606237], [32.226250585421944, 1.297532573494549], [32.208628292171454, 1.331387915238354], [32.11767941100091, 1.406485720158284], [31.97515255984024, 1.466102461740122], [31.97187808669146, 1.504174869838705], [31.987518703682223, 1.506841730796385], [32.00084210106548, 1.542868763352314], [32.04602431527711, 1.542564013999647], [32.056954864357564, 1.571814846655219], [32.08977527738044, 1.591152093156957], [32.083366883405176, 1.638749949631812], [32.13995233188625, 1.670129589840149], [32.22046332895942, 1.67096759656958]]]}}, {"type": "Feature", "properties": {"OBJECTID": 114, "District": "NAMAYINGO", "Shape_Leng": 396146.355647, "Shape_Area": 4664899522.97, "Region": "Busoga"}, "geometry": {"type": "Polygon", "coordinates": [[[33.903015693457874, 0.479799171322037], [33.934047838665684, 0.423848093249276], [33.919935004484024, 0.382929424154494], [33.879483136694965, 0.339263295340907], [33.88291977822672, 0.313419244904688], [33.925356980219036, 0.23086735748887], [33.97307544411553, 0.189406607778158], [33.910639839384984, 0.099467444316658], [33.9877754900456, -0.131184345294045], [33.92932273746574, -0.539738483045142], [33.929618267808166, -0.995874038870135], [33.65793786623875, -0.999119706452017], [33.65915074304296, -0.067931109171459], [33.68976199079879, -0.059010666185749], [33.704467475363785, -0.021322103244794], [33.69351337468952, 0.005320337574073], [33.65905315855613, 0.007627311136029], [33.65856622982942, 0.257652309417489], [33.69385262074574, 0.304234770549346], [33.75177948891673, 0.307935510203277], [33.80039772099773, 0.33366145764425], [33.87681480147263, 0.47005995051318], [33.89134058723373, 0.489420832186209], [33.903015693457874, 0.479799171322037]]]}}, {"type": "Feature", "properties": {"OBJECTID": 115, "District": "NAMISINDWA", "Shape_Leng": 97918.3684676, "Shape_Area": 299600936.916, "Region": "Bugisu"}, "geometry": {"type": "Polygon", "coordinates": [[[34.3579560391747, 0.976909670368302], [34.39700248964305, 0.973761780080233], [34.47839999327541, 0.933326628401291], [34.45122005584373, 0.8975689034966], [34.446882348459354, 0.860696488102881], [34.40641313419029, 0.826048180235737], [34.41405019016281, 0.807599246291282], [34.30723413427912, 0.746446152301337], [34.28498683468563, 0.762416113498794], [34.32462814741239, 0.840987286630902], [34.30558928961651, 0.955250243860133], [34.34793096756599, 0.959708304193848], [34.3579560391747, 0.976909670368302]]]}}, {"type": "Feature", "properties": {"OBJECTID": 116, "District": "NAMUTUMBA", "Shape_Leng": 136855.583318, "Shape_Area": 814011687.9290001, "Region": "Busoga"}, "geometry": {"type": "Polygon", "coordinates": [[[33.793054513376056, 0.801916516086215], [33.816027510367626, 0.736761911228731], [33.83775438776124, 0.730624116696424], [33.843394123189235, 0.703580326075229], [33.859257782808825, 0.697631732835575], [33.79205390741624, 0.684204041737283], [33.75749327612856, 0.719825933355266], [33.7223521477693, 0.700707145639355], [33.640137558609084, 0.731673609105931], [33.630663829189324, 0.786096359019347], [33.56413302493372, 0.801185863015664], [33.5477842224108, 0.822746918105364], [33.541674462494946, 0.893811389615214], [33.57049080808528, 0.979010512372268], [33.636556948760195, 1.088898626351325], [33.69283453003251, 1.043526147383921], [33.7185408153874, 0.97773335443092], [33.79053799427905, 0.920443847393202], [33.793054513376056, 0.801916516086215]]]}}, {"type": "Feature", "properties": {"OBJECTID": 117, "District": "NAPAK", "Shape_Leng": 353128.818658, "Shape_Area": 4475826308.33, "Region": "Karamoja"}, "geometry": {"type": "Polygon", "coordinates": [[[34.28175268518517, 2.90892247305782], [34.348900358080506, 2.826518231297273], [34.36368035002195, 2.731985244723319], [34.47636050364919, 2.571288046839673], [34.504624657255405, 2.561072785068126], [34.542533036706246, 2.507887082504107], [34.585328315094, 2.419798272949089], [34.47999313324593, 2.091908720143641], [34.3956605931557, 1.989995569226695], [34.22278032387709, 1.880048403662], [34.21197248273358, 2.118646701726255], [33.849357343880875, 2.34389175170913], [33.96284685012485, 2.407267361856534], [34.00276803501582, 2.39948585827933], [34.00335105263639, 2.418211432186085], [34.03013555624321, 2.43109983954312], [34.0329724126153, 2.522165149746077], [33.965760814012064, 2.616704508128461], [33.9865071363694, 2.668957447910874], [34.03113836156635, 2.711857716525716], [34.12513599533435, 2.758755579600465], [34.26091363163696, 2.727058718325555], [34.28175268518517, 2.90892247305782]]]}}, {"type": "Feature", "properties": {"OBJECTID": 118, "District": "NEBBI", "Shape_Leng": 209985.93268, "Shape_Area": 994409583.2350001, "Region": "West Nile"}, "geometry": {"type": "MultiPolygon", "coordinates": [[[[31.020525865601538, 2.575218512582459], [31.020500148920174, 2.575233319867366], [31.020510387324734, 2.575252455609099], [31.020525865601538, 2.575218512582459]]], [[[31.020525865601538, 2.575218512582459], [31.125638500038736, 2.540735388607859], [31.208793361167764, 2.585096163115787], [31.237419420878464, 2.637784412038457], [31.274325423685955, 2.669756460399611], [31.278309934932583, 2.668152535372002], [31.287063398351314, 2.676346743100942], [31.291979975538805, 2.675362633152317], [31.294533724957724, 2.5900063932711], [31.27793202690572, 2.560087841182862], [31.284153416994442, 2.540269221649321], [31.29868325631073, 2.542113512668559], [31.308705789139108, 2.497493104324679], [31.25032108359644, 2.447089269772728], [31.28943461869946, 2.449257610119408], [31.294270794381045, 2.346448653134439], [31.287242118241945, 2.27803180397962], [31.256932301575375, 2.249556110079117], [31.25942395506167, 2.189236062816482], [31.203830089533895, 2.218125872649196], [31.20371874296611, 2.291527754784258], [31.141833063991612, 2.280628500840853], [31.125581035816957, 2.263626642982985], [31.070029249153237, 2.302523968763269], [31.08570844757385, 2.30820570217305], [31.07384009196082, 2.343201206232926], [31.015749739425978, 2.38586031734438], [31.05125447025691, 2.47779511551828], [31.075523648661292, 2.494524039388058], [31.039448392972126, 2.500102817412644], [31.021838651976267, 2.522159780074365], [30.99108906162046, 2.520100331299995], [30.9939356788424, 2.552751808382675], [31.020525865601538, 2.575218512582459]]]]}}, {"type": "Feature", "properties": {"OBJECTID": 119, "District": "NGORA", "Shape_Leng": 139274.029962, "Shape_Area": 720872039.075, "Region": "Teso"}, "geometry": {"type": "Polygon", "coordinates": [[[33.88066781039603, 1.665307803105607], [33.89837457310575, 1.651042987393722], [33.89956249997401, 1.599542609044911], [33.790043728283166, 1.399399510131748], [33.80417798491666, 1.358450607632655], [33.753750789467006, 1.363198332050831], [33.67197480252235, 1.314642049391701], [33.57056896503609, 1.311012563225564], [33.55760422662444, 1.349917093736232], [33.587446762269764, 1.385382630060494], [33.67061345609431, 1.413341757585869], [33.724258982923956, 1.592447642221199], [33.71217692936883, 1.613204759795037], [33.74338801059223, 1.670177553016876], [33.798022972790584, 1.663669688343528], [33.82888016859432, 1.681577653565257], [33.88066781039603, 1.665307803105607]]]}}, {"type": "Feature", "properties": {"OBJECTID": 120, "District": "NTOROKO", "Shape_Leng": 247614.036159, "Shape_Area": 1414535559.83, "Region": "Tooro"}, "geometry": {"type": "Polygon", "coordinates": [[[30.55047945135556, 1.242567433326239], [30.551007952480088, 1.036975659498012], [30.53829598825205, 1.009212018484845], [30.552932903850365, 0.983859256074393], [30.480862926495302, 0.919936971888092], [30.361761822174522, 0.876161163658417], [30.346482193645663, 0.899503721107015], [30.34180931442358, 0.838284204293764], [30.295907586172834, 0.80882789690719], [30.301951925185413, 0.779051101457597], [30.248059533862456, 0.736599717114849], [30.218474745629614, 0.75280269202774], [30.187698394089203, 0.71663520853265], [30.16439387275473, 0.732604525743871], [30.19385195157001, 0.771183884473845], [30.187731578725057, 0.801060605240462], [30.206334072618695, 0.838919834124622], [30.197066619713357, 0.876301865134694], [30.14896363834981, 0.897190880617534], [30.17313271414844, 0.911035098231844], [30.191148114880384, 0.97015926750199], [30.22788920806741, 0.990259753701177], [30.237541936373567, 1.134182690014327], [30.290174422405784, 1.173039294262523], [30.337357787703294, 1.151628040866745], [30.360696391596672, 1.20237273563712], [30.39070529673364, 1.187703014015405], [30.47621322260765, 1.209826129950138], [30.550234523330953, 1.306819955644986], [30.55047945135556, 1.242567433326239]]]}}, {"type": "Feature", "properties": {"OBJECTID": 121, "District": "NTUNGAMO", "Shape_Leng": 252284.534428, "Shape_Area": 2025360642.27, "Region": "Ankole"}, "geometry": {"type": "Polygon", "coordinates": [[[30.315652303804427, -0.71800115186716], [30.361320809276403, -0.787798673384273], [30.445944906009835, -0.833928761674371], [30.50511065510133, -0.845934087654504], [30.51819030312928, -0.828244570288861], [30.592751875656763, -0.819712455810598], [30.567772775469752, -0.858456232896836], [30.603374924369582, -0.862353497185489], [30.60099548882633, -0.888118132022157], [30.570581538523967, -0.903818110399234], [30.56316718548687, -0.930586032110784], [30.534330437841103, -0.939040560611421], [30.478104966754998, -1.057510268742184], [30.447583239602423, -1.047558755583265], [30.428295644962855, -1.064579814027081], [30.35208882010499, -1.063014774028763], [30.344679100468543, -1.131973812148808], [30.29861932958683, -1.156007692601595], [30.257202359715983, -1.156686001333959], [30.200071826633824, -1.194700816541821], [30.19305476065832, -1.152207517917963], [30.112386936775955, -1.155642827914156], [30.070914450116195, -1.073772094745584], [30.04652477191582, -1.060832520945926], [30.044402592721088, -1.019401482677243], [30.069989670227596, -1.000459645989125], [30.075872990750053, -0.949441661211027], [30.019956964547518, -0.904435502146675], [30.052852383725977, -0.883301860472329], [30.05259099102986, -0.77977541827431], [30.076801841711465, -0.75418581981761], [30.122042195961598, -0.761889636104516], [30.139387060175064, -0.7328610280104], [30.159814672940076, -0.73218324689647], [30.199915014612092, -0.763576490875032], [30.27569290794995, -0.732102322127296], [30.311146272175037, -0.735856208145601], [30.315652303804427, -0.71800115186716]]]}}, {"type": "Feature", "properties": {"OBJECTID": 122, "District": "NWOYA", "Shape_Leng": 426857.900761, "Shape_Area": 4734994813.29, "Region": "Acholi"}, "geometry": {"type": "MultiPolygon", "coordinates": [[[[31.97816513183273, 2.791582158425906], [31.978145732341343, 2.791572411891952], [31.97816508902745, 2.791631653825053], [31.97816513183273, 2.791582158425906]]], [[[31.97827105151434, 2.791966877549189], [31.9781821182623, 2.791733765887806], [31.978441725357193, 2.792491851946359], [31.97827105151434, 2.791966877549189]]], [[[31.7522605657457, 2.834100114091251], [31.823099243386274, 2.794967752348197], [31.892672452406124, 2.778631240182599], [31.930915176976, 2.797267449359189], [32.02851277341432, 2.76778691927007], [32.09633227838851, 2.806227788476414], [32.136438634548846, 2.767054773448344], [32.19433843073769, 2.778042679619138], [32.198617371888496, 2.757966269443074], [32.182717232739186, 2.756286255775703], [32.172289178843386, 2.722359604854824], [32.13982927783269, 2.710098512043698], [32.12540603000978, 2.692106325514677], [32.16909207871811, 2.664627365013334], [32.19203733256499, 2.617744320104098], [32.250665026442675, 2.618762540166109], [32.271885162678856, 2.529070457469866], [32.287478746060096, 2.519298382811524], [32.29706146807534, 2.504522943921484], [32.247999615230256, 2.517953988823438], [32.22770885344488, 2.505319760213065], [32.231763464066745, 2.331346386117488], [32.25899192443484, 2.253818361182994], [32.2473209926255, 2.243449060523538], [32.222866218221, 2.246376264439751], [32.189222845376655, 2.217002547788599], [32.14848517286026, 2.221547863911973], [32.05324770967852, 2.282504688183349], [32.02562809392483, 2.276524856565711], [32.013098388143426, 2.306476215560865], [31.942081075688577, 2.338826437227127], [31.91844740151309, 2.365547086558755], [31.833219590798137, 2.369187155967618], [31.742338789096543, 2.296097354338875], [31.647732581747622, 2.258879037570794], [31.571617642942453, 2.285908108474747], [31.466866471090796, 2.227199466371356], [31.336513840014273, 2.247427379260013], [31.377494796951996, 2.299469204159417], [31.462480894261866, 2.350089146909971], [31.48313597023362, 2.440311076646748], [31.52986614767766, 2.481065915021816], [31.478007423727217, 2.505387632676961], [31.46132305082118, 2.56337824544606], [31.41658163908845, 2.607275261644066], [31.41515174407652, 2.635652715192667], [31.44231480787919, 2.67685696531469], [31.48033167942119, 2.684484652935016], [31.49292104064864, 2.715356662827113], [31.60209799286444, 2.805142478356404], [31.64163952462801, 2.818544285047535], [31.671859830754386, 2.798857854464396], [31.711552847473893, 2.831178929786343], [31.7522605657457, 2.834100114091251]]]]}}, {"type": "Feature", "properties": {"OBJECTID": 123, "District": "OBONGI", "Shape_Leng": 146068.640203, "Shape_Area": 846910205.5810001, "Region": "West Nile"}, "geometry": {"type": "Polygon", "coordinates": [[[31.542637589202315, 3.559812580002678], [31.570688165296435, 3.560018628007494], [31.575945252366427, 3.543150044471329], [31.745350212965285, 3.551157103913522], [31.769446661819625, 3.508639042866173], [31.70717385781899, 3.496836647964187], [31.658417051924026, 3.442901689235542], [31.657983649201917, 3.39590742801651], [31.605165127185142, 3.34711091777281], [31.538987044275547, 3.150654331367611], [31.49020151624006, 3.173771854840393], [31.42719191693968, 3.266054605764742], [31.453056146849715, 3.44657183824844], [31.536670878718656, 3.576560222604423], [31.542637589202315, 3.559812580002678]]]}}, {"type": "Feature", "properties": {"OBJECTID": 124, "District": "OMORO", "Shape_Leng": 261963.707767, "Shape_Area": 1479813022.5, "Region": "Acholi"}, "geometry": {"type": "Polygon", "coordinates": [[[32.660796595739775, 2.835844505615694], [32.69275695502905, 2.800212378953998], [32.68846460372101, 2.784400437009399], [32.70604415560169, 2.783556863728457], [32.69431358705952, 2.771799434167904], [32.72171580504556, 2.766636401382514], [32.79791897354303, 2.664134220660558], [32.82670586554737, 2.673939113209888], [32.79753818442878, 2.590643269267853], [32.77872427665915, 2.606206150882326], [32.480248789825374, 2.613793612045582], [32.425084931782, 2.445838457782115], [32.395460218344745, 2.482205438524474], [32.36348143687728, 2.476198708304883], [32.29449751568585, 2.506616899415247], [32.271885162678856, 2.529070457469866], [32.250665026442675, 2.618762540166109], [32.19203733256499, 2.617744320104098], [32.16909207871811, 2.664627365013334], [32.12540603000978, 2.692106325514677], [32.15004522826876, 2.716295732483127], [32.22402939271014, 2.730384569106075], [32.24237881149386, 2.718093281101219], [32.28080962514006, 2.746222016971396], [32.28810041148177, 2.707796760149605], [32.34696123617346, 2.694606499027782], [32.329616215418646, 2.743439176234088], [32.36126591118587, 2.759002907081425], [32.36613990907852, 2.780095231751083], [32.428034451405715, 2.774252193149918], [32.45070143537813, 2.793708032585436], [32.47958070472118, 2.785702080140792], [32.510050639105096, 2.810369997303447], [32.54879439950554, 2.777681235223034], [32.62226631655259, 2.793090096035461], [32.660796595739775, 2.835844505615694]]]}}, {"type": "Feature", "properties": {"OBJECTID": 125, "District": "OTUKE", "Shape_Leng": 315135.573873, "Shape_Area": 1648698402.19, "Region": "Lango"}, "geometry": {"type": "Polygon", "coordinates": [[[33.43251664177253, 2.633125597885971], [33.443812972274294, 2.590891061022921], [33.503122441893865, 2.58765173304824], [33.53392287776195, 2.603406978303551], [33.62734671598332, 2.471159431390088], [33.67256659143831, 2.503550250673091], [33.705471557622545, 2.460444990581916], [33.73940289050566, 2.445394488258667], [33.734484468313696, 2.414510687624263], [33.674134205303126, 2.355646613252336], [33.632038809147126, 2.358412596431006], [33.5944862555053, 2.328445737455371], [33.55299279854183, 2.355874941460658], [33.44220965544071, 2.364217805888458], [33.39874727638597, 2.329354887882743], [33.35389287852333, 2.339562966428925], [33.309114629715395, 2.31890102709955], [33.27721847548291, 2.350111164039284], [33.249797189932295, 2.346063258338], [33.24245945385689, 2.38455280474772], [33.21936806628354, 2.371305129486571], [33.2207857390933, 2.40202919296417], [33.20496870623433, 2.41460455223789], [33.1804549823301, 2.407012244249159], [33.17256172371149, 2.424665908765442], [33.190643106125975, 2.456004659562805], [33.1495415476639, 2.425713531935236], [33.15899447516654, 2.457281820917466], [33.13970755100362, 2.445812276621924], [33.134982906582295, 2.450505739041076], [33.14722393227474, 2.489273553350295], [33.08849526428339, 2.475009187520823], [33.072189730228004, 2.500537616297668], [33.046395693460525, 2.486821503380028], [33.033383825044794, 2.505578474336584], [33.00144387969471, 2.499191581094854], [33.012879801464706, 2.507578268923094], [33.0034192700566, 2.52911065026064], [33.072991983083156, 2.588785835999397], [33.156953424924524, 2.619029801936771], [33.183288559214496, 2.585399457303602], [33.206867114953624, 2.598528041925301], [33.29132904784959, 2.595894560846643], [33.31492714316847, 2.612027718758995], [33.41077442811224, 2.595301322749119], [33.43251664177253, 2.633125597885971]]]}}, {"type": "Feature", "properties": {"OBJECTID": 126, "District": "OYAM", "Shape_Leng": 247664.016349, "Shape_Area": 2251038568.27, "Region": "Lango"}, "geometry": {"type": "Polygon", "coordinates": [[[32.55205519508577, 2.617081375395745], [32.78594848976608, 2.603585513262799], [32.8026582180931, 2.497777492617325], [32.774261817919815, 2.473564927758534], [32.69336205415622, 2.469934900276754], [32.707324779047696, 2.457830603581689], [32.69351056264751, 2.4150419176694], [32.614653060607345, 2.360793867390644], [32.620929812656804, 2.326713288331349], [32.662518110253956, 2.304097966726754], [32.65427177519529, 2.274281120269997], [32.567143492115214, 2.217418253372441], [32.5524515849032, 2.158294858902325], [32.51037335380835, 2.110363992010347], [32.435687912971254, 2.076054183190996], [32.35275941250481, 2.074427023950094], [32.31878130191575, 2.140587716961669], [32.31687322933118, 2.194828724601586], [32.24265665569483, 2.286392598716478], [32.22770885344488, 2.505319760213065], [32.247999615230256, 2.517953988823438], [32.36348143687728, 2.476198708304883], [32.39362705241101, 2.483041652297515], [32.425084931782, 2.445838457782115], [32.47977710463192, 2.613198854776141], [32.55205519508577, 2.617081375395745]]]}}, {"type": "Feature", "properties": {"OBJECTID": 127, "District": "PADER", "Shape_Leng": 383131.74802, "Shape_Area": 3298992941.39, "Region": "Acholi"}, "geometry": {"type": "Polygon", "coordinates": [[[32.92439075083026, 3.23790414312034], [32.984305590126596, 3.200327855796018], [33.02587901051112, 3.123896821606257], [33.06008434107607, 3.138242213978678], [33.08346546952462, 3.078323628735587], [33.133235047268485, 3.072803043611186], [33.143692771081206, 3.016738698792569], [33.19895550520701, 2.955234126730081], [33.18265371318182, 2.918994402293229], [33.1963554854559, 2.885088161467459], [33.162078585855625, 2.842593056201477], [33.12730636996058, 2.827192569706774], [33.1002884951391, 2.854435837497581], [33.08225245127656, 2.822229675172653], [33.059256868373396, 2.847867921364768], [33.02221476579225, 2.84657180414797], [33.052872763380655, 2.821680945558179], [33.01291250892324, 2.73218913153592], [33.078091707955174, 2.667534850587816], [33.10056163970237, 2.599205405850664], [32.993105903870585, 2.526914185120832], [32.99803258026705, 2.553859785582211], [32.95440238827061, 2.550191080637567], [32.939253527162556, 2.564044068804515], [32.953679599111354, 2.605057780251331], [32.93005075649501, 2.592027256766987], [32.93721465015424, 2.611547100292804], [32.9139051258566, 2.594370560269519], [32.884410685268534, 2.602166102506291], [32.891512818636826, 2.618860667694454], [32.85492691674908, 2.620954479439316], [32.85829766698662, 2.64907417050506], [32.827428649723814, 2.648552015714861], [32.824605506686666, 2.675457531311601], [32.79791897354303, 2.664134220660558], [32.72171580504556, 2.766636401382514], [32.69431358705952, 2.771799434167904], [32.70604415560169, 2.783556863728457], [32.68846460372101, 2.784400437009399], [32.69239620676568, 2.800786392553511], [32.47019148674365, 3.125386238739734], [32.52178360063785, 3.128980672760426], [32.517055455468494, 3.157989217961993], [32.50279271745867, 3.164635357277033], [32.500899234067845, 3.166440537789251], [32.50055184064672, 3.166821077750618], [32.50017066675757, 3.167565495051339], [32.49976679864936, 3.168695276460573], [32.49898197186274, 3.171027753612275], [32.49757466761419, 3.17384565644801], [32.49572759451786, 3.176281538684468], [32.4950306351511, 3.177648380289775], [32.511710761813205, 3.160581975689028], [32.61402697751342, 3.152298473452858], [32.68555309174902, 3.169325565556517], [32.69755479120639, 3.187217296496289], [32.7430548876161, 3.180893417044827], [32.76505606880506, 3.20986495458125], [32.77971588285549, 3.210059038000891], [32.79553681793164, 3.169417318660411], [32.864096515256776, 3.157806655050563], [32.87174764656059, 3.181837964200075], [32.92624665219542, 3.209653294190428], [32.91165220018287, 3.246420919607947], [32.92439075083026, 3.23790414312034]]]}}, {"type": "Feature", "properties": {"OBJECTID": 128, "District": "PAKWACH", "Shape_Leng": 191552.19597, "Shape_Area": 1038541078.3, "Region": "West Nile"}, "geometry": {"type": "Polygon", "coordinates": [[[31.389357711819105, 2.772814337122383], [31.432350669513333, 2.76149107553599], [31.451962632725287, 2.724927957152155], [31.452012422010334, 2.688821419178906], [31.41515174407652, 2.635652715192667], [31.41658163908845, 2.607275261644066], [31.46132305082118, 2.56337824544606], [31.478007423727217, 2.505387632676961], [31.52986614767766, 2.481065915021816], [31.48313597023362, 2.440311076646748], [31.462480894261866, 2.350089146909971], [31.38913432936625, 2.308654773830364], [31.343916694939, 2.262035235640251], [31.30643278104317, 2.154179614245074], [31.25942395506167, 2.189236062816482], [31.256932301575375, 2.249556110079117], [31.287242118241945, 2.27803180397962], [31.294270794381045, 2.346448653134439], [31.28943461869946, 2.449257610119408], [31.25032108359644, 2.447089269772728], [31.308223998712815, 2.493105205551811], [31.29868325631073, 2.542113512668559], [31.284153416994442, 2.540269221649321], [31.27793202690572, 2.560087841182862], [31.294533724957724, 2.5900063932711], [31.285444638973747, 2.701905835492249], [31.32980855001662, 2.735209616022515], [31.334771491916285, 2.761507523545944], [31.389357711819105, 2.772814337122383]]]}}, {"type": "Feature", "properties": {"OBJECTID": 129, "District": "PALLISA", "Shape_Leng": 152261.701798, "Shape_Area": 858678207.352, "Region": "Bukedi"}, "geometry": {"type": "Polygon", "coordinates": [[[33.72464077749355, 1.344408547442424], [33.75096022480539, 1.316573402124511], [33.80728700721798, 1.319513825850863], [33.85815968168839, 1.271171355932323], [33.88129495877808, 1.26708364200313], [33.852993501007326, 1.160659655929048], [33.837189609031554, 1.167977577233866], [33.81242052914258, 1.113778836769211], [33.783485436762895, 1.089913098478299], [33.76244355781424, 1.113140961681468], [33.682695195426305, 1.125274180058379], [33.62632972484312, 1.104262223250308], [33.59147800244464, 1.162911030372779], [33.52004297967409, 1.204287852755419], [33.45568168693532, 1.285017063438932], [33.404605242120276, 1.296099371983574], [33.39539593610482, 1.333881509401434], [33.428190469531614, 1.339937503260246], [33.43736097530149, 1.321199437292008], [33.478815016865, 1.330709166608509], [33.523771665785276, 1.309340147775055], [33.55942942968783, 1.339657513110568], [33.571353686508346, 1.310560039759123], [33.65112736354361, 1.311689341013797], [33.72464077749355, 1.344408547442424]]]}}, {"type": "Feature", "properties": {"OBJECTID": 130, "District": "RAKAI", "Shape_Leng": 188091.841068, "Shape_Area": 1591869031.58, "Region": "South Central"}, "geometry": {"type": "Polygon", "coordinates": [[[31.24231002255455, -0.457126907162072], [31.268037795068413, -0.484570174490092], [31.314090986895682, -0.493453373299241], [31.36041171426337, -0.526781634315166], [31.389000919690524, -0.575055529313446], [31.475970302343395, -0.614520835785655], [31.489471408527155, -0.665814172826582], [31.519698457760644, -0.702796430413539], [31.506064037641536, -0.734944334144485], [31.478863783314402, -0.7358847563129], [31.487149405999357, -0.808910073262821], [31.448173402095993, -0.819585306946885], [31.390248093332488, -0.947612511360029], [31.305809925562066, -0.957353936518193], [31.2870020513423, -0.981412493909985], [31.294190238449616, -0.999326454857355], [31.270800494437502, -0.999308781652374], [31.27084144867016, -0.949707013614754], [31.20349046387443, -0.887747117920614], [31.227649940154713, -0.847526667901892], [31.192329788282315, -0.822043636504585], [31.195819727966594, -0.749219854670997], [31.091021535219337, -0.664879889265288], [31.154665232431125, -0.490047148623879], [31.178588359971847, -0.493218665001396], [31.206391092144717, -0.461033577145538], [31.24231002255455, -0.457126907162072]]]}}, {"type": "Feature", "properties": {"OBJECTID": 131, "District": "RUBANDA", "Shape_Leng": 159452.514292, "Shape_Area": 691370380.482, "Region": "Kigezi"}, "geometry": {"type": "Polygon", "coordinates": [[[29.766988604800286, -0.992157902108038], [29.869318918934688, -1.070176727070873], [29.90019551877323, -1.041358092311224], [29.927019696154154, -1.062888029935879], [29.928374775233937, -1.097584628960603], [29.98445137934952, -1.123744238490851], [30.028191837428576, -1.186142924139626], [30.02789882400235, -1.202015280231276], [30.005628728474726, -1.191612606441233], [30.005280003773358, -1.228890785956202], [29.957678233384666, -1.237152505919028], [29.96495657223988, -1.25186537448086], [29.935954178335503, -1.263836035043952], [29.907684155638425, -1.305208270248076], [29.909027678986472, -1.343672482119063], [29.87855487481353, -1.337662451191018], [29.88262825696014, -1.355028430302021], [29.86019330096098, -1.361031896892991], [29.840677870133483, -1.319900165534564], [29.818972639449097, -1.310438609617667], [29.782183123281847, -1.225052009984195], [29.75178787986376, -1.194833228080776], [29.792878747088576, -1.191336849545198], [29.727757163747796, -1.12457246412517], [29.765728813734007, -1.063021016686145], [29.753282974365177, -1.031404211850609], [29.76445717121987, -1.028914228582374], [29.737588947300726, -1.010412202386539], [29.766988604800286, -0.992157902108038]]]}}, {"type": "Feature", "properties": {"OBJECTID": 132, "District": "RUBIRIZI", "Shape_Leng": 211432.678659, "Shape_Area": 1472111520.56, "Region": "Ankole"}, "geometry": {"type": "Polygon", "coordinates": [[[30.18572016580537, -0.07392281716545], [30.18445202815366, -0.08849505102283], [30.21599264383431, -0.078385607087676], [30.212248592215285, -0.103389550760224], [30.281012486379417, -0.166528535066283], [30.2863205446929, -0.206997540015539], [30.232248896222472, -0.228450461647862], [30.228344683104368, -0.251808893841867], [30.17826225825113, -0.284685332445323], [30.164262369488455, -0.33418391206689], [30.178842284641195, -0.381795292860029], [30.083821404181293, -0.351994295572467], [29.976940820104012, -0.38905397303302], [29.936513812712892, -0.448870402717683], [29.888913779002763, -0.451627351291497], [29.872228758304367, -0.444209125189598], [29.86133291310475, -0.390121502939172], [29.675972458138133, -0.336541842669418], [29.699334480188007, -0.210557686283992], [29.888466284972484, -0.208885563722318], [29.90818939234313, -0.182130080431827], [29.9545228798405, -0.188432836922776], [29.967427575505177, -0.170753789761021], [29.98877478332074, -0.171992707005655], [30.00879725404116, -0.145210218756563], [30.09367965077649, -0.096713861444991], [30.18572016580537, -0.07392281716545]]]}}, {"type": "Feature", "properties": {"OBJECTID": 133, "District": "RUKIGA", "Shape_Leng": 145530.126111, "Shape_Area": 427883480.56099993, "Region": "Kigezi"}, "geometry": {"type": "Polygon", "coordinates": [[[29.949401888455164, -1.013428989171429], [30.026115707401093, -1.031587341826657], [30.020177964373207, -1.052317955077941], [30.06984898501745, -1.072288737602649], [30.112386936775955, -1.155642827914156], [30.19305476065832, -1.152207517917963], [30.190100839548982, -1.188078282645407], [30.207110114474563, -1.195486231776395], [30.257202359715983, -1.156686001333959], [30.29899515025355, -1.155881708276149], [30.292255150691503, -1.18962875266879], [30.1925832804207, -1.281464154499919], [30.162353310429232, -1.265399532470295], [30.162214203235862, -1.224802820816204], [30.144756463810705, -1.228391183698422], [30.135310439431827, -1.254559509565447], [30.13285615268868, -1.232803236632378], [30.027348271140326, -1.205632022803685], [30.015486159098753, -1.158996019467119], [29.98535291449746, -1.124698665390587], [29.928374775233937, -1.097584628960603], [29.918696460797392, -1.053785233567328], [29.949401888455164, -1.013428989171429]]]}}, {"type": "Feature", "properties": {"OBJECTID": 134, "District": "RUKUNGIRI", "Shape_Leng": 295394.936842, "Shape_Area": 1532571613.12, "Region": "Kigezi"}, "geometry": {"type": "Polygon", "coordinates": [[[29.843401508673445, -0.387237311548124], [29.864088380345468, -0.395048659327277], [29.87326187187801, -0.445607733261326], [29.922012170516265, -0.444173314707509], [29.944150621611506, -0.459280267393921], [29.924627720762224, -0.517637382746228], [29.938184872489064, -0.538907105307348], [29.918787410740105, -0.545848399915647], [29.925244377370337, -0.564253263886528], [29.884210900893414, -0.611302837043247], [29.92076498760927, -0.646778133027797], [29.957951548057753, -0.657828347545184], [30.003833573415015, -0.744404306659959], [30.022065496593864, -0.741541819784716], [30.053031678506155, -0.77890834065392], [30.052899782892073, -0.883130227908165], [30.019956964547518, -0.904435502146675], [30.075872990750053, -0.949441661211027], [30.069989670227596, -1.000459645989125], [30.044402592721088, -1.019401482677243], [30.04652477191582, -1.060832520945926], [30.020177964373207, -1.052317955077941], [30.02443233829442, -1.030485860196922], [29.993185092694826, -1.033833116437584], [29.944843407109826, -1.012092480320292], [29.909514424137484, -1.054362118593651], [29.856502311157573, -0.970413170674988], [29.854318819909047, -0.914070937165617], [29.88571577213173, -0.896217894929518], [29.826345987278415, -0.809915235684967], [29.805187438030735, -0.687080209266495], [29.777563247135575, -0.654520246536288], [29.798773890233754, -0.635765878215943], [29.79384925722832, -0.620585767683109], [29.745339706566046, -0.622309763493603], [29.72409703534718, -0.583429379616044], [29.7213333700349, -0.513110852262742], [29.74642696770727, -0.494648830968416], [29.750175739394933, -0.471661428962568], [29.675796175658615, -0.336749955275326], [29.843401508673445, -0.387237311548124]]]}}, {"type": "Feature", "properties": {"OBJECTID": 135, "District": "RWAMPARA", "Shape_Leng": 126836.082079, "Shape_Area": 575326798.171, "Region": "Ankole"}, "geometry": {"type": "Polygon", "coordinates": [[[30.49832813160487, -0.602500778138763], [30.542476213799084, -0.627296687468438], [30.53162432664279, -0.673340347582239], [30.65270929526024, -0.77748158926742], [30.652361679504356, -0.837239771538356], [30.63080251013665, -0.864371119253111], [30.567772775469752, -0.858456232896836], [30.592751875656763, -0.819712455810598], [30.51819030312928, -0.828244570288861], [30.50061654089556, -0.846003493296169], [30.40030560145019, -0.814973288750126], [30.360421497648005, -0.786849146690898], [30.313882035209986, -0.717051189296115], [30.374839460228813, -0.706339346073419], [30.434591025006597, -0.634529553457311], [30.49832813160487, -0.602500778138763]]]}}, {"type": "Feature", "properties": {"OBJECTID": 136, "District": "SERERE", "Shape_Leng": 200437.964892, "Shape_Area": 1959634117.82, "Region": "Teso"}, "geometry": {"type": "Polygon", "coordinates": [[[33.39685107967272, 1.672694435749584], [33.54872880348353, 1.618022965609871], [33.56004444141821, 1.585818210081598], [33.59557867655019, 1.556493039460368], [33.646296596508, 1.574000377803538], [33.7081416231867, 1.570225795183713], [33.66948255559395, 1.411433236146157], [33.587446762269764, 1.385382630060494], [33.54512054379807, 1.317468721296373], [33.51232795703672, 1.309831067869132], [33.47134935899426, 1.33164245794342], [33.43602897790936, 1.321462037796356], [33.428190469531614, 1.339937503260246], [33.39539593610482, 1.333881509401434], [33.37626397354842, 1.366806981533133], [33.337651539349245, 1.374339997849187], [33.307974803230444, 1.37469688227485], [33.24774660972384, 1.334371422850055], [33.1525249357499, 1.355676527242929], [33.0643912331218, 1.436825748810971], [33.01545454591852, 1.460874341261716], [33.037328494005486, 1.514017911595117], [33.109721137850336, 1.56410117606066], [33.39685107967272, 1.672694435749584]]]}}, {"type": "Feature", "properties": {"OBJECTID": 137, "District": "SHEEMA", "Shape_Leng": 150241.008248, "Shape_Area": 700054246.824, "Region": "Ankole"}, "geometry": {"type": "Polygon", "coordinates": [[[30.437967906706806, -0.426380698510239], [30.457159789528585, -0.429270309382825], [30.478308239535487, -0.461553877553566], [30.45761148287186, -0.574598476956736], [30.439215425128072, -0.631314238226121], [30.377031304397928, -0.704977299713927], [30.199915014612092, -0.763576490875032], [30.120478120661808, -0.692861748101422], [30.113800155132047, -0.649744048032917], [30.159565870728354, -0.666743863105628], [30.207930135911614, -0.622104090810035], [30.288686741523403, -0.620537723578967], [30.309723363602316, -0.573970263014038], [30.30569349353154, -0.433456872672987], [30.321195473428684, -0.456670390738086], [30.36054930350203, -0.446336828741023], [30.368670236052793, -0.456651800938548], [30.38646396173785, -0.433394830874428], [30.437967906706806, -0.426380698510239]]]}}, {"type": "Feature", "properties": {"OBJECTID": 138, "District": "SIRONKO", "Shape_Leng": 131797.542106, "Shape_Area": 406050348.52700007, "Region": "Bugisu"}, "geometry": {"type": "Polygon", "coordinates": [[[34.24529475999271, 1.289439923117933], [34.25697829945886, 1.249386733575151], [34.30227031887103, 1.286969010398332], [34.34018449348195, 1.229123040597825], [34.39229559706996, 1.199830304120813], [34.424936685043654, 1.160803736492424], [34.41602194502694, 1.154800361889931], [34.42634216343162, 1.138859413782137], [34.52679028510255, 1.129958013972562], [34.525276478687786, 1.116005672657478], [34.48315644273055, 1.09087154325398], [34.38557181935771, 1.106363639350517], [34.37290653274242, 1.084761764078], [34.338647738107916, 1.086325735436178], [34.32313446751215, 1.102285085369844], [34.22742515472051, 1.12200076910893], [34.22511160923457, 1.160163623445103], [34.17480778154422, 1.154314277891529], [34.19162761665409, 1.172438644587313], [34.18944579687977, 1.21249139898832], [34.24529475999271, 1.289439923117933]]]}}, {"type": "Feature", "properties": {"OBJECTID": 139, "District": "SOROTI", "Shape_Leng": 264620.876688, "Shape_Area": 1220209538.96, "Region": "Teso"}, "geometry": {"type": "Polygon", "coordinates": [[[33.52834334699159, 2.019922902166381], [33.574395097564974, 1.957661041357302], [33.645602028019354, 1.93660931013006], [33.66313385485594, 1.892627847215598], [33.777987769117296, 1.803906648455209], [33.80900278533868, 1.733910296829459], [33.814161959890626, 1.704905426920299], [33.798516529880374, 1.698787617849568], [33.81559854897591, 1.69665453225863], [33.811751389446286, 1.678861950227784], [33.798022972790584, 1.663669688343528], [33.74338801059223, 1.670177553016876], [33.71217692936883, 1.613204759795037], [33.72433110795871, 1.593044689977692], [33.70961717045819, 1.570677620615866], [33.646296596508, 1.574000377803538], [33.59557867655019, 1.556493039460368], [33.56004444141821, 1.585818210081598], [33.54872880348353, 1.618022965609871], [33.39027909900833, 1.672659575776293], [33.41216262833099, 1.711674986612534], [33.43059927205093, 1.825464325312656], [33.452417666695624, 1.858426147821501], [33.43945460813999, 1.896761582174887], [33.45065514576578, 1.97135103232163], [33.47664671825066, 2.011267894982607], [33.52834334699159, 2.019922902166381]], [[33.57654540558242, 1.742359311059621], [33.521013531496926, 1.734528918412031], [33.51712347949877, 1.723831850473534], [33.53842197267758, 1.720652786383334], [33.51895606454197, 1.690928948089466], [33.53146815577826, 1.691691506135828], [33.52777149427642, 1.675539471810735], [33.588241457821596, 1.680326762372413], [33.56660894265785, 1.642549577339908], [33.63997497675718, 1.637159579271787], [33.6686397305718, 1.619498039181858], [33.66612981357787, 1.664654831806864], [33.69485764186664, 1.700316954325389], [33.683664287162884, 1.727964840892804], [33.64219346281971, 1.728754575612808], [33.63946384516115, 1.749816455281098], [33.613803167381036, 1.758723415949595], [33.619821895755294, 1.781197029684746], [33.57966713900707, 1.773084719537529], [33.575700426660475, 1.791070324012514], [33.55191732039203, 1.772298765244781], [33.57654540558242, 1.742359311059621]]]}}, {"type": "Feature", "properties": {"OBJECTID": 140, "District": "SOROTI CITY", "Shape_Leng": 87772.5389096, "Shape_Area": 195042013.06200004, "Region": "Teso"}, "geometry": {"type": "Polygon", "coordinates": [[[33.57883168310398, 1.774633503238835], [33.619821895755294, 1.781197029684746], [33.613803167381036, 1.758723415949595], [33.63946384516115, 1.749816455281098], [33.64219346281971, 1.728754575612808], [33.68377522315893, 1.727785113713717], [33.69485764186664, 1.700316954325389], [33.66612981357787, 1.664654831806864], [33.66680362844544, 1.618193910400345], [33.63997497675718, 1.637159579271787], [33.56428649351726, 1.644380788577324], [33.588241457821596, 1.680326762372413], [33.52777149427642, 1.675539471810735], [33.53146815577826, 1.691691506135828], [33.51944598784345, 1.688441462157062], [33.53908526075599, 1.710838618143862], [33.521013531496926, 1.734528918412031], [33.57574734699159, 1.741759639732706], [33.55191732039203, 1.772298765244781], [33.57570042666075, 1.791070324917194], [33.57883168310398, 1.774633503238835]]]}}, {"type": "Feature", "properties": {"OBJECTID": 141, "District": "SEMBABULE", "Shape_Leng": 272169.100437, "Shape_Area": 2340534072.55, "Region": "South Central"}, "geometry": {"type": "Polygon", "coordinates": [[[31.16745728753184, 0.233038887813301], [31.1917222928694, 0.198652260217791], [31.260511290382528, 0.162089290016873], [31.297703402006007, 0.201295363933691], [31.40648897794644, 0.198421605793926], [31.419642864647113, 0.163404967419062], [31.487502495380145, 0.138783022779395], [31.600927457187403, 0.050008056677961], [31.542527736283716, 0.00040720107775], [31.53494467689384, -0.027648451517089], [31.55311469192268, -0.126612970847942], [31.54657085781782, -0.172739807670933], [31.595954981916094, -0.284790007319886], [31.589590377384066, -0.325586816377388], [31.547224458180928, -0.319493922724973], [31.54543909360631, -0.335728379034211], [31.525164135875222, -0.340048533727463], [31.52553782893059, -0.31266235668228], [31.424102757024784, -0.316626969430148], [31.384039915268175, -0.345967688258268], [31.29734699967382, -0.310348983203482], [31.293485296197495, -0.267871957968174], [31.332508294531255, -0.177596161194282], [31.324263681460636, -0.109986564254921], [31.206740219341746, -0.06956718897296], [31.206512353255064, -0.049491978793998], [31.163479644330746, -0.030456036100125], [31.091447773414913, -0.043891742907696], [31.07560914861277, -0.023889985518959], [31.02644928149451, -0.036095990199529], [31.029924007047907, -0.009792982995689], [31.05933302154399, 0.018192270667943], [31.04277532530403, 0.085446726600355], [31.05678744109277, 0.116769341606892], [31.047256457993637, 0.146652669822074], [31.01637122787635, 0.168911021404798], [31.013429904078947, 0.198242559344937], [31.16745728753184, 0.233038887813301]]]}}, {"type": "Feature", "properties": {"OBJECTID": 142, "District": "TEREGO", "Shape_Leng": 207130.161688, "Shape_Area": 1102227882.66, "Region": "West Nile"}, "geometry": {"type": "Polygon", "coordinates": [[[31.174340846124977, 3.347397489549655], [31.233652638922543, 3.314007500311067], [31.252506281398773, 3.281731504438278], [31.306293942334943, 3.28395545084273], [31.343145853190475, 3.223864041824245], [31.398536911416848, 3.218610601770119], [31.409016790886085, 3.184314472884367], [31.37365730861849, 3.193449380962819], [31.3623630138545, 3.159082467012347], [31.34969624903545, 3.160440864170791], [31.338419225447566, 3.114767204520297], [31.34894536294103, 3.105171855222507], [31.311784010862922, 3.080600377801111], [31.288863918799592, 3.073725636467886], [31.249909351183685, 3.099007514353483], [31.24647259646904, 3.073385786349272], [31.197393324013106, 3.078786621622115], [31.17189338421036, 3.050641522210144], [31.16604354583561, 3.010588727024827], [31.12596634310151, 3.013802161576551], [31.116136076069115, 3.034545091023367], [31.06799431346859, 3.050205788848928], [31.02024035060508, 3.040787871005578], [30.999341963567336, 3.082255348392815], [30.96072491666599, 3.080371555252281], [30.965295417098122, 3.099845905719276], [30.945916009052027, 3.099120918288371], [30.932359036177626, 3.12291784869825], [30.960698423899768, 3.169419293731388], [30.9988618341034, 3.187789973686042], [30.996334904768798, 3.21520372255112], [31.032671728826955, 3.277037849602979], [31.072714738130664, 3.274951866171869], [31.071704913182334, 3.303095985282927], [31.118834409856326, 3.314756106799774], [31.137299343378277, 3.305010500012315], [31.143754811180433, 3.346241308071824], [31.174340846124977, 3.347397489549655]]]}}, {"type": "Feature", "properties": {"OBJECTID": 143, "District": "TORORO", "Shape_Leng": 184932.314806, "Shape_Area": 1191179064.16, "Region": "Bukedi"}, "geometry": {"type": "Polygon", "coordinates": [[[34.09328519345313, 0.902280811260349], [34.175692343673504, 0.86093539221069], [34.17988728870893, 0.824320781631978], [34.31170134481847, 0.746073965026886], [34.31327922432067, 0.694788629613535], [34.278528907429916, 0.678842752121004], [34.277468601648984, 0.639985954151681], [34.20035826085691, 0.625920605131314], [34.14470091555523, 0.580777917554417], [34.06777179694142, 0.592904444989433], [33.9825331847256, 0.575021723894898], [33.92603300405096, 0.58723830675297], [33.88096509258061, 0.691381915340236], [33.948720561944995, 0.848152940977294], [34.029754818340024, 0.885157616568263], [34.062164317681294, 0.877962195092007], [34.06975933524345, 0.902809286391147], [34.09328519345313, 0.902280811260349]]]}}, {"type": "Feature", "properties": {"OBJECTID": 144, "District": "WAKISO", "Shape_Leng": 347561.988523, "Shape_Area": 2806870866.57, "Region": "South Central"}, "geometry": {"type": "Polygon", "coordinates": [[[32.58831386165754, 0.574384185428978], [32.6816658300175, 0.557272905045393], [32.663240386696415, 0.513370644325339], [32.677407735499386, 0.472452721498241], [32.66162099799848, 0.42946338776046], [32.683365399672816, 0.369859993776344], [32.68705483007773, 0.289783325327148], [32.662842236526274, 0.281305400302517], [32.66541477885236, 0.323899668074007], [32.639296724933594, 0.331554182349217], [32.63425959316584, 0.378275320142266], [32.61928472906578, 0.377339515862072], [32.600000308563686, 0.405647176213247], [32.56495071168994, 0.402546568062839], [32.553544877300205, 0.348551438142833], [32.52902854028383, 0.339491824703256], [32.51035658504213, 0.3072766514301], [32.54174847720347, 0.271292312934896], [32.57650090245433, 0.279318321308486], [32.634287098204396, 0.214265037493442], [32.619610392262885, 0.164693055539962], [32.62010043807501, -0.002106959070152], [32.50087436337169, -0.152631013664764], [32.25014788537103, -0.152868059081701], [32.24894182790433, -0.052695394920251], [32.213828770184655, 0.03062001883948], [32.26122286401174, 0.069641373515907], [32.278756766592764, 0.108468739954098], [32.34086254119288, 0.151415834698844], [32.36130920412677, 0.192986449782333], [32.410667659631635, 0.221248340911845], [32.426939891516646, 0.28583756229109], [32.42185764771642, 0.334562649754107], [32.404003168936185, 0.353303507165349], [32.221492149119186, 0.428128262966531], [32.1926821387541, 0.477061225702479], [32.19847995600056, 0.531803579947606], [32.23187798415863, 0.579359959847689], [32.30607763374632, 0.533981931055371], [32.39260625448836, 0.573310744931544], [32.48476514245625, 0.559538649152199], [32.52467527520204, 0.570072802891425], [32.53695626907528, 0.547655230105523], [32.58029841555964, 0.584244935366743], [32.58831386165754, 0.574384185428978]]]}}, {"type": "Feature", "properties": {"OBJECTID": 145, "District": "YUMBE", "Shape_Leng": 253368.01301, "Shape_Area": 2327836794.0, "Region": "West Nile"}, "geometry": {"type": "Polygon", "coordinates": [[[31.213230407235407, 3.794786623427472], [31.290869053204453, 3.793406534258682], [31.50857196748756, 3.674170427319065], [31.502971887764932, 3.640991847132072], [31.531108865695142, 3.621354021928189], [31.537645262495897, 3.580241889713949], [31.453056146849715, 3.44657183824844], [31.42719191693968, 3.266054605764742], [31.478406103752356, 3.189050698470387], [31.410355447413927, 3.18067950354441], [31.398536911416848, 3.218610601770119], [31.34335983138346, 3.223692555634715], [31.306293942334943, 3.28395545084273], [31.252506281398773, 3.281731504438278], [31.233652638922543, 3.314007500311067], [31.172348038419806, 3.351137797106079], [31.143493696957535, 3.345931391173472], [31.13126075016102, 3.302174112216681], [31.118834409856326, 3.314756106799774], [31.066079561311707, 3.296087226450402], [31.04779393150325, 3.313936921100808], [31.102577085909196, 3.437936789257872], [31.08641076199282, 3.543630504251817], [31.10052682260545, 3.744978408821761], [31.165881962931167, 3.793971685951682], [31.213230407235407, 3.794786623427472]]]}}, {"type": "Feature", "properties": {"OBJECTID": 146, "District": "ZOMBO", "Shape_Leng": 173676.131662, "Shape_Area": 890951631.715, "Region": "West Nile"}, "geometry": {"type": "Polygon", "coordinates": [[[30.958469306459627, 2.711022649097398], [30.98211266069014, 2.66562189777094], [30.98470531742597, 2.595598466161631], [31.020525865601538, 2.575218512582459], [30.9939356788424, 2.552751808382675], [30.99108906162046, 2.520100331299995], [31.021838651976267, 2.522159780074365], [31.039448392972126, 2.500102817412644], [31.07003201668465, 2.499119020156546], [31.075523648661292, 2.494524039388058], [31.05125447025691, 2.47779511551828], [31.015708203713277, 2.385726681167521], [30.99299110158289, 2.402859849106936], [30.95551481182498, 2.397842022541502], [30.942462402378244, 2.340804153405883], [30.911261919561973, 2.328596826349452], [30.881904645194318, 2.338665578037184], [30.834523128569693, 2.424074989509561], [30.778624625371684, 2.435788553215592], [30.75233809674347, 2.416793697037851], [30.740765932030104, 2.451287735981868], [30.76250972095005, 2.507159765171621], [30.750784347803098, 2.583354066019183], [30.779203193711222, 2.601014466753338], [30.800223933848844, 2.651980079133125], [30.857817844403186, 2.675030798546329], [30.911400821923515, 2.669871813584131], [30.91912914984176, 2.697651292879066], [30.937916819710555, 2.704841618011767], [30.94616576142811, 2.692508127294236], [30.958469306459627, 2.711022649097398]]]}}]}